kind,semantic_id,path,bytes,mtime_ns,dataset,condition,d,J
cifar,cifar100_proser_fedavg__split00__seed0__d0.1,results/confirmatory_400r/runs/cifar100_proser_fedavg__split00__seed0__d0.1_common.npz,2064915,1784985507546887450,cifar100,d0.1,0.1,5
cifar,cifar100_proser_fedavg__split00__seed0__d0.5,results/confirmatory_400r/runs/cifar100_proser_fedavg__split00__seed0__d0.5_common.npz,2073289,1784990327128327629,cifar100,d0.5,0.5,5
cifar,cifar100_proser_fedavg__split00__seed0__d5.0,results/confirmatory_400r/runs/cifar100_proser_fedavg__split00__seed0__d5.0_common.npz,2073764,1784990500413108360,cifar100,d5,5.0,5
cifar,cifar100_proser_fedavg__split00__seed1__d0.1,results/confirmatory_400r/runs/cifar100_proser_fedavg__split00__seed1__d0.1_common.npz,2057421,1784993436467715486,cifar100,d0.1,0.1,5
cifar,cifar100_proser_fedavg__split00__seed1__d0.5,results/confirmatory_400r/runs/cifar100_proser_fedavg__split00__seed1__d0.5_common.npz,2072400,1784996755384398650,cifar100,d0.5,0.5,5
cifar,cifar100_proser_fedavg__split00__seed1__d5.0,results/confirmatory_400r/runs/cifar100_proser_fedavg__split00__seed1__d5.0_common.npz,2073318,1785001685876763010,cifar100,d5,5.0,5
cifar,cifar100_proser_fedavg__split00__seed2__d0.1,results/confirmatory_400r/runs/cifar100_proser_fedavg__split00__seed2__d0.1_common.npz,2061341,1785001560154957971,cifar100,d0.1,0.1,5
cifar,cifar100_proser_fedavg__split00__seed2__d0.5,results/confirmatory_400r/runs/cifar100_proser_fedavg__split00__seed2__d0.5_common.npz,2072700,1785004575034564398,cifar100,d0.5,0.5,5
cifar,cifar100_proser_fedavg__split00__seed2__d5.0,results/confirmatory_400r/runs/cifar100_proser_fedavg__split00__seed2__d5.0_common.npz,2074819,1785008000104972617,cifar100,d5,5.0,5
cifar,cifar100_proser_fedavg__split00__seed3__d0.1,results/confirmatory_400r/runs/cifar100_proser_fedavg__split00__seed3__d0.1_common.npz,2061613,1785012614167431651,cifar100,d0.1,0.1,5
cifar,cifar100_proser_fedavg__split00__seed3__d0.5,results/confirmatory_400r/runs/cifar100_proser_fedavg__split00__seed3__d0.5_common.npz,2068501,1785013027365785664,cifar100,d0.5,0.5,5
cifar,cifar100_proser_fedavg__split00__seed3__d5.0,results/confirmatory_400r/runs/cifar100_proser_fedavg__split00__seed3__d5.0_common.npz,2071527,1785015721936635320,cifar100,d5,5.0,5
cifar,cifar100_proser_fedavg__split00__seed4__d0.1,results/confirmatory_400r/runs/cifar100_proser_fedavg__split00__seed4__d0.1_common.npz,2060700,1785019246701201962,cifar100,d0.1,0.1,5
cifar,cifar100_proser_fedavg__split00__seed4__d0.5,results/confirmatory_400r/runs/cifar100_proser_fedavg__split00__seed4__d0.5_common.npz,2072965,1785060666709755545,cifar100,d0.5,0.5,5
cifar,cifar100_proser_fedavg__split00__seed4__d5.0,results/confirmatory_400r/runs/cifar100_proser_fedavg__split00__seed4__d5.0_common.npz,2075674,1785061083917975504,cifar100,d5,5.0,5
cifar,cifar100_proser_fedavg__split01__seed0__d0.1,results/confirmatory_400r/runs/cifar100_proser_fedavg__split01__seed0__d0.1_common.npz,2065030,1785063855847313071,cifar100,d0.1,0.1,5
cifar,cifar100_proser_fedavg__split01__seed0__d0.5,results/confirmatory_400r/runs/cifar100_proser_fedavg__split01__seed0__d0.5_common.npz,2074895,1785067215535213572,cifar100,d0.5,0.5,5
cifar,cifar100_proser_fedavg__split01__seed0__d5.0,results/confirmatory_400r/runs/cifar100_proser_fedavg__split01__seed0__d5.0_common.npz,2074002,1785071877081165320,cifar100,d5,5.0,5
cifar,cifar100_proser_fedavg__split01__seed1__d0.1,results/confirmatory_400r/runs/cifar100_proser_fedavg__split01__seed1__d0.1_common.npz,2057910,1785072178825490662,cifar100,d0.1,0.1,5
cifar,cifar100_proser_fedavg__split01__seed1__d0.5,results/confirmatory_400r/runs/cifar100_proser_fedavg__split01__seed1__d0.5_common.npz,2073374,1785075138958832103,cifar100,d0.5,0.5,5
cifar,cifar100_proser_fedavg__split01__seed1__d5.0,results/confirmatory_400r/runs/cifar100_proser_fedavg__split01__seed1__d5.0_common.npz,2070988,1785078238251093856,cifar100,d5,5.0,5
cifar,cifar100_proser_fedavg__split01__seed2__d0.1,results/confirmatory_400r/runs/cifar100_proser_fedavg__split01__seed2__d0.1_common.npz,2062492,1785083093715329862,cifar100,d0.1,0.1,5
cifar,cifar100_proser_fedavg__split01__seed2__d0.5,results/confirmatory_400r/runs/cifar100_proser_fedavg__split01__seed2__d0.5_common.npz,2073413,1785083279128526126,cifar100,d0.5,0.5,5
cifar,cifar100_proser_fedavg__split01__seed2__d5.0,results/confirmatory_400r/runs/cifar100_proser_fedavg__split01__seed2__d5.0_common.npz,2075626,1785086431558879477,cifar100,d5,5.0,5
cifar,cifar100_proser_fedavg__split01__seed3__d0.1,results/confirmatory_400r/runs/cifar100_proser_fedavg__split01__seed3__d0.1_common.npz,2062841,1785089254700437885,cifar100,d0.1,0.1,5
cifar,cifar100_proser_fedavg__split01__seed3__d0.5,results/confirmatory_400r/runs/cifar100_proser_fedavg__split01__seed3__d0.5_common.npz,2069286,1785094298849454309,cifar100,d0.5,0.5,5
cifar,cifar100_proser_fedavg__split01__seed3__d5.0,results/confirmatory_400r/runs/cifar100_proser_fedavg__split01__seed3__d5.0_common.npz,2073721,1785094388477616231,cifar100,d5,5.0,5
cifar,cifar100_proser_fedavg__split01__seed4__d0.1,results/confirmatory_400r/runs/cifar100_proser_fedavg__split01__seed4__d0.1_common.npz,2058342,1785097714023623040,cifar100,d0.1,0.1,5
cifar,cifar100_proser_fedavg__split01__seed4__d0.5,results/confirmatory_400r/runs/cifar100_proser_fedavg__split01__seed4__d0.5_common.npz,2072631,1785100260473991693,cifar100,d0.5,0.5,5
cifar,cifar100_proser_fedavg__split01__seed4__d5.0,results/confirmatory_400r/runs/cifar100_proser_fedavg__split01__seed4__d5.0_common.npz,2075155,1785105526529688615,cifar100,d5,5.0,5
cifar,cifar100_proser_fedavg__split02__seed0__d0.1,results/confirmatory_400r/runs/cifar100_proser_fedavg__split02__seed0__d0.1_common.npz,2063275,1785105484329604178,cifar100,d0.1,0.1,5
cifar,cifar100_proser_fedavg__split02__seed0__d0.5,results/confirmatory_400r/runs/cifar100_proser_fedavg__split02__seed0__d0.5_common.npz,2073616,1785109017579000674,cifar100,d0.5,0.5,5
cifar,cifar100_proser_fedavg__split02__seed0__d5.0,results/confirmatory_400r/runs/cifar100_proser_fedavg__split02__seed0__d5.0_common.npz,2072290,1785111284091348120,cifar100,d5,5.0,5
cifar,cifar100_proser_fedavg__split02__seed1__d0.1,results/confirmatory_400r/runs/cifar100_proser_fedavg__split02__seed1__d0.1_common.npz,2059117,1785116596732364416,cifar100,d0.1,0.1,5
cifar,cifar100_proser_fedavg__split02__seed1__d0.5,results/confirmatory_400r/runs/cifar100_proser_fedavg__split02__seed1__d0.5_common.npz,2074738,1785116746932631816,cifar100,d0.5,0.5,5
cifar,cifar100_proser_fedavg__split02__seed1__d5.0,results/confirmatory_400r/runs/cifar100_proser_fedavg__split02__seed1__d5.0_common.npz,2071288,1785120342374024996,cifar100,d5,5.0,5
cifar,cifar100_proser_fedavg__split02__seed2__d0.1,results/confirmatory_400r/runs/cifar100_proser_fedavg__split02__seed2__d0.1_common.npz,2063710,1785122317537050177,cifar100,d0.1,0.1,5
cifar,cifar100_proser_fedavg__split02__seed2__d0.5,results/confirmatory_400r/runs/cifar100_proser_fedavg__split02__seed2__d0.5_common.npz,2072499,1785127706306668123,cifar100,d0.5,0.5,5
cifar,cifar100_proser_fedavg__split02__seed2__d5.0,results/confirmatory_400r/runs/cifar100_proser_fedavg__split02__seed2__d5.0_common.npz,2074075,1785127969266818719,cifar100,d5,5.0,5
cifar,cifar100_proser_fedavg__split02__seed3__d0.1,results/confirmatory_400r/runs/cifar100_proser_fedavg__split02__seed3__d0.1_common.npz,2063420,1785141719707003021,cifar100,d0.1,0.1,5
cifar,cifar100_proser_fedavg__split02__seed3__d0.5,results/confirmatory_400r/runs/cifar100_proser_fedavg__split02__seed3__d0.5_common.npz,2069975,1785143565255362952,cifar100,d0.5,0.5,5
cifar,cifar100_proser_fedavg__split02__seed3__d5.0,results/confirmatory_400r/runs/cifar100_proser_fedavg__split02__seed3__d5.0_common.npz,2072522,1785149142682332814,cifar100,d5,5.0,5
cifar,cifar100_proser_fedavg__split02__seed4__d0.1,results/confirmatory_400r/runs/cifar100_proser_fedavg__split02__seed4__d0.1_common.npz,2059889,1785149181878252887,cifar100,d0.1,0.1,5
cifar,cifar100_proser_fedavg__split02__seed4__d0.5,results/confirmatory_400r/runs/cifar100_proser_fedavg__split02__seed4__d0.5_common.npz,2072396,1785152830934856611,cifar100,d0.5,0.5,5
cifar,cifar100_proser_fedavg__split02__seed4__d5.0,results/confirmatory_400r/runs/cifar100_proser_fedavg__split02__seed4__d5.0_common.npz,2075384,1785154905506283964,cifar100,d5,5.0,5
cifar,cifar100_proser_fedavg__split03__seed0__d0.1,results/confirmatory_400r/runs/cifar100_proser_fedavg__split03__seed0__d0.1_common.npz,2065354,1785160372647012862,cifar100,d0.1,0.1,5
cifar,cifar100_proser_fedavg__split03__seed0__d0.5,results/confirmatory_400r/runs/cifar100_proser_fedavg__split03__seed0__d0.5_common.npz,2074106,1785160224943618488,cifar100,d0.5,0.5,5
cifar,cifar100_proser_fedavg__split03__seed0__d5.0,results/confirmatory_400r/runs/cifar100_proser_fedavg__split03__seed0__d5.0_common.npz,2074085,1785163967383701401,cifar100,d5,5.0,5
cifar,cifar100_proser_fedavg__split03__seed1__d0.1,results/confirmatory_400r/runs/cifar100_proser_fedavg__split03__seed1__d0.1_common.npz,2058451,1785166241317795595,cifar100,d0.1,0.1,5
cifar,cifar100_proser_fedavg__split03__seed1__d0.5,results/confirmatory_400r/runs/cifar100_proser_fedavg__split03__seed1__d0.5_common.npz,2072418,1785171257774895196,cifar100,d0.5,0.5,5
cifar,cifar100_proser_fedavg__split03__seed1__d5.0,results/confirmatory_400r/runs/cifar100_proser_fedavg__split03__seed1__d5.0_common.npz,2071174,1785171620982245289,cifar100,d5,5.0,5
cifar,cifar100_proser_fedavg__split03__seed2__d0.1,results/confirmatory_400r/runs/cifar100_proser_fedavg__split03__seed2__d0.1_common.npz,2060544,1785175085933796779,cifar100,d0.1,0.1,5
cifar,cifar100_proser_fedavg__split03__seed2__d0.5,results/confirmatory_400r/runs/cifar100_proser_fedavg__split03__seed2__d0.5_common.npz,2072798,1785177579660525345,cifar100,d0.5,0.5,5
cifar,cifar100_proser_fedavg__split03__seed2__d5.0,results/confirmatory_400r/runs/cifar100_proser_fedavg__split03__seed2__d5.0_common.npz,2074773,1785182286274922803,cifar100,d5,5.0,5
cifar,cifar100_proser_fedavg__split03__seed3__d0.1,results/confirmatory_400r/runs/cifar100_proser_fedavg__split03__seed3__d0.1_common.npz,2062664,1785182855441413411,cifar100,d0.1,0.1,5
cifar,cifar100_proser_fedavg__split03__seed3__d0.5,results/confirmatory_400r/runs/cifar100_proser_fedavg__split03__seed3__d0.5_common.npz,2068829,1785186218212016286,cifar100,d0.5,0.5,5
cifar,cifar100_proser_fedavg__split03__seed3__d5.0,results/confirmatory_400r/runs/cifar100_proser_fedavg__split03__seed3__d5.0_common.npz,2073346,1785188923448325220,cifar100,d5,5.0,5
cifar,cifar100_proser_fedavg__split03__seed4__d0.1,results/confirmatory_400r/runs/cifar100_proser_fedavg__split03__seed4__d0.1_common.npz,2059791,1785193324639557939,cifar100,d0.1,0.1,5
cifar,cifar100_proser_fedavg__split03__seed4__d0.5,results/confirmatory_400r/runs/cifar100_proser_fedavg__split03__seed4__d0.5_common.npz,2072983,1785194080973654576,cifar100,d0.5,0.5,5
cifar,cifar100_proser_fedavg__split03__seed4__d5.0,results/confirmatory_400r/runs/cifar100_proser_fedavg__split03__seed4__d5.0_common.npz,2075646,1785197358317619671,cifar100,d5,5.0,5
cifar,cifar100_proser_fedavg__split04__seed0__d0.1,results/confirmatory_400r/runs/cifar100_proser_fedavg__split04__seed0__d0.1_common.npz,2064989,1785200258803806126,cifar100,d0.1,0.1,5
cifar,cifar100_proser_fedavg__split04__seed0__d0.5,results/confirmatory_400r/runs/cifar100_proser_fedavg__split04__seed0__d0.5_common.npz,2073413,1785204368851847206,cifar100,d0.5,0.5,5
cifar,cifar100_proser_fedavg__split04__seed0__d5.0,results/confirmatory_400r/runs/cifar100_proser_fedavg__split04__seed0__d5.0_common.npz,2072325,1785205319066547005,cifar100,d5,5.0,5
cifar,cifar100_proser_fedavg__split04__seed1__d0.1,results/confirmatory_400r/runs/cifar100_proser_fedavg__split04__seed1__d0.1_common.npz,2056934,1785208487230770091,cifar100,d0.1,0.1,5
cifar,cifar100_proser_fedavg__split04__seed1__d0.5,results/confirmatory_400r/runs/cifar100_proser_fedavg__split04__seed1__d0.5_common.npz,2072086,1785211589096278256,cifar100,d0.5,0.5,5
cifar,cifar100_proser_fedavg__split04__seed1__d5.0,results/confirmatory_400r/runs/cifar100_proser_fedavg__split04__seed1__d5.0_common.npz,2069662,1785215425505484918,cifar100,d5,5.0,5
cifar,cifar100_proser_fedavg__split04__seed2__d0.1,results/confirmatory_400r/runs/cifar100_proser_fedavg__split04__seed2__d0.1_common.npz,2064201,1785216560823536584,cifar100,d0.1,0.1,5
cifar,cifar100_proser_fedavg__split04__seed2__d0.5,results/confirmatory_400r/runs/cifar100_proser_fedavg__split04__seed2__d0.5_common.npz,2074200,1785219615153923132,cifar100,d0.5,0.5,5
cifar,cifar100_proser_fedavg__split04__seed2__d5.0,results/confirmatory_400r/runs/cifar100_proser_fedavg__split04__seed2__d5.0_common.npz,2075023,1785222933604909529,cifar100,d5,5.0,5
cifar,cifar100_proser_fedavg__split04__seed3__d0.1,results/confirmatory_400r/runs/cifar100_proser_fedavg__split04__seed3__d0.1_common.npz,2064017,1785226485390822038,cifar100,d0.1,0.1,5
cifar,cifar100_proser_fedavg__split04__seed3__d0.5,results/confirmatory_400r/runs/cifar100_proser_fedavg__split04__seed3__d0.5_common.npz,2068728,1785227804893086343,cifar100,d0.5,0.5,5
cifar,cifar100_proser_fedavg__split04__seed3__d5.0,results/confirmatory_400r/runs/cifar100_proser_fedavg__split04__seed3__d5.0_common.npz,2071672,1785230771022280608,cifar100,d5,5.0,5
cifar,cifar100_proser_fedavg__split04__seed4__d0.1,results/confirmatory_400r/runs/cifar100_proser_fedavg__split04__seed4__d0.1_common.npz,2060175,1785234268349703719,cifar100,d0.1,0.1,5
cifar,cifar100_proser_fedavg__split04__seed4__d0.5,results/confirmatory_400r/runs/cifar100_proser_fedavg__split04__seed4__d0.5_common.npz,2072939,1785237519235405396,cifar100,d0.5,0.5,5
cifar,cifar100_proser_fedavg__split04__seed4__d5.0,results/confirmatory_400r/runs/cifar100_proser_fedavg__split04__seed4__d5.0_common.npz,2074463,1785239068896752851,cifar100,d5,5.0,5
cifar,cifar100_proser_fedavg__split05__seed0__d0.1,results/confirmatory_400r/runs/cifar100_proser_fedavg__split05__seed0__d0.1_common.npz,2065246,1785241911222386898,cifar100,d0.1,0.1,5
cifar,cifar100_proser_fedavg__split05__seed0__d0.5,results/confirmatory_400r/runs/cifar100_proser_fedavg__split05__seed0__d0.5_common.npz,2073115,1785245621620138084,cifar100,d0.5,0.5,5
cifar,cifar100_proser_fedavg__split05__seed0__d5.0,results/confirmatory_400r/runs/cifar100_proser_fedavg__split05__seed0__d5.0_common.npz,2073631,1785248589362386833,cifar100,d5,5.0,5
cifar,cifar100_proser_fedavg__split05__seed1__d0.1,results/confirmatory_400r/runs/cifar100_proser_fedavg__split05__seed1__d0.1_common.npz,2056554,1785250323320724038,cifar100,d0.1,0.1,5
cifar,cifar100_proser_fedavg__split05__seed1__d0.5,results/confirmatory_400r/runs/cifar100_proser_fedavg__split05__seed1__d0.5_common.npz,2072590,1785253050361248487,cifar100,d0.5,0.5,5
cifar,cifar100_proser_fedavg__split05__seed1__d5.0,results/confirmatory_400r/runs/cifar100_proser_fedavg__split05__seed1__d5.0_common.npz,2071687,1785256982264201766,cifar100,d5,5.0,5
cifar,cifar100_proser_fedavg__split05__seed2__d0.1,results/confirmatory_400r/runs/cifar100_proser_fedavg__split05__seed2__d0.1_common.npz,2062145,1785259642699027114,cifar100,d0.1,0.1,5
cifar,cifar100_proser_fedavg__split05__seed2__d0.5,results/confirmatory_400r/runs/cifar100_proser_fedavg__split05__seed2__d0.5_common.npz,2074822,1785261570342967591,cifar100,d0.5,0.5,5
cifar,cifar100_proser_fedavg__split05__seed2__d5.0,results/confirmatory_400r/runs/cifar100_proser_fedavg__split05__seed2__d5.0_common.npz,2075910,1785264178194154138,cifar100,d5,5.0,5
cifar,cifar100_proser_fedavg__split05__seed3__d0.1,results/confirmatory_400r/runs/cifar100_proser_fedavg__split05__seed3__d0.1_common.npz,2063288,1785268331015723705,cifar100,d0.1,0.1,5
cifar,cifar100_proser_fedavg__split05__seed3__d0.5,results/confirmatory_400r/runs/cifar100_proser_fedavg__split05__seed3__d0.5_common.npz,2069048,1785270688717690628,cifar100,d0.5,0.5,5
cifar,cifar100_proser_fedavg__split05__seed3__d5.0,results/confirmatory_400r/runs/cifar100_proser_fedavg__split05__seed3__d5.0_common.npz,2071521,1785272807333217440,cifar100,d5,5.0,5
cifar,cifar100_proser_fedavg__split05__seed4__d0.1,results/confirmatory_400r/runs/cifar100_proser_fedavg__split05__seed4__d0.1_common.npz,2059627,1785275304336278726,cifar100,d0.1,0.1,5
cifar,cifar100_proser_fedavg__split05__seed4__d0.5,results/confirmatory_400r/runs/cifar100_proser_fedavg__split05__seed4__d0.5_common.npz,2072203,1785279657080296790,cifar100,d0.5,0.5,5
cifar,cifar100_proser_fedavg__split05__seed4__d5.0,results/confirmatory_400r/runs/cifar100_proser_fedavg__split05__seed4__d5.0_common.npz,2074948,1785281748733791125,cifar100,d5,5.0,5
cifar,cifar100_proser_fedavg__split06__seed0__d0.1,results/confirmatory_400r/runs/cifar100_proser_fedavg__split06__seed0__d0.1_common.npz,2064942,1785284040317049960,cifar100,d0.1,0.1,5
cifar,cifar100_proser_fedavg__split06__seed0__d0.5,results/confirmatory_400r/runs/cifar100_proser_fedavg__split06__seed0__d0.5_common.npz,2075132,1785286434067380350,cifar100,d0.5,0.5,5
cifar,cifar100_proser_fedavg__split06__seed0__d5.0,results/confirmatory_400r/runs/cifar100_proser_fedavg__split06__seed0__d5.0_common.npz,2073204,1785291007798049901,cifar100,d5,5.0,5
cifar,cifar100_proser_fedavg__split06__seed1__d0.1,results/confirmatory_400r/runs/cifar100_proser_fedavg__split06__seed1__d0.1_common.npz,2057826,1785292797310527483,cifar100,d0.1,0.1,5
cifar,cifar100_proser_fedavg__split06__seed1__d0.5,results/confirmatory_400r/runs/cifar100_proser_fedavg__split06__seed1__d0.5_common.npz,2072518,1785295277900302875,cifar100,d0.5,0.5,5
cifar,cifar100_proser_fedavg__split06__seed1__d5.0,results/confirmatory_400r/runs/cifar100_proser_fedavg__split06__seed1__d5.0_common.npz,2072043,1785297575819080558,cifar100,d5,5.0,5
cifar,cifar100_proser_fedavg__split06__seed2__d0.1,results/confirmatory_400r/runs/cifar100_proser_fedavg__split06__seed2__d0.1_common.npz,2061266,1785302351227709233,cifar100,d0.1,0.1,5
cifar,cifar100_proser_fedavg__split06__seed2__d0.5,results/confirmatory_400r/runs/cifar100_proser_fedavg__split06__seed2__d0.5_common.npz,2073414,1785303841306473049,cifar100,d0.5,0.5,5
cifar,cifar100_proser_fedavg__split06__seed2__d5.0,results/confirmatory_400r/runs/cifar100_proser_fedavg__split06__seed2__d5.0_common.npz,2073737,1785306516200095835,cifar100,d5,5.0,5
cifar,cifar100_proser_fedavg__split06__seed3__d0.1,results/confirmatory_400r/runs/cifar100_proser_fedavg__split06__seed3__d0.1_common.npz,2063737,1785308709260627302,cifar100,d0.1,0.1,5
cifar,cifar100_proser_fedavg__split06__seed3__d0.5,results/confirmatory_400r/runs/cifar100_proser_fedavg__split06__seed3__d0.5_common.npz,2069914,1785313687844026953,cifar100,d0.5,0.5,5
cifar,cifar100_proser_fedavg__split06__seed3__d5.0,results/confirmatory_400r/runs/cifar100_proser_fedavg__split06__seed3__d5.0_common.npz,2072130,1785314904261119900,cifar100,d5,5.0,5
cifar,cifar100_proser_fedavg__split06__seed4__d0.1,results/confirmatory_400r/runs/cifar100_proser_fedavg__split06__seed4__d0.1_common.npz,2059651,1785317752385788221,cifar100,d0.1,0.1,5
cifar,cifar100_proser_fedavg__split06__seed4__d0.5,results/confirmatory_400r/runs/cifar100_proser_fedavg__split06__seed4__d0.5_common.npz,2073349,1785319831162719222,cifar100,d0.5,0.5,5
cifar,cifar100_proser_fedavg__split06__seed4__d5.0,results/confirmatory_400r/runs/cifar100_proser_fedavg__split06__seed4__d5.0_common.npz,2074898,1785325039355260281,cifar100,d5,5.0,5
cifar,cifar100_proser_fedavg__split07__seed0__d0.1,results/confirmatory_400r/runs/cifar100_proser_fedavg__split07__seed0__d0.1_common.npz,2062124,1785325952233394777,cifar100,d0.1,0.1,5
cifar,cifar100_proser_fedavg__split07__seed0__d0.5,results/confirmatory_400r/runs/cifar100_proser_fedavg__split07__seed0__d0.5_common.npz,2074752,1785329002477539977,cifar100,d0.5,0.5,5
cifar,cifar100_proser_fedavg__split07__seed0__d5.0,results/confirmatory_400r/runs/cifar100_proser_fedavg__split07__seed0__d5.0_common.npz,2072788,1785330972723762167,cifar100,d5,5.0,5
cifar,cifar100_proser_fedavg__split07__seed1__d0.1,results/confirmatory_400r/runs/cifar100_proser_fedavg__split07__seed1__d0.1_common.npz,2058497,1785336367042830691,cifar100,d0.1,0.1,5
cifar,cifar100_proser_fedavg__split07__seed1__d0.5,results/confirmatory_400r/runs/cifar100_proser_fedavg__split07__seed1__d0.5_common.npz,2072047,1785336991192748658,cifar100,d0.5,0.5,5
cifar,cifar100_proser_fedavg__split07__seed1__d5.0,results/confirmatory_400r/runs/cifar100_proser_fedavg__split07__seed1__d5.0_common.npz,2071494,1785340262247125109,cifar100,d5,5.0,5
cifar,cifar100_proser_fedavg__split07__seed2__d0.1,results/confirmatory_400r/runs/cifar100_proser_fedavg__split07__seed2__d0.1_common.npz,2062579,1785342101502622241,cifar100,d0.1,0.1,5
cifar,cifar100_proser_fedavg__split07__seed2__d0.5,results/confirmatory_400r/runs/cifar100_proser_fedavg__split07__seed2__d0.5_common.npz,2072162,1785347715830799709,cifar100,d0.5,0.5,5
cifar,cifar100_proser_fedavg__split07__seed2__d5.0,results/confirmatory_400r/runs/cifar100_proser_fedavg__split07__seed2__d5.0_common.npz,2074578,1785348038677631272,cifar100,d5,5.0,5
cifar,cifar100_proser_fedavg__split07__seed3__d0.1,results/confirmatory_400r/runs/cifar100_proser_fedavg__split07__seed3__d0.1_common.npz,2063771,1785351509575379759,cifar100,d0.1,0.1,5
cifar,cifar100_proser_fedavg__split07__seed3__d0.5,results/confirmatory_400r/runs/cifar100_proser_fedavg__split07__seed3__d0.5_common.npz,2069874,1785353237402301631,cifar100,d0.5,0.5,5
cifar,cifar100_proser_fedavg__split07__seed3__d5.0,results/confirmatory_400r/runs/cifar100_proser_fedavg__split07__seed3__d5.0_common.npz,2072841,1785359079429698207,cifar100,d5,5.0,5
cifar,cifar100_proser_fedavg__split07__seed4__d0.1,results/confirmatory_400r/runs/cifar100_proser_fedavg__split07__seed4__d0.1_common.npz,2060149,1785359086529740701,cifar100,d0.1,0.1,5
cifar,cifar100_proser_fedavg__split07__seed4__d0.5,results/confirmatory_400r/runs/cifar100_proser_fedavg__split07__seed4__d0.5_common.npz,2072764,1785362749799440275,cifar100,d0.5,0.5,5
cifar,cifar100_proser_fedavg__split07__seed4__d5.0,results/confirmatory_400r/runs/cifar100_proser_fedavg__split07__seed4__d5.0_common.npz,2075209,1785364377187410803,cifar100,d5,5.0,5
cifar,cifar100_proser_fedavg__split08__seed0__d0.1,results/confirmatory_400r/runs/cifar100_proser_fedavg__split08__seed0__d0.1_common.npz,2062852,1785370415286263942,cifar100,d0.1,0.1,5
cifar,cifar100_proser_fedavg__split08__seed0__d0.5,results/confirmatory_400r/runs/cifar100_proser_fedavg__split08__seed0__d0.5_common.npz,2072322,1785370135199092797,cifar100,d0.5,0.5,5
cifar,cifar100_proser_fedavg__split08__seed0__d5.0,results/confirmatory_400r/runs/cifar100_proser_fedavg__split08__seed0__d5.0_common.npz,2073055,1785374001449407069,cifar100,d5,5.0,5
cifar,cifar100_proser_fedavg__split08__seed1__d0.1,results/confirmatory_400r/runs/cifar100_proser_fedavg__split08__seed1__d0.1_common.npz,2059417,1785375517880063458,cifar100,d0.1,0.1,5
cifar,cifar100_proser_fedavg__split08__seed1__d0.5,results/confirmatory_400r/runs/cifar100_proser_fedavg__split08__seed1__d0.5_common.npz,2072535,1785381180649875246,cifar100,d0.5,0.5,5
cifar,cifar100_proser_fedavg__split08__seed1__d5.0,results/confirmatory_400r/runs/cifar100_proser_fedavg__split08__seed1__d5.0_common.npz,2072071,1785381751376797338,cifar100,d5,5.0,5
cifar,cifar100_proser_fedavg__split08__seed2__d0.1,results/confirmatory_400r/runs/cifar100_proser_fedavg__split08__seed2__d0.1_common.npz,2060807,1785385248889869840,cifar100,d0.1,0.1,5
cifar,cifar100_proser_fedavg__split08__seed2__d0.5,results/confirmatory_400r/runs/cifar100_proser_fedavg__split08__seed2__d0.5_common.npz,2074374,1785386658106820919,cifar100,d0.5,0.5,5
cifar,cifar100_proser_fedavg__split08__seed2__d5.0,results/confirmatory_400r/runs/cifar100_proser_fedavg__split08__seed2__d5.0_common.npz,2076571,1785392230415966600,cifar100,d5,5.0,5
cifar,cifar100_proser_fedavg__split08__seed3__d0.1,results/confirmatory_400r/runs/cifar100_proser_fedavg__split08__seed3__d0.1_common.npz,2063144,1785393099123134016,cifar100,d0.1,0.1,5
cifar,cifar100_proser_fedavg__split08__seed3__d0.5,results/confirmatory_400r/runs/cifar100_proser_fedavg__split08__seed3__d0.5_common.npz,2069972,1785396496680144531,cifar100,d0.5,0.5,5
cifar,cifar100_proser_fedavg__split08__seed3__d5.0,results/confirmatory_400r/runs/cifar100_proser_fedavg__split08__seed3__d5.0_common.npz,2073113,1785397809827389845,cifar100,d5,5.0,5
cifar,cifar100_proser_fedavg__split08__seed4__d0.1,results/confirmatory_400r/runs/cifar100_proser_fedavg__split08__seed4__d0.1_common.npz,2062086,1785403278010097314,cifar100,d0.1,0.1,5
cifar,cifar100_proser_fedavg__split08__seed4__d0.5,results/confirmatory_400r/runs/cifar100_proser_fedavg__split08__seed4__d0.5_common.npz,2072800,1785404441902448177,cifar100,d0.5,0.5,5
cifar,cifar100_proser_fedavg__split08__seed4__d5.0,results/confirmatory_400r/runs/cifar100_proser_fedavg__split08__seed4__d5.0_common.npz,2075682,1785407751083933245,cifar100,d5,5.0,5
cifar,cifar100_proser_fedavg__split09__seed0__d0.1,results/confirmatory_400r/runs/cifar100_proser_fedavg__split09__seed0__d0.1_common.npz,2062886,1785408945464581144,cifar100,d0.1,0.1,5
cifar,cifar100_proser_fedavg__split09__seed0__d0.5,results/confirmatory_400r/runs/cifar100_proser_fedavg__split09__seed0__d0.5_common.npz,2071574,1785414327245628635,cifar100,d0.5,0.5,5
cifar,cifar100_proser_fedavg__split09__seed0__d5.0,results/confirmatory_400r/runs/cifar100_proser_fedavg__split09__seed0__d5.0_common.npz,2072267,1785415791113977317,cifar100,d5,5.0,5
cifar,cifar100_proser_fedavg__split09__seed1__d0.1,results/confirmatory_400r/runs/cifar100_proser_fedavg__split09__seed1__d0.1_common.npz,2057514,1785418993433438689,cifar100,d0.1,0.1,5
cifar,cifar100_proser_fedavg__split09__seed1__d0.5,results/confirmatory_400r/runs/cifar100_proser_fedavg__split09__seed1__d0.5_common.npz,2074035,1785420075683198879,cifar100,d0.5,0.5,5
cifar,cifar100_proser_fedavg__split09__seed1__d5.0,results/confirmatory_400r/runs/cifar100_proser_fedavg__split09__seed1__d5.0_common.npz,2072419,1785425385853238129,cifar100,d5,5.0,5
cifar,cifar100_proser_fedavg__split09__seed2__d0.1,results/confirmatory_400r/runs/cifar100_proser_fedavg__split09__seed2__d0.1_common.npz,2062961,1785427137730463284,cifar100,d0.1,0.1,5
cifar,cifar100_proser_fedavg__split09__seed2__d0.5,results/confirmatory_400r/runs/cifar100_proser_fedavg__split09__seed2__d0.5_common.npz,2073181,1785430242928129794,cifar100,d0.5,0.5,5
cifar,cifar100_proser_fedavg__split09__seed2__d5.0,results/confirmatory_400r/runs/cifar100_proser_fedavg__split09__seed2__d5.0_common.npz,2075922,1785431209355010032,cifar100,d5,5.0,5
cifar,cifar100_proser_fedavg__split09__seed3__d0.1,results/confirmatory_400r/runs/cifar100_proser_fedavg__split09__seed3__d0.1_common.npz,2062696,1785436433857181393,cifar100,d0.1,0.1,5
cifar,cifar100_proser_fedavg__split09__seed3__d0.5,results/confirmatory_400r/runs/cifar100_proser_fedavg__split09__seed3__d0.5_common.npz,2070392,1785438481031095053,cifar100,d0.5,0.5,5
cifar,cifar100_proser_fedavg__split09__seed3__d5.0,results/confirmatory_400r/runs/cifar100_proser_fedavg__split09__seed3__d5.0_common.npz,2072477,1785441501532632983,cifar100,d5,5.0,5
cifar,cifar100_proser_fedavg__split09__seed4__d0.1,results/confirmatory_400r/runs/cifar100_proser_fedavg__split09__seed4__d0.1_common.npz,2059168,1785442347330411958,cifar100,d0.1,0.1,5
cifar,cifar100_proser_fedavg__split09__seed4__d0.5,results/confirmatory_400r/runs/cifar100_proser_fedavg__split09__seed4__d0.5_common.npz,2071620,1785447500936546026,cifar100,d0.5,0.5,5
cifar,cifar100_proser_fedavg__split09__seed4__d5.0,results/confirmatory_400r/runs/cifar100_proser_fedavg__split09__seed4__d5.0_common.npz,2074360,1785449868856010888,cifar100,d5,5.0,5
cifar,cifar10_proser_fedavg__split00__seed0__d0.1,results/confirmatory_400r/runs/cifar10_proser_fedavg__split00__seed0__d0.1_common.npz,334172,1784568761336177151,cifar10,d0.1,0.1,5
cifar,cifar10_proser_fedavg__split00__seed0__d0.5,results/confirmatory_400r/runs/cifar10_proser_fedavg__split00__seed0__d0.5_common.npz,336756,1784569754843594623,cifar10,d0.5,0.5,5
cifar,cifar10_proser_fedavg__split00__seed0__d5.0,results/confirmatory_400r/runs/cifar10_proser_fedavg__split00__seed0__d5.0_common.npz,329508,1784569681519742712,cifar10,d5,5.0,5
cifar,cifar10_proser_fedavg__split00__seed1__d0.1,results/confirmatory_400r/runs/cifar10_proser_fedavg__split00__seed1__d0.1_common.npz,340188,1784569982711090619,cifar10,d0.1,0.1,5
cifar,cifar10_proser_fedavg__split00__seed1__d0.5,results/confirmatory_400r/runs/cifar10_proser_fedavg__split00__seed1__d0.5_common.npz,334475,1784580026002634200,cifar10,d0.5,0.5,5
cifar,cifar10_proser_fedavg__split00__seed1__d5.0,results/confirmatory_400r/runs/cifar10_proser_fedavg__split00__seed1__d5.0_common.npz,331741,1784580778717334886,cifar10,d5,5.0,5
cifar,cifar10_proser_fedavg__split00__seed2__d0.1,results/confirmatory_400r/runs/cifar10_proser_fedavg__split00__seed2__d0.1_common.npz,338105,1784580910435466001,cifar10,d0.1,0.1,5
cifar,cifar10_proser_fedavg__split00__seed2__d0.5,results/confirmatory_400r/runs/cifar10_proser_fedavg__split00__seed2__d0.5_common.npz,334060,1784581379298267780,cifar10,d0.5,0.5,5
cifar,cifar10_proser_fedavg__split00__seed2__d5.0,results/confirmatory_400r/runs/cifar10_proser_fedavg__split00__seed2__d5.0_common.npz,329346,1784591324548083855,cifar10,d5,5.0,5
cifar,cifar10_proser_fedavg__split00__seed3__d0.1,results/confirmatory_400r/runs/cifar10_proser_fedavg__split00__seed3__d0.1_common.npz,338420,1784591872337579548,cifar10,d0.1,0.1,5
cifar,cifar10_proser_fedavg__split00__seed3__d0.5,results/confirmatory_400r/runs/cifar10_proser_fedavg__split00__seed3__d0.5_common.npz,335591,1784592066314263868,cifar10,d0.5,0.5,5
cifar,cifar10_proser_fedavg__split00__seed3__d5.0,results/confirmatory_400r/runs/cifar10_proser_fedavg__split00__seed3__d5.0_common.npz,330949,1784592763230554535,cifar10,d5,5.0,5
cifar,cifar10_proser_fedavg__split00__seed4__d0.1,results/confirmatory_400r/runs/cifar10_proser_fedavg__split00__seed4__d0.1_common.npz,337276,1784602578869105667,cifar10,d0.1,0.1,5
cifar,cifar10_proser_fedavg__split00__seed4__d0.5,results/confirmatory_400r/runs/cifar10_proser_fedavg__split00__seed4__d0.5_common.npz,337010,1784602941408148800,cifar10,d0.5,0.5,5
cifar,cifar10_proser_fedavg__split00__seed4__d5.0,results/confirmatory_400r/runs/cifar10_proser_fedavg__split00__seed4__d5.0_common.npz,331002,1784603212755260071,cifar10,d5,5.0,5
cifar,cifar10_proser_fedavg__split01__seed0__d0.1,results/confirmatory_400r/runs/cifar10_proser_fedavg__split01__seed0__d0.1_common.npz,336567,1784604145877950520,cifar10,d0.1,0.1,5
cifar,cifar10_proser_fedavg__split01__seed0__d0.5,results/confirmatory_400r/runs/cifar10_proser_fedavg__split01__seed0__d0.5_common.npz,337641,1784613835859092352,cifar10,d0.5,0.5,5
cifar,cifar10_proser_fedavg__split01__seed0__d5.0,results/confirmatory_400r/runs/cifar10_proser_fedavg__split01__seed0__d5.0_common.npz,333245,1784614007117550179,cifar10,d5,5.0,5
cifar,cifar10_proser_fedavg__split01__seed1__d0.1,results/confirmatory_400r/runs/cifar10_proser_fedavg__split01__seed1__d0.1_common.npz,337855,1784614365383296125,cifar10,d0.1,0.1,5
cifar,cifar10_proser_fedavg__split01__seed1__d0.5,results/confirmatory_400r/runs/cifar10_proser_fedavg__split01__seed1__d0.5_common.npz,337135,1784615494583583529,cifar10,d0.5,0.5,5
cifar,cifar10_proser_fedavg__split01__seed1__d5.0,results/confirmatory_400r/runs/cifar10_proser_fedavg__split01__seed1__d5.0_common.npz,332273,1784625105321960268,cifar10,d5,5.0,5
cifar,cifar10_proser_fedavg__split01__seed2__d0.1,results/confirmatory_400r/runs/cifar10_proser_fedavg__split01__seed2__d0.1_common.npz,337527,1784625070962018021,cifar10,d0.1,0.1,5
cifar,cifar10_proser_fedavg__split01__seed2__d0.5,results/confirmatory_400r/runs/cifar10_proser_fedavg__split01__seed2__d0.5_common.npz,335189,1784625519297666459,cifar10,d0.5,0.5,5
cifar,cifar10_proser_fedavg__split01__seed2__d5.0,results/confirmatory_400r/runs/cifar10_proser_fedavg__split01__seed2__d5.0_common.npz,334818,1784626862505530349,cifar10,d5,5.0,5
cifar,cifar10_proser_fedavg__split01__seed3__d0.1,results/confirmatory_400r/runs/cifar10_proser_fedavg__split01__seed3__d0.1_common.npz,338560,1784636129065703132,cifar10,d0.1,0.1,5
cifar,cifar10_proser_fedavg__split01__seed3__d0.5,results/confirmatory_400r/runs/cifar10_proser_fedavg__split01__seed3__d0.5_common.npz,336590,1784636354429089544,cifar10,d0.5,0.5,5
cifar,cifar10_proser_fedavg__split01__seed3__d5.0,results/confirmatory_400r/runs/cifar10_proser_fedavg__split01__seed3__d5.0_common.npz,334078,1784636655841622815,cifar10,d5,5.0,5
cifar,cifar10_proser_fedavg__split01__seed4__d0.1,results/confirmatory_400r/runs/cifar10_proser_fedavg__split01__seed4__d0.1_common.npz,339550,1784638215263401448,cifar10,d0.1,0.1,5
cifar,cifar10_proser_fedavg__split01__seed4__d0.5,results/confirmatory_400r/runs/cifar10_proser_fedavg__split01__seed4__d0.5_common.npz,337149,1784647193238601320,cifar10,d0.5,0.5,5
cifar,cifar10_proser_fedavg__split01__seed4__d5.0,results/confirmatory_400r/runs/cifar10_proser_fedavg__split01__seed4__d5.0_common.npz,334705,1784647603533210376,cifar10,d5,5.0,5
cifar,cifar10_proser_fedavg__split02__seed0__d0.1,results/confirmatory_400r/runs/cifar10_proser_fedavg__split02__seed0__d0.1_common.npz,334705,1784647819972731174,cifar10,d0.1,0.1,5
cifar,cifar10_proser_fedavg__split02__seed0__d0.5,results/confirmatory_400r/runs/cifar10_proser_fedavg__split02__seed0__d0.5_common.npz,338173,1784649573466321109,cifar10,d0.5,0.5,5
cifar,cifar10_proser_fedavg__split02__seed0__d5.0,results/confirmatory_400r/runs/cifar10_proser_fedavg__split02__seed0__d5.0_common.npz,331000,1784658262814425345,cifar10,d5,5.0,5
cifar,cifar10_proser_fedavg__split02__seed1__d0.1,results/confirmatory_400r/runs/cifar10_proser_fedavg__split02__seed1__d0.1_common.npz,336843,1784658860222374042,cifar10,d0.1,0.1,5
cifar,cifar10_proser_fedavg__split02__seed1__d0.5,results/confirmatory_400r/runs/cifar10_proser_fedavg__split02__seed1__d0.5_common.npz,335546,1784658957960439138,cifar10,d0.5,0.5,5
cifar,cifar10_proser_fedavg__split02__seed1__d5.0,results/confirmatory_400r/runs/cifar10_proser_fedavg__split02__seed1__d5.0_common.npz,331034,1784660927836519978,cifar10,d5,5.0,5
cifar,cifar10_proser_fedavg__split02__seed2__d0.1,results/confirmatory_400r/runs/cifar10_proser_fedavg__split02__seed2__d0.1_common.npz,336492,1784669328408068051,cifar10,d0.1,0.1,5
cifar,cifar10_proser_fedavg__split02__seed2__d0.5,results/confirmatory_400r/runs/cifar10_proser_fedavg__split02__seed2__d0.5_common.npz,333236,1784670125089261367,cifar10,d0.5,0.5,5
cifar,cifar10_proser_fedavg__split02__seed2__d5.0,results/confirmatory_400r/runs/cifar10_proser_fedavg__split02__seed2__d5.0_common.npz,329202,1784670113689082689,cifar10,d5,5.0,5
cifar,cifar10_proser_fedavg__split02__seed3__d0.1,results/confirmatory_400r/runs/cifar10_proser_fedavg__split02__seed3__d0.1_common.npz,338096,1784672291475186377,cifar10,d0.1,0.1,5
cifar,cifar10_proser_fedavg__split02__seed3__d0.5,results/confirmatory_400r/runs/cifar10_proser_fedavg__split02__seed3__d0.5_common.npz,335501,1784680391535040328,cifar10,d0.5,0.5,5
cifar,cifar10_proser_fedavg__split02__seed3__d5.0,results/confirmatory_400r/runs/cifar10_proser_fedavg__split02__seed3__d5.0_common.npz,330711,1784681254806350875,cifar10,d5,5.0,5
cifar,cifar10_proser_fedavg__split02__seed4__d0.1,results/confirmatory_400r/runs/cifar10_proser_fedavg__split02__seed4__d0.1_common.npz,336533,1784681385275427139,cifar10,d0.1,0.1,5
cifar,cifar10_proser_fedavg__split02__seed4__d0.5,results/confirmatory_400r/runs/cifar10_proser_fedavg__split02__seed4__d0.5_common.npz,337385,1784683641466107566,cifar10,d0.5,0.5,5
cifar,cifar10_proser_fedavg__split02__seed4__d5.0,results/confirmatory_400r/runs/cifar10_proser_fedavg__split02__seed4__d5.0_common.npz,331814,1784691460643878709,cifar10,d5,5.0,5
cifar,cifar10_proser_fedavg__split03__seed0__d0.1,results/confirmatory_400r/runs/cifar10_proser_fedavg__split03__seed0__d0.1_common.npz,332395,1784692415242365604,cifar10,d0.1,0.1,5
cifar,cifar10_proser_fedavg__split03__seed0__d0.5,results/confirmatory_400r/runs/cifar10_proser_fedavg__split03__seed0__d0.5_common.npz,337196,1784692652413661938,cifar10,d0.5,0.5,5
cifar,cifar10_proser_fedavg__split03__seed0__d5.0,results/confirmatory_400r/runs/cifar10_proser_fedavg__split03__seed0__d5.0_common.npz,331717,1784694997058448283,cifar10,d5,5.0,5
cifar,cifar10_proser_fedavg__split03__seed1__d0.1,results/confirmatory_400r/runs/cifar10_proser_fedavg__split03__seed1__d0.1_common.npz,338388,1784702540266809130,cifar10,d0.1,0.1,5
cifar,cifar10_proser_fedavg__split03__seed1__d0.5,results/confirmatory_400r/runs/cifar10_proser_fedavg__split03__seed1__d0.5_common.npz,334807,1784703552433307247,cifar10,d0.5,0.5,5
cifar,cifar10_proser_fedavg__split03__seed1__d5.0,results/confirmatory_400r/runs/cifar10_proser_fedavg__split03__seed1__d5.0_common.npz,330445,1784703922488579798,cifar10,d5,5.0,5
cifar,cifar10_proser_fedavg__split03__seed2__d0.1,results/confirmatory_400r/runs/cifar10_proser_fedavg__split03__seed2__d0.1_common.npz,336903,1784706355056362861,cifar10,d0.1,0.1,5
cifar,cifar10_proser_fedavg__split03__seed2__d0.5,results/confirmatory_400r/runs/cifar10_proser_fedavg__split03__seed2__d0.5_common.npz,332506,1784713611264823023,cifar10,d0.5,0.5,5
cifar,cifar10_proser_fedavg__split03__seed2__d5.0,results/confirmatory_400r/runs/cifar10_proser_fedavg__split03__seed2__d5.0_common.npz,331413,1784714706411055439,cifar10,d5,5.0,5
cifar,cifar10_proser_fedavg__split03__seed3__d0.1,results/confirmatory_400r/runs/cifar10_proser_fedavg__split03__seed3__d0.1_common.npz,337658,1784715180516910482,cifar10,d0.1,0.1,5
cifar,cifar10_proser_fedavg__split03__seed3__d0.5,results/confirmatory_400r/runs/cifar10_proser_fedavg__split03__seed3__d0.5_common.npz,335328,1784717709960803490,cifar10,d0.5,0.5,5
cifar,cifar10_proser_fedavg__split03__seed3__d5.0,results/confirmatory_400r/runs/cifar10_proser_fedavg__split03__seed3__d5.0_common.npz,334238,1784724679343311851,cifar10,d5,5.0,5
cifar,cifar10_proser_fedavg__split03__seed4__d0.1,results/confirmatory_400r/runs/cifar10_proser_fedavg__split03__seed4__d0.1_common.npz,335321,1784725851724001034,cifar10,d0.1,0.1,5
cifar,cifar10_proser_fedavg__split03__seed4__d0.5,results/confirmatory_400r/runs/cifar10_proser_fedavg__split03__seed4__d0.5_common.npz,338102,1784726430415567717,cifar10,d0.5,0.5,5
cifar,cifar10_proser_fedavg__split03__seed4__d5.0,results/confirmatory_400r/runs/cifar10_proser_fedavg__split03__seed4__d5.0_common.npz,333472,1784729064118884261,cifar10,d5,5.0,5
cifar,cifar10_proser_fedavg__split04__seed0__d0.1,results/confirmatory_400r/runs/cifar10_proser_fedavg__split04__seed0__d0.1_common.npz,332585,1784735769685033114,cifar10,d0.1,0.1,5
cifar,cifar10_proser_fedavg__split04__seed0__d0.5,results/confirmatory_400r/runs/cifar10_proser_fedavg__split04__seed0__d0.5_common.npz,339275,1784737003688715284,cifar10,d0.5,0.5,5
cifar,cifar10_proser_fedavg__split04__seed0__d5.0,results/confirmatory_400r/runs/cifar10_proser_fedavg__split04__seed0__d5.0_common.npz,333648,1784737695352698134,cifar10,d5,5.0,5
cifar,cifar10_proser_fedavg__split04__seed1__d0.1,results/confirmatory_400r/runs/cifar10_proser_fedavg__split04__seed1__d0.1_common.npz,337818,1784740423806621822,cifar10,d0.1,0.1,5
cifar,cifar10_proser_fedavg__split04__seed1__d0.5,results/confirmatory_400r/runs/cifar10_proser_fedavg__split04__seed1__d0.5_common.npz,336456,1784746827533452441,cifar10,d0.5,0.5,5
cifar,cifar10_proser_fedavg__split04__seed1__d5.0,results/confirmatory_400r/runs/cifar10_proser_fedavg__split04__seed1__d5.0_common.npz,332698,1784748159878111530,cifar10,d5,5.0,5
cifar,cifar10_proser_fedavg__split04__seed2__d0.1,results/confirmatory_400r/runs/cifar10_proser_fedavg__split04__seed2__d0.1_common.npz,336647,1784748950083074575,cifar10,d0.1,0.1,5
cifar,cifar10_proser_fedavg__split04__seed2__d0.5,results/confirmatory_400r/runs/cifar10_proser_fedavg__split04__seed2__d0.5_common.npz,335960,1784751784375354530,cifar10,d0.5,0.5,5
cifar,cifar10_proser_fedavg__split04__seed2__d5.0,results/confirmatory_400r/runs/cifar10_proser_fedavg__split04__seed2__d5.0_common.npz,331973,1784757910610714188,cifar10,d5,5.0,5
cifar,cifar10_proser_fedavg__split04__seed3__d0.1,results/confirmatory_400r/runs/cifar10_proser_fedavg__split04__seed3__d0.1_common.npz,338263,1784759297514811796,cifar10,d0.1,0.1,5
cifar,cifar10_proser_fedavg__split04__seed3__d0.5,results/confirmatory_400r/runs/cifar10_proser_fedavg__split04__seed3__d0.5_common.npz,336469,1784760199308896256,cifar10,d0.5,0.5,5
cifar,cifar10_proser_fedavg__split04__seed3__d5.0,results/confirmatory_400r/runs/cifar10_proser_fedavg__split04__seed3__d5.0_common.npz,333757,1784763134039816306,cifar10,d5,5.0,5
cifar,cifar10_proser_fedavg__split04__seed4__d0.1,results/confirmatory_400r/runs/cifar10_proser_fedavg__split04__seed4__d0.1_common.npz,338024,1784768985738357591,cifar10,d0.1,0.1,5
cifar,cifar10_proser_fedavg__split04__seed4__d0.5,results/confirmatory_400r/runs/cifar10_proser_fedavg__split04__seed4__d0.5_common.npz,338834,1784770431620013793,cifar10,d0.5,0.5,5
cifar,cifar10_proser_fedavg__split04__seed4__d5.0,results/confirmatory_400r/runs/cifar10_proser_fedavg__split04__seed4__d5.0_common.npz,334646,1784771453296989078,cifar10,d5,5.0,5
cifar,cifar10_proser_fedavg__split05__seed0__d0.1,results/confirmatory_400r/runs/cifar10_proser_fedavg__split05__seed0__d0.1_common.npz,330701,1784774505555349635,cifar10,d0.1,0.1,5
cifar,cifar10_proser_fedavg__split05__seed0__d0.5,results/confirmatory_400r/runs/cifar10_proser_fedavg__split05__seed0__d0.5_common.npz,337318,1784780058299036458,cifar10,d0.5,0.5,5
cifar,cifar10_proser_fedavg__split05__seed0__d5.0,results/confirmatory_400r/runs/cifar10_proser_fedavg__split05__seed0__d5.0_common.npz,332298,1784781580020020129,cifar10,d5,5.0,5
cifar,cifar10_proser_fedavg__split05__seed1__d0.1,results/confirmatory_400r/runs/cifar10_proser_fedavg__split05__seed1__d0.1_common.npz,336980,1784782715641671675,cifar10,d0.1,0.1,5
cifar,cifar10_proser_fedavg__split05__seed1__d0.5,results/confirmatory_400r/runs/cifar10_proser_fedavg__split05__seed1__d0.5_common.npz,335921,1784785842611927585,cifar10,d0.5,0.5,5
cifar,cifar10_proser_fedavg__split05__seed1__d5.0,results/confirmatory_400r/runs/cifar10_proser_fedavg__split05__seed1__d5.0_common.npz,330181,1784791171868933069,cifar10,d5,5.0,5
cifar,cifar10_proser_fedavg__split05__seed2__d0.1,results/confirmatory_400r/runs/cifar10_proser_fedavg__split05__seed2__d0.1_common.npz,337561,1784792790932341411,cifar10,d0.1,0.1,5
cifar,cifar10_proser_fedavg__split05__seed2__d0.5,results/confirmatory_400r/runs/cifar10_proser_fedavg__split05__seed2__d0.5_common.npz,333878,1784794059352499680,cifar10,d0.5,0.5,5
cifar,cifar10_proser_fedavg__split05__seed2__d5.0,results/confirmatory_400r/runs/cifar10_proser_fedavg__split05__seed2__d5.0_common.npz,333027,1784797311525624727,cifar10,d5,5.0,5
cifar,cifar10_proser_fedavg__split05__seed3__d0.1,results/confirmatory_400r/runs/cifar10_proser_fedavg__split05__seed3__d0.1_common.npz,337779,1784802319718950254,cifar10,d0.1,0.1,5
cifar,cifar10_proser_fedavg__split05__seed3__d0.5,results/confirmatory_400r/runs/cifar10_proser_fedavg__split05__seed3__d0.5_common.npz,336170,1784803986838281539,cifar10,d0.5,0.5,5
cifar,cifar10_proser_fedavg__split05__seed3__d5.0,results/confirmatory_400r/runs/cifar10_proser_fedavg__split05__seed3__d5.0_common.npz,330043,1784805339725805541,cifar10,d5,5.0,5
cifar,cifar10_proser_fedavg__split05__seed4__d0.1,results/confirmatory_400r/runs/cifar10_proser_fedavg__split05__seed4__d0.1_common.npz,335284,1784808669256630824,cifar10,d0.1,0.1,5
cifar,cifar10_proser_fedavg__split05__seed4__d0.5,results/confirmatory_400r/runs/cifar10_proser_fedavg__split05__seed4__d0.5_common.npz,336916,1784813376986542801,cifar10,d0.5,0.5,5
cifar,cifar10_proser_fedavg__split05__seed4__d5.0,results/confirmatory_400r/runs/cifar10_proser_fedavg__split05__seed4__d5.0_common.npz,331627,1784815133525389619,cifar10,d5,5.0,5
cifar,cifar10_proser_fedavg__split06__seed0__d0.1,results/confirmatory_400r/runs/cifar10_proser_fedavg__split06__seed0__d0.1_common.npz,336702,1784816622862006412,cifar10,d0.1,0.1,5
cifar,cifar10_proser_fedavg__split06__seed0__d0.5,results/confirmatory_400r/runs/cifar10_proser_fedavg__split06__seed0__d0.5_common.npz,336923,1784820016252111379,cifar10,d0.5,0.5,5
cifar,cifar10_proser_fedavg__split06__seed0__d5.0,results/confirmatory_400r/runs/cifar10_proser_fedavg__split06__seed0__d5.0_common.npz,329691,1784824450870973869,cifar10,d5,5.0,5
cifar,cifar10_proser_fedavg__split06__seed1__d0.1,results/confirmatory_400r/runs/cifar10_proser_fedavg__split06__seed1__d0.1_common.npz,338523,1784826283939500366,cifar10,d0.1,0.1,5
cifar,cifar10_proser_fedavg__split06__seed1__d0.5,results/confirmatory_400r/runs/cifar10_proser_fedavg__split06__seed1__d0.5_common.npz,334339,1784827880447484893,cifar10,d0.5,0.5,5
cifar,cifar10_proser_fedavg__split06__seed1__d5.0,results/confirmatory_400r/runs/cifar10_proser_fedavg__split06__seed1__d5.0_common.npz,330158,1784831373920995176,cifar10,d5,5.0,5
cifar,cifar10_proser_fedavg__split06__seed2__d0.1,results/confirmatory_400r/runs/cifar10_proser_fedavg__split06__seed2__d0.1_common.npz,337628,1784835517534084085,cifar10,d0.1,0.1,5
cifar,cifar10_proser_fedavg__split06__seed2__d0.5,results/confirmatory_400r/runs/cifar10_proser_fedavg__split06__seed2__d0.5_common.npz,334932,1784837436402341095,cifar10,d0.5,0.5,5
cifar,cifar10_proser_fedavg__split06__seed2__d5.0,results/confirmatory_400r/runs/cifar10_proser_fedavg__split06__seed2__d5.0_common.npz,331333,1784839156536575859,cifar10,d5,5.0,5
cifar,cifar10_proser_fedavg__split06__seed3__d0.1,results/confirmatory_400r/runs/cifar10_proser_fedavg__split06__seed3__d0.1_common.npz,338955,1784842715861553984,cifar10,d0.1,0.1,5
cifar,cifar10_proser_fedavg__split06__seed3__d0.5,results/confirmatory_400r/runs/cifar10_proser_fedavg__split06__seed3__d0.5_common.npz,335232,1784846579620606544,cifar10,d0.5,0.5,5
cifar,cifar10_proser_fedavg__split06__seed3__d5.0,results/confirmatory_400r/runs/cifar10_proser_fedavg__split06__seed3__d5.0_common.npz,332495,1784848572633567474,cifar10,d5,5.0,5
cifar,cifar10_proser_fedavg__split06__seed4__d0.1,results/confirmatory_400r/runs/cifar10_proser_fedavg__split06__seed4__d0.1_common.npz,337255,1784850412720381178,cifar10,d0.1,0.1,5
cifar,cifar10_proser_fedavg__split06__seed4__d0.5,results/confirmatory_400r/runs/cifar10_proser_fedavg__split06__seed4__d0.5_common.npz,336828,1784854061504646647,cifar10,d0.5,0.5,5
cifar,cifar10_proser_fedavg__split06__seed4__d5.0,results/confirmatory_400r/runs/cifar10_proser_fedavg__split06__seed4__d5.0_common.npz,331463,1784857643258887579,cifar10,d5,5.0,5
cifar,cifar10_proser_fedavg__split07__seed0__d0.1,results/confirmatory_400r/runs/cifar10_proser_fedavg__split07__seed0__d0.1_common.npz,333461,1784859730159064766,cifar10,d0.1,0.1,5
cifar,cifar10_proser_fedavg__split07__seed0__d0.5,results/confirmatory_400r/runs/cifar10_proser_fedavg__split07__seed0__d0.5_common.npz,336851,1784861678574110764,cifar10,d0.5,0.5,5
cifar,cifar10_proser_fedavg__split07__seed0__d5.0,results/confirmatory_400r/runs/cifar10_proser_fedavg__split07__seed0__d5.0_common.npz,330230,1784865414539487969,cifar10,d5,5.0,5
cifar,cifar10_proser_fedavg__split07__seed1__d0.1,results/confirmatory_400r/runs/cifar10_proser_fedavg__split07__seed1__d0.1_common.npz,338860,1784868718046075257,cifar10,d0.1,0.1,5
cifar,cifar10_proser_fedavg__split07__seed1__d0.5,results/confirmatory_400r/runs/cifar10_proser_fedavg__split07__seed1__d0.5_common.npz,334845,1784870863246713540,cifar10,d0.5,0.5,5
cifar,cifar10_proser_fedavg__split07__seed1__d5.0,results/confirmatory_400r/runs/cifar10_proser_fedavg__split07__seed1__d5.0_common.npz,329918,1784872947077781760,cifar10,d5,5.0,5
cifar,cifar10_proser_fedavg__split07__seed2__d0.1,results/confirmatory_400r/runs/cifar10_proser_fedavg__split07__seed2__d0.1_common.npz,337342,1784876770169190673,cifar10,d0.1,0.1,5
cifar,cifar10_proser_fedavg__split07__seed2__d0.5,results/confirmatory_400r/runs/cifar10_proser_fedavg__split07__seed2__d0.5_common.npz,334579,1784879791463822173,cifar10,d0.5,0.5,5
cifar,cifar10_proser_fedavg__split07__seed2__d5.0,results/confirmatory_400r/runs/cifar10_proser_fedavg__split07__seed2__d5.0_common.npz,329904,1784882027955737359,cifar10,d5,5.0,5
cifar,cifar10_proser_fedavg__split07__seed3__d0.1,results/confirmatory_400r/runs/cifar10_proser_fedavg__split07__seed3__d0.1_common.npz,339143,1784884205669120756,cifar10,d0.1,0.1,5
cifar,cifar10_proser_fedavg__split07__seed3__d0.5,results/confirmatory_400r/runs/cifar10_proser_fedavg__split07__seed3__d0.5_common.npz,334993,1784888130136873871,cifar10,d0.5,0.5,5
cifar,cifar10_proser_fedavg__split07__seed3__d5.0,results/confirmatory_400r/runs/cifar10_proser_fedavg__split07__seed3__d5.0_common.npz,331973,1784890861308825304,cifar10,d5,5.0,5
cifar,cifar10_proser_fedavg__split07__seed4__d0.1,results/confirmatory_400r/runs/cifar10_proser_fedavg__split07__seed4__d0.1_common.npz,339679,1784893171728803421,cifar10,d0.1,0.1,5
cifar,cifar10_proser_fedavg__split07__seed4__d0.5,results/confirmatory_400r/runs/cifar10_proser_fedavg__split07__seed4__d0.5_common.npz,336462,1784895462286841067,cifar10,d0.5,0.5,5
cifar,cifar10_proser_fedavg__split07__seed4__d5.0,results/confirmatory_400r/runs/cifar10_proser_fedavg__split07__seed4__d5.0_common.npz,331088,1784899485878299412,cifar10,d5,5.0,5
cifar,cifar10_proser_fedavg__split08__seed0__d0.1,results/confirmatory_400r/runs/cifar10_proser_fedavg__split08__seed0__d0.1_common.npz,335775,1784901958151719058,cifar10,d0.1,0.1,5
cifar,cifar10_proser_fedavg__split08__seed0__d0.5,results/confirmatory_400r/runs/cifar10_proser_fedavg__split08__seed0__d0.5_common.npz,338671,1784904325232463096,cifar10,d0.5,0.5,5
cifar,cifar10_proser_fedavg__split08__seed0__d5.0,results/confirmatory_400r/runs/cifar10_proser_fedavg__split08__seed0__d5.0_common.npz,332686,1784906725043364075,cifar10,d5,5.0,5
cifar,cifar10_proser_fedavg__split08__seed1__d0.1,results/confirmatory_400r/runs/cifar10_proser_fedavg__split08__seed1__d0.1_common.npz,337925,1784910854732887871,cifar10,d0.1,0.1,5
cifar,cifar10_proser_fedavg__split08__seed1__d0.5,results/confirmatory_400r/runs/cifar10_proser_fedavg__split08__seed1__d0.5_common.npz,337244,1784913016225955958,cifar10,d0.5,0.5,5
cifar,cifar10_proser_fedavg__split08__seed1__d5.0,results/confirmatory_400r/runs/cifar10_proser_fedavg__split08__seed1__d5.0_common.npz,332227,1784915475543774823,cifar10,d5,5.0,5
cifar,cifar10_proser_fedavg__split08__seed2__d0.1,results/confirmatory_400r/runs/cifar10_proser_fedavg__split08__seed2__d0.1_common.npz,337076,1784917988818767094,cifar10,d0.1,0.1,5
cifar,cifar10_proser_fedavg__split08__seed2__d0.5,results/confirmatory_400r/runs/cifar10_proser_fedavg__split08__seed2__d0.5_common.npz,338898,1784922214912223034,cifar10,d0.5,0.5,5
cifar,cifar10_proser_fedavg__split08__seed2__d5.0,results/confirmatory_400r/runs/cifar10_proser_fedavg__split08__seed2__d5.0_common.npz,329925,1784924102658697297,cifar10,d5,5.0,5
cifar,cifar10_proser_fedavg__split08__seed3__d0.1,results/confirmatory_400r/runs/cifar10_proser_fedavg__split08__seed3__d0.1_common.npz,339453,1784926616034435086,cifar10,d0.1,0.1,5
cifar,cifar10_proser_fedavg__split08__seed3__d0.5,results/confirmatory_400r/runs/cifar10_proser_fedavg__split08__seed3__d0.5_common.npz,336543,1784929237873275301,cifar10,d0.5,0.5,5
cifar,cifar10_proser_fedavg__split08__seed3__d5.0,results/confirmatory_400r/runs/cifar10_proser_fedavg__split08__seed3__d5.0_common.npz,334135,1784933569043831134,cifar10,d5,5.0,5
cifar,cifar10_proser_fedavg__split08__seed4__d0.1,results/confirmatory_400r/runs/cifar10_proser_fedavg__split08__seed4__d0.1_common.npz,335999,1784935171029687781,cifar10,d0.1,0.1,5
cifar,cifar10_proser_fedavg__split08__seed4__d0.5,results/confirmatory_400r/runs/cifar10_proser_fedavg__split08__seed4__d0.5_common.npz,337553,1784937746110405861,cifar10,d0.5,0.5,5
cifar,cifar10_proser_fedavg__split08__seed4__d5.0,results/confirmatory_400r/runs/cifar10_proser_fedavg__split08__seed4__d5.0_common.npz,333980,1784940486303997104,cifar10,d5,5.0,5
cifar,cifar10_proser_fedavg__split09__seed0__d0.1,results/confirmatory_400r/runs/cifar10_proser_fedavg__split09__seed0__d0.1_common.npz,332506,1784944920383655853,cifar10,d0.1,0.1,5
cifar,cifar10_proser_fedavg__split09__seed0__d0.5,results/confirmatory_400r/runs/cifar10_proser_fedavg__split09__seed0__d0.5_common.npz,337200,1784946238201111859,cifar10,d0.5,0.5,5
cifar,cifar10_proser_fedavg__split09__seed0__d5.0,results/confirmatory_400r/runs/cifar10_proser_fedavg__split09__seed0__d5.0_common.npz,329194,1784948886281869713,cifar10,d5,5.0,5
cifar,cifar10_proser_fedavg__split09__seed1__d0.1,results/confirmatory_400r/runs/cifar10_proser_fedavg__split09__seed1__d0.1_common.npz,339789,1784951740819328730,cifar10,d0.1,0.1,5
cifar,cifar10_proser_fedavg__split09__seed1__d0.5,results/confirmatory_400r/runs/cifar10_proser_fedavg__split09__seed1__d0.5_common.npz,334853,1784956249104181440,cifar10,d0.5,0.5,5
cifar,cifar10_proser_fedavg__split09__seed1__d5.0,results/confirmatory_400r/runs/cifar10_proser_fedavg__split09__seed1__d5.0_common.npz,330234,1784957314362348111,cifar10,d5,5.0,5
cifar,cifar10_proser_fedavg__split09__seed2__d0.1,results/confirmatory_400r/runs/cifar10_proser_fedavg__split09__seed2__d0.1_common.npz,338215,1784960029724122090,cifar10,d0.1,0.1,5
cifar,cifar10_proser_fedavg__split09__seed2__d0.5,results/confirmatory_400r/runs/cifar10_proser_fedavg__split09__seed2__d0.5_common.npz,333828,1784963000851556055,cifar10,d0.5,0.5,5
cifar,cifar10_proser_fedavg__split09__seed2__d5.0,results/confirmatory_400r/runs/cifar10_proser_fedavg__split09__seed2__d5.0_common.npz,333252,1784967619215568752,cifar10,d5,5.0,5
cifar,cifar10_proser_fedavg__split09__seed3__d0.1,results/confirmatory_400r/runs/cifar10_proser_fedavg__split09__seed3__d0.1_common.npz,340179,1784968374187170186,cifar10,d0.1,0.1,5
cifar,cifar10_proser_fedavg__split09__seed3__d0.5,results/confirmatory_400r/runs/cifar10_proser_fedavg__split09__seed3__d0.5_common.npz,335176,1784971167608816490,cifar10,d0.5,0.5,5
cifar,cifar10_proser_fedavg__split09__seed3__d5.0,results/confirmatory_400r/runs/cifar10_proser_fedavg__split09__seed3__d5.0_common.npz,330334,1784974255148377196,cifar10,d5,5.0,5
cifar,cifar10_proser_fedavg__split09__seed4__d0.1,results/confirmatory_400r/runs/cifar10_proser_fedavg__split09__seed4__d0.1_common.npz,337055,1784978971016515624,cifar10,d0.1,0.1,5
cifar,cifar10_proser_fedavg__split09__seed4__d0.5,results/confirmatory_400r/runs/cifar10_proser_fedavg__split09__seed4__d0.5_common.npz,336669,1784979429436386489,cifar10,d0.5,0.5,5
cifar,cifar10_proser_fedavg__split09__seed4__d5.0,results/confirmatory_400r/runs/cifar10_proser_fedavg__split09__seed4__d5.0_common.npz,330564,1784982300471776711,cifar10,d5,5.0,5
officehome,officehome_convnext_frozen__split00__seed0,results/confirmatory_400r/runs/officehome_convnext_frozen__split00__seed0_logits.npz,1565458,1785532634702896902,officehome,frozen,,4
officehome,officehome_convnext_frozen__split00__seed1,results/confirmatory_400r/runs/officehome_convnext_frozen__split00__seed1_logits.npz,1565836,1785534350095626445,officehome,frozen,,4
officehome,officehome_convnext_frozen__split00__seed2,results/confirmatory_400r/runs/officehome_convnext_frozen__split00__seed2_logits.npz,1565431,1785536027284499941,officehome,frozen,,4
officehome,officehome_convnext_frozen__split00__seed3,results/confirmatory_400r/runs/officehome_convnext_frozen__split00__seed3_logits.npz,1565555,1785537995063690588,officehome,frozen,,4
officehome,officehome_convnext_frozen__split00__seed4,results/confirmatory_400r/runs/officehome_convnext_frozen__split00__seed4_logits.npz,1566090,1785538384613103470,officehome,frozen,,4
officehome,officehome_convnext_frozen__split01__seed0,results/confirmatory_400r/runs/officehome_convnext_frozen__split01__seed0_logits.npz,1609152,1785539926822099614,officehome,frozen,,4
officehome,officehome_convnext_frozen__split01__seed1,results/confirmatory_400r/runs/officehome_convnext_frozen__split01__seed1_logits.npz,1609428,1785541479803426238,officehome,frozen,,4
officehome,officehome_convnext_frozen__split01__seed2,results/confirmatory_400r/runs/officehome_convnext_frozen__split01__seed2_logits.npz,1609968,1785543414225617306,officehome,frozen,,4
officehome,officehome_convnext_frozen__split01__seed3,results/confirmatory_400r/runs/officehome_convnext_frozen__split01__seed3_logits.npz,1609306,1785543856687174302,officehome,frozen,,4
officehome,officehome_convnext_frozen__split01__seed4,results/confirmatory_400r/runs/officehome_convnext_frozen__split01__seed4_logits.npz,1610042,1785545367904400266,officehome,frozen,,4
officehome,officehome_convnext_frozen__split02__seed0,results/confirmatory_400r/runs/officehome_convnext_frozen__split02__seed0_logits.npz,1589575,1785547048166546162,officehome,frozen,,4
officehome,officehome_convnext_frozen__split02__seed1,results/confirmatory_400r/runs/officehome_convnext_frozen__split02__seed1_logits.npz,1588809,1785549165833267441,officehome,frozen,,4
officehome,officehome_convnext_frozen__split02__seed2,results/confirmatory_400r/runs/officehome_convnext_frozen__split02__seed2_logits.npz,1589269,1785549561207072181,officehome,frozen,,4
officehome,officehome_convnext_frozen__split02__seed3,results/confirmatory_400r/runs/officehome_convnext_frozen__split02__seed3_logits.npz,1589080,1785550929353754090,officehome,frozen,,4
officehome,officehome_convnext_frozen__split02__seed4,results/confirmatory_400r/runs/officehome_convnext_frozen__split02__seed4_logits.npz,1589354,1785552662628466786,officehome,frozen,,4
officehome,officehome_convnext_frozen__split03__seed0,results/confirmatory_400r/runs/officehome_convnext_frozen__split03__seed0_logits.npz,1602991,1785554879394837832,officehome,frozen,,4
officehome,officehome_convnext_frozen__split03__seed1,results/confirmatory_400r/runs/officehome_convnext_frozen__split03__seed1_logits.npz,1602701,1785554958202524832,officehome,frozen,,4
officehome,officehome_convnext_frozen__split03__seed2,results/confirmatory_400r/runs/officehome_convnext_frozen__split03__seed2_logits.npz,1602768,1785556527226683049,officehome,frozen,,4
officehome,officehome_convnext_frozen__split03__seed3,results/confirmatory_400r/runs/officehome_convnext_frozen__split03__seed3_logits.npz,1602687,1785558094572140600,officehome,frozen,,4
officehome,officehome_convnext_frozen__split03__seed4,results/confirmatory_400r/runs/officehome_convnext_frozen__split03__seed4_logits.npz,1602568,1785560320232137354,officehome,frozen,,4
officehome,officehome_convnext_frozen__split04__seed0,results/confirmatory_400r/runs/officehome_convnext_frozen__split04__seed0_logits.npz,1582488,1785560652213767590,officehome,frozen,,4
officehome,officehome_convnext_frozen__split04__seed1,results/confirmatory_400r/runs/officehome_convnext_frozen__split04__seed1_logits.npz,1582067,1785562272854145221,officehome,frozen,,4
officehome,officehome_convnext_frozen__split04__seed2,results/confirmatory_400r/runs/officehome_convnext_frozen__split04__seed2_logits.npz,1582074,1785563834839541963,officehome,frozen,,4
officehome,officehome_convnext_frozen__split04__seed3,results/confirmatory_400r/runs/officehome_convnext_frozen__split04__seed3_logits.npz,1582353,1785565987978157384,officehome,frozen,,4
officehome,officehome_convnext_frozen__split04__seed4,results/confirmatory_400r/runs/officehome_convnext_frozen__split04__seed4_logits.npz,1581588,1785566274556002187,officehome,frozen,,4
officehome,officehome_convnext_frozen__split05__seed0,results/confirmatory_400r/runs/officehome_convnext_frozen__split05__seed0_logits.npz,1588783,1785567941395340885,officehome,frozen,,4
officehome,officehome_convnext_frozen__split05__seed1,results/confirmatory_400r/runs/officehome_convnext_frozen__split05__seed1_logits.npz,1588851,1785569622955424240,officehome,frozen,,4
officehome,officehome_convnext_frozen__split05__seed2,results/confirmatory_400r/runs/officehome_convnext_frozen__split05__seed2_logits.npz,1588818,1785571677859961990,officehome,frozen,,4
officehome,officehome_convnext_frozen__split05__seed3,results/confirmatory_400r/runs/officehome_convnext_frozen__split05__seed3_logits.npz,1588362,1785571985218717997,officehome,frozen,,4
officehome,officehome_convnext_frozen__split05__seed4,results/confirmatory_400r/runs/officehome_convnext_frozen__split05__seed4_logits.npz,1588801,1785573646725668867,officehome,frozen,,4
officehome,officehome_convnext_frozen__split06__seed0,results/confirmatory_400r/runs/officehome_convnext_frozen__split06__seed0_logits.npz,1604373,1785575090264348813,officehome,frozen,,4
officehome,officehome_convnext_frozen__split06__seed1,results/confirmatory_400r/runs/officehome_convnext_frozen__split06__seed1_logits.npz,1604321,1785577222382362905,officehome,frozen,,4
officehome,officehome_convnext_frozen__split06__seed2,results/confirmatory_400r/runs/officehome_convnext_frozen__split06__seed2_logits.npz,1604854,1785577523234043279,officehome,frozen,,4
officehome,officehome_convnext_frozen__split06__seed3,results/confirmatory_400r/runs/officehome_convnext_frozen__split06__seed3_logits.npz,1604085,1785579180904996389,officehome,frozen,,4
officehome,officehome_convnext_frozen__split06__seed4,results/confirmatory_400r/runs/officehome_convnext_frozen__split06__seed4_logits.npz,1604275,1785580654432093400,officehome,frozen,,4
officehome,officehome_convnext_frozen__split07__seed0,results/confirmatory_400r/runs/officehome_convnext_frozen__split07__seed0_logits.npz,1594718,1785582687844220101,officehome,frozen,,4
officehome,officehome_convnext_frozen__split07__seed1,results/confirmatory_400r/runs/officehome_convnext_frozen__split07__seed1_logits.npz,1594513,1785582971723601800,officehome,frozen,,4
officehome,officehome_convnext_frozen__split07__seed2,results/confirmatory_400r/runs/officehome_convnext_frozen__split07__seed2_logits.npz,1595157,1785584618686697840,officehome,frozen,,4
officehome,officehome_convnext_frozen__split07__seed3,results/confirmatory_400r/runs/officehome_convnext_frozen__split07__seed3_logits.npz,1594678,1785586080305198855,officehome,frozen,,4
officehome,officehome_convnext_frozen__split07__seed4,results/confirmatory_400r/runs/officehome_convnext_frozen__split07__seed4_logits.npz,1594723,1785588284499382326,officehome,frozen,,4
officehome,officehome_convnext_frozen__split08__seed0,results/confirmatory_400r/runs/officehome_convnext_frozen__split08__seed0_logits.npz,1597387,1785588878712475728,officehome,frozen,,4
officehome,officehome_convnext_frozen__split08__seed1,results/confirmatory_400r/runs/officehome_convnext_frozen__split08__seed1_logits.npz,1597181,1785590301529604552,officehome,frozen,,4
officehome,officehome_convnext_frozen__split08__seed2,results/confirmatory_400r/runs/officehome_convnext_frozen__split08__seed2_logits.npz,1597030,1785591723032127955,officehome,frozen,,4
officehome,officehome_convnext_frozen__split08__seed3,results/confirmatory_400r/runs/officehome_convnext_frozen__split08__seed3_logits.npz,1596159,1785593923154069102,officehome,frozen,,4
officehome,officehome_convnext_frozen__split08__seed4,results/confirmatory_400r/runs/officehome_convnext_frozen__split08__seed4_logits.npz,1596774,1785594544103987903,officehome,frozen,,4
officehome,officehome_convnext_frozen__split09__seed0,results/confirmatory_400r/runs/officehome_convnext_frozen__split09__seed0_logits.npz,1592529,1785595950277644401,officehome,frozen,,4
officehome,officehome_convnext_frozen__split09__seed1,results/confirmatory_400r/runs/officehome_convnext_frozen__split09__seed1_logits.npz,1593031,1785597173394153860,officehome,frozen,,4
officehome,officehome_convnext_frozen__split09__seed2,results/confirmatory_400r/runs/officehome_convnext_frozen__split09__seed2_logits.npz,1593191,1785598794788239677,officehome,frozen,,4
officehome,officehome_convnext_frozen__split09__seed3,results/confirmatory_400r/runs/officehome_convnext_frozen__split09__seed3_logits.npz,1592351,1785599263903940415,officehome,frozen,,4
officehome,officehome_convnext_frozen__split09__seed4,results/confirmatory_400r/runs/officehome_convnext_frozen__split09__seed4_logits.npz,1592246,1785599830472530479,officehome,frozen,,4
officehome,officehome_convnext_full__split00__seed0,results/confirmatory_400r/runs/officehome_convnext_full__split00__seed0_logits.npz,1590334,1785444994711650816,officehome,full,,4
officehome,officehome_convnext_full__split00__seed1,results/confirmatory_400r/runs/officehome_convnext_full__split00__seed1_logits.npz,1590208,1785447493280583201,officehome,full,,4
officehome,officehome_convnext_full__split00__seed2,results/confirmatory_400r/runs/officehome_convnext_full__split00__seed2_logits.npz,1590488,1785450602157674334,officehome,full,,4
officehome,officehome_convnext_full__split00__seed3,results/confirmatory_400r/runs/officehome_convnext_full__split00__seed3_logits.npz,1590590,1785454092518177764,officehome,full,,4
officehome,officehome_convnext_full__split00__seed4,results/confirmatory_400r/runs/officehome_convnext_full__split00__seed4_logits.npz,1590800,1785453981046523686,officehome,full,,4
officehome,officehome_convnext_full__split01__seed0,results/confirmatory_400r/runs/officehome_convnext_full__split01__seed0_logits.npz,1632364,1785456556698243688,officehome,full,,4
officehome,officehome_convnext_full__split01__seed1,results/confirmatory_400r/runs/officehome_convnext_full__split01__seed1_logits.npz,1632301,1785457299460610889,officehome,full,,4
officehome,officehome_convnext_full__split01__seed2,results/confirmatory_400r/runs/officehome_convnext_full__split01__seed2_logits.npz,1632559,1785460585679100742,officehome,full,,4
officehome,officehome_convnext_full__split01__seed3,results/confirmatory_400r/runs/officehome_convnext_full__split01__seed3_logits.npz,1632184,1785460794561935080,officehome,full,,4
officehome,officehome_convnext_full__split01__seed4,results/confirmatory_400r/runs/officehome_convnext_full__split01__seed4_logits.npz,1631909,1785463211831170390,officehome,full,,4
officehome,officehome_convnext_full__split02__seed0,results/confirmatory_400r/runs/officehome_convnext_full__split02__seed0_logits.npz,1616368,1785464407813821622,officehome,full,,4
officehome,officehome_convnext_full__split02__seed1,results/confirmatory_400r/runs/officehome_convnext_full__split02__seed1_logits.npz,1615461,1785467376476026627,officehome,full,,4
officehome,officehome_convnext_full__split02__seed2,results/confirmatory_400r/runs/officehome_convnext_full__split02__seed2_logits.npz,1616147,1785467684572201833,officehome,full,,4
officehome,officehome_convnext_full__split02__seed3,results/confirmatory_400r/runs/officehome_convnext_full__split02__seed3_logits.npz,1617075,1785470082685477625,officehome,full,,4
officehome,officehome_convnext_full__split02__seed4,results/confirmatory_400r/runs/officehome_convnext_full__split02__seed4_logits.npz,1615782,1785471303843310308,officehome,full,,4
officehome,officehome_convnext_full__split03__seed0,results/confirmatory_400r/runs/officehome_convnext_full__split03__seed0_logits.npz,1628808,1785474006704680600,officehome,full,,4
officehome,officehome_convnext_full__split03__seed1,results/confirmatory_400r/runs/officehome_convnext_full__split03__seed1_logits.npz,1630222,1785474663980447952,officehome,full,,4
officehome,officehome_convnext_full__split03__seed2,results/confirmatory_400r/runs/officehome_convnext_full__split03__seed2_logits.npz,1630628,1785476806093594225,officehome,full,,4
officehome,officehome_convnext_full__split03__seed3,results/confirmatory_400r/runs/officehome_convnext_full__split03__seed3_logits.npz,1628903,1785478063446921369,officehome,full,,4
officehome,officehome_convnext_full__split03__seed4,results/confirmatory_400r/runs/officehome_convnext_full__split03__seed4_logits.npz,1630096,1785480689835503979,officehome,full,,4
officehome,officehome_convnext_full__split04__seed0,results/confirmatory_400r/runs/officehome_convnext_full__split04__seed0_logits.npz,1606456,1785481676138110477,officehome,full,,4
officehome,officehome_convnext_full__split04__seed1,results/confirmatory_400r/runs/officehome_convnext_full__split04__seed1_logits.npz,1606063,1785483794353541200,officehome,full,,4
officehome,officehome_convnext_full__split04__seed2,results/confirmatory_400r/runs/officehome_convnext_full__split04__seed2_logits.npz,1606007,1785485070895810371,officehome,full,,4
officehome,officehome_convnext_full__split04__seed3,results/confirmatory_400r/runs/officehome_convnext_full__split04__seed3_logits.npz,1606632,1785487624441793725,officehome,full,,4
officehome,officehome_convnext_full__split04__seed4,results/confirmatory_400r/runs/officehome_convnext_full__split04__seed4_logits.npz,1606156,1785488672416467271,officehome,full,,4
officehome,officehome_convnext_full__split05__seed0,results/confirmatory_400r/runs/officehome_convnext_full__split05__seed0_logits.npz,1611437,1785490751282259524,officehome,full,,4
officehome,officehome_convnext_full__split05__seed1,results/confirmatory_400r/runs/officehome_convnext_full__split05__seed1_logits.npz,1612101,1785492039407375680,officehome,full,,4
officehome,officehome_convnext_full__split05__seed2,results/confirmatory_400r/runs/officehome_convnext_full__split05__seed2_logits.npz,1611698,1785494514093600319,officehome,full,,4
officehome,officehome_convnext_full__split05__seed3,results/confirmatory_400r/runs/officehome_convnext_full__split05__seed3_logits.npz,1611455,1785495588842493801,officehome,full,,4
officehome,officehome_convnext_full__split05__seed4,results/confirmatory_400r/runs/officehome_convnext_full__split05__seed4_logits.npz,1611893,1785497876948989593,officehome,full,,4
officehome,officehome_convnext_full__split06__seed0,results/confirmatory_400r/runs/officehome_convnext_full__split06__seed0_logits.npz,1629689,1785499119484786961,officehome,full,,4
officehome,officehome_convnext_full__split06__seed1,results/confirmatory_400r/runs/officehome_convnext_full__split06__seed1_logits.npz,1629373,1785501415318527946,officehome,full,,4
officehome,officehome_convnext_full__split06__seed2,results/confirmatory_400r/runs/officehome_convnext_full__split06__seed2_logits.npz,1629187,1785502395299502728,officehome,full,,4
officehome,officehome_convnext_full__split06__seed3,results/confirmatory_400r/runs/officehome_convnext_full__split06__seed3_logits.npz,1629638,1785504780126067178,officehome,full,,4
officehome,officehome_convnext_full__split06__seed4,results/confirmatory_400r/runs/officehome_convnext_full__split06__seed4_logits.npz,1628816,1785506345016799331,officehome,full,,4
officehome,officehome_convnext_full__split07__seed0,results/confirmatory_400r/runs/officehome_convnext_full__split07__seed0_logits.npz,1618739,1785508085554009201,officehome,full,,4
officehome,officehome_convnext_full__split07__seed1,results/confirmatory_400r/runs/officehome_convnext_full__split07__seed1_logits.npz,1619280,1785509399483072808,officehome,full,,4
officehome,officehome_convnext_full__split07__seed2,results/confirmatory_400r/runs/officehome_convnext_full__split07__seed2_logits.npz,1618613,1785511505438417047,officehome,full,,4
officehome,officehome_convnext_full__split07__seed3,results/confirmatory_400r/runs/officehome_convnext_full__split07__seed3_logits.npz,1619248,1785513110118631836,officehome,full,,4
officehome,officehome_convnext_full__split07__seed4,results/confirmatory_400r/runs/officehome_convnext_full__split07__seed4_logits.npz,1619602,1785514711107987831,officehome,full,,4
officehome,officehome_convnext_full__split08__seed0,results/confirmatory_400r/runs/officehome_convnext_full__split08__seed0_logits.npz,1622753,1785516598453607107,officehome,full,,4
officehome,officehome_convnext_full__split08__seed1,results/confirmatory_400r/runs/officehome_convnext_full__split08__seed1_logits.npz,1622923,1785518455793719349,officehome,full,,4
officehome,officehome_convnext_full__split08__seed2,results/confirmatory_400r/runs/officehome_convnext_full__split08__seed2_logits.npz,1622919,1785520302179402468,officehome,full,,4
officehome,officehome_convnext_full__split08__seed3,results/confirmatory_400r/runs/officehome_convnext_full__split08__seed3_logits.npz,1623004,1785521917230728877,officehome,full,,4
officehome,officehome_convnext_full__split08__seed4,results/confirmatory_400r/runs/officehome_convnext_full__split08__seed4_logits.npz,1622603,1785523506189509749,officehome,full,,4
officehome,officehome_convnext_full__split09__seed0,results/confirmatory_400r/runs/officehome_convnext_full__split09__seed0_logits.npz,1616583,1785525255089955526,officehome,full,,4
officehome,officehome_convnext_full__split09__seed1,results/confirmatory_400r/runs/officehome_convnext_full__split09__seed1_logits.npz,1616184,1785527076332304029,officehome,full,,4
officehome,officehome_convnext_full__split09__seed2,results/confirmatory_400r/runs/officehome_convnext_full__split09__seed2_logits.npz,1616651,1785528683041603381,officehome,full,,4
officehome,officehome_convnext_full__split09__seed3,results/confirmatory_400r/runs/officehome_convnext_full__split09__seed3_logits.npz,1616361,1785530332647669957,officehome,full,,4
officehome,officehome_convnext_full__split09__seed4,results/confirmatory_400r/runs/officehome_convnext_full__split09__seed4_logits.npz,1616560,1785532242029857642,officehome,full,,4
pathmnist_resnext,resnext29_8x64d__pathmnist_split_00__seed0__d0.5,runs/medmnist_sweep/cells/resnext29_8x64d__pathmnist_split_00__seed0__d0.5_common.npz,272767,1786402760186901459,pathmnist,d0.5,0.5,5
pathmnist_resnext,resnext29_8x64d__pathmnist_split_00__seed0__d5.0,runs/medmnist_sweep/cells/resnext29_8x64d__pathmnist_split_00__seed0__d5.0_common.npz,264161,1786404224758980389,pathmnist,d5,5.0,5
pathmnist_resnext,resnext29_8x64d__pathmnist_split_00__seed1__d0.5,runs/medmnist_sweep/cells/resnext29_8x64d__pathmnist_split_00__seed1__d0.5_common.npz,271406,1786416963452125292,pathmnist,d0.5,0.5,5
pathmnist_resnext,resnext29_8x64d__pathmnist_split_00__seed1__d5.0,runs/medmnist_sweep/cells/resnext29_8x64d__pathmnist_split_00__seed1__d5.0_common.npz,265161,1786418414116170492,pathmnist,d5,5.0,5
pathmnist_resnext,resnext29_8x64d__pathmnist_split_00__seed2__d0.5,runs/medmnist_sweep/cells/resnext29_8x64d__pathmnist_split_00__seed2__d0.5_common.npz,271404,1786431162323886880,pathmnist,d0.5,0.5,5
pathmnist_resnext,resnext29_8x64d__pathmnist_split_00__seed2__d5.0,runs/medmnist_sweep/cells/resnext29_8x64d__pathmnist_split_00__seed2__d5.0_common.npz,262946,1786432599520400010,pathmnist,d5,5.0,5
pathmnist_resnext,resnext29_8x64d__pathmnist_split_00__seed3__d0.5,runs/medmnist_sweep/cells/resnext29_8x64d__pathmnist_split_00__seed3__d0.5_common.npz,273746,1786457141390239894,pathmnist,d0.5,0.5,5
pathmnist_resnext,resnext29_8x64d__pathmnist_split_00__seed3__d5.0,runs/medmnist_sweep/cells/resnext29_8x64d__pathmnist_split_00__seed3__d5.0_common.npz,262706,1786460631947781468,pathmnist,d5,5.0,5
pathmnist_resnext,resnext29_8x64d__pathmnist_split_00__seed4__d0.5,runs/medmnist_sweep/cells/resnext29_8x64d__pathmnist_split_00__seed4__d0.5_common.npz,271420,1786485848895138801,pathmnist,d0.5,0.5,5
pathmnist_resnext,resnext29_8x64d__pathmnist_split_00__seed4__d5.0,runs/medmnist_sweep/cells/resnext29_8x64d__pathmnist_split_00__seed4__d5.0_common.npz,265236,1786488756882678448,pathmnist,d5,5.0,5
pathmnist_resnext,resnext29_8x64d__pathmnist_split_01__seed0__d0.5,runs/medmnist_sweep/cells/resnext29_8x64d__pathmnist_split_01__seed0__d0.5_common.npz,264478,1786514361284411435,pathmnist,d0.5,0.5,5
pathmnist_resnext,resnext29_8x64d__pathmnist_split_01__seed0__d5.0,runs/medmnist_sweep/cells/resnext29_8x64d__pathmnist_split_01__seed0__d5.0_common.npz,261851,1786517162396920645,pathmnist,d5,5.0,5
pathmnist_resnext,resnext29_8x64d__pathmnist_split_01__seed1__d0.5,runs/medmnist_sweep/cells/resnext29_8x64d__pathmnist_split_01__seed1__d0.5_common.npz,264878,1786538912554531714,pathmnist,d0.5,0.5,5
pathmnist_resnext,resnext29_8x64d__pathmnist_split_01__seed1__d5.0,runs/medmnist_sweep/cells/resnext29_8x64d__pathmnist_split_01__seed1__d5.0_common.npz,261046,1786542921807380064,pathmnist,d5,5.0,5
pathmnist_resnext,resnext29_8x64d__pathmnist_split_01__seed2__d0.5,runs/medmnist_sweep/cells/resnext29_8x64d__pathmnist_split_01__seed2__d0.5_common.npz,263140,1786558694403084969,pathmnist,d0.5,0.5,5
pathmnist_resnext,resnext29_8x64d__pathmnist_split_01__seed2__d5.0,runs/medmnist_sweep/cells/resnext29_8x64d__pathmnist_split_01__seed2__d5.0_common.npz,258768,1786557345511905020,pathmnist,d5,5.0,5
pathmnist_resnext,resnext29_8x64d__pathmnist_split_01__seed3__d0.5,runs/medmnist_sweep/cells/resnext29_8x64d__pathmnist_split_01__seed3__d0.5_common.npz,263538,1786572923126997161,pathmnist,d0.5,0.5,5
pathmnist_resnext,resnext29_8x64d__pathmnist_split_01__seed3__d5.0,runs/medmnist_sweep/cells/resnext29_8x64d__pathmnist_split_01__seed3__d5.0_common.npz,263340,1786574254729287522,pathmnist,d5,5.0,5
pathmnist_resnext,resnext29_8x64d__pathmnist_split_01__seed4__d0.5,runs/medmnist_sweep/cells/resnext29_8x64d__pathmnist_split_01__seed4__d0.5_common.npz,265362,1786587341633247706,pathmnist,d0.5,0.5,5
pathmnist_resnext,resnext29_8x64d__pathmnist_split_01__seed4__d5.0,runs/medmnist_sweep/cells/resnext29_8x64d__pathmnist_split_01__seed4__d5.0_common.npz,262848,1786588685359935862,pathmnist,d5,5.0,5
pathmnist_resnext,resnext29_8x64d__pathmnist_split_02__seed0__d0.5,runs/medmnist_sweep/cells/resnext29_8x64d__pathmnist_split_02__seed0__d0.5_common.npz,280757,1786612187937825530,pathmnist,d0.5,0.5,5
pathmnist_resnext,resnext29_8x64d__pathmnist_split_02__seed0__d5.0,runs/medmnist_sweep/cells/resnext29_8x64d__pathmnist_split_02__seed0__d5.0_common.npz,269251,1786615174961565922,pathmnist,d5,5.0,5
pathmnist_resnext,resnext29_8x64d__pathmnist_split_02__seed1__d0.5,runs/medmnist_sweep/cells/resnext29_8x64d__pathmnist_split_02__seed1__d0.5_common.npz,275598,1786640156502599745,pathmnist,d0.5,0.5,5
pathmnist_resnext,resnext29_8x64d__pathmnist_split_02__seed1__d5.0,runs/medmnist_sweep/cells/resnext29_8x64d__pathmnist_split_02__seed1__d5.0_common.npz,273044,1786643282105010415,pathmnist,d5,5.0,5
pathmnist_resnext,resnext29_8x64d__pathmnist_split_02__seed2__d0.5,runs/medmnist_sweep/cells/resnext29_8x64d__pathmnist_split_02__seed2__d0.5_common.npz,276834,1786661665471934349,pathmnist,d0.5,0.5,5
pathmnist_resnext,resnext29_8x64d__pathmnist_split_02__seed2__d5.0,runs/medmnist_sweep/cells/resnext29_8x64d__pathmnist_split_02__seed2__d5.0_common.npz,269329,1786662548360248317,pathmnist,d5,5.0,5
pathmnist_resnext,resnext29_8x64d__pathmnist_split_02__seed3__d0.5,runs/medmnist_sweep/cells/resnext29_8x64d__pathmnist_split_02__seed3__d0.5_common.npz,278910,1786675769536873878,pathmnist,d0.5,0.5,5
pathmnist_resnext,resnext29_8x64d__pathmnist_split_02__seed3__d5.0,runs/medmnist_sweep/cells/resnext29_8x64d__pathmnist_split_02__seed3__d5.0_common.npz,270706,1786676649020501625,pathmnist,d5,5.0,5
pathmnist_resnext,resnext29_8x64d__pathmnist_split_02__seed4__d0.5,runs/medmnist_sweep/cells/resnext29_8x64d__pathmnist_split_02__seed4__d0.5_common.npz,275625,1786689867531942656,pathmnist,d0.5,0.5,5
pathmnist_resnext,resnext29_8x64d__pathmnist_split_02__seed4__d5.0,runs/medmnist_sweep/cells/resnext29_8x64d__pathmnist_split_02__seed4__d5.0_common.npz,269601,1786690758966857814,pathmnist,d5,5.0,5
pathmnist_resnext,resnext29_8x64d__pathmnist_split_03__seed0__d0.5,runs/medmnist_sweep/cells/resnext29_8x64d__pathmnist_split_03__seed0__d0.5_common.npz,277092,1786704832563004645,pathmnist,d0.5,0.5,5
pathmnist_resnext,resnext29_8x64d__pathmnist_split_03__seed0__d5.0,runs/medmnist_sweep/cells/resnext29_8x64d__pathmnist_split_03__seed0__d5.0_common.npz,270195,1786705726194170877,pathmnist,d5,5.0,5
pathmnist_resnext,resnext29_8x64d__pathmnist_split_03__seed1__d0.5,runs/medmnist_sweep/cells/resnext29_8x64d__pathmnist_split_03__seed1__d0.5_common.npz,272389,1786722382180974395,pathmnist,d0.5,0.5,5
pathmnist_resnext,resnext29_8x64d__pathmnist_split_03__seed1__d5.0,runs/medmnist_sweep/cells/resnext29_8x64d__pathmnist_split_03__seed1__d5.0_common.npz,272561,1786723247532599407,pathmnist,d5,5.0,5
pathmnist_resnext,resnext29_8x64d__pathmnist_split_03__seed2__d0.5,runs/medmnist_sweep/cells/resnext29_8x64d__pathmnist_split_03__seed2__d0.5_common.npz,280271,1786737348784407695,pathmnist,d0.5,0.5,5
pathmnist_resnext,resnext29_8x64d__pathmnist_split_03__seed2__d5.0,runs/medmnist_sweep/cells/resnext29_8x64d__pathmnist_split_03__seed2__d5.0_common.npz,272025,1786738225616291504,pathmnist,d5,5.0,5
pathmnist_resnext,resnext29_8x64d__pathmnist_split_03__seed3__d0.5,runs/medmnist_sweep/cells/resnext29_8x64d__pathmnist_split_03__seed3__d0.5_common.npz,276904,1786752313286954527,pathmnist,d0.5,0.5,5
pathmnist_resnext,resnext29_8x64d__pathmnist_split_03__seed3__d5.0,runs/medmnist_sweep/cells/resnext29_8x64d__pathmnist_split_03__seed3__d5.0_common.npz,276942,1786753195523747169,pathmnist,d5,5.0,5
pathmnist_resnext,resnext29_8x64d__pathmnist_split_03__seed4__d0.5,runs/medmnist_sweep/cells/resnext29_8x64d__pathmnist_split_03__seed4__d0.5_common.npz,277268,1786767270281024075,pathmnist,d0.5,0.5,5
pathmnist_resnext,resnext29_8x64d__pathmnist_split_03__seed4__d5.0,runs/medmnist_sweep/cells/resnext29_8x64d__pathmnist_split_03__seed4__d5.0_common.npz,271525,1786768168047787156,pathmnist,d5,5.0,5
pathmnist_resnext,resnext29_8x64d__pathmnist_split_04__seed0__d0.5,runs/medmnist_sweep/cells/resnext29_8x64d__pathmnist_split_04__seed0__d0.5_common.npz,285570,1786780212522475025,pathmnist,d0.5,0.5,5
pathmnist_resnext,resnext29_8x64d__pathmnist_split_04__seed0__d5.0,runs/medmnist_sweep/cells/resnext29_8x64d__pathmnist_split_04__seed0__d5.0_common.npz,278885,1786781133686565479,pathmnist,d5,5.0,5
pathmnist_resnext,resnext29_8x64d__pathmnist_split_04__seed1__d0.5,runs/medmnist_sweep/cells/resnext29_8x64d__pathmnist_split_04__seed1__d0.5_common.npz,286927,1786793165235230448,pathmnist,d0.5,0.5,5
pathmnist_resnext,resnext29_8x64d__pathmnist_split_04__seed1__d5.0,runs/medmnist_sweep/cells/resnext29_8x64d__pathmnist_split_04__seed1__d5.0_common.npz,274787,1786794093072597592,pathmnist,d5,5.0,5
pathmnist_resnext,resnext29_8x64d__pathmnist_split_04__seed2__d0.5,runs/medmnist_sweep/cells/resnext29_8x64d__pathmnist_split_04__seed2__d0.5_common.npz,278218,1786865538962755640,pathmnist,d0.5,0.5,5
pathmnist_resnext,resnext29_8x64d__pathmnist_split_04__seed2__d5.0,runs/medmnist_sweep/cells/resnext29_8x64d__pathmnist_split_04__seed2__d5.0_common.npz,276890,1786865373539189374,pathmnist,d5,5.0,5
pathmnist_resnext,resnext29_8x64d__pathmnist_split_04__seed3__d0.5,runs/medmnist_sweep/cells/resnext29_8x64d__pathmnist_split_04__seed3__d0.5_common.npz,281212,1786878147748703376,pathmnist,d0.5,0.5,5
pathmnist_resnext,resnext29_8x64d__pathmnist_split_04__seed3__d5.0,runs/medmnist_sweep/cells/resnext29_8x64d__pathmnist_split_04__seed3__d5.0_common.npz,274180,1786878476560747906,pathmnist,d5,5.0,5
pathmnist_resnext,resnext29_8x64d__pathmnist_split_04__seed4__d0.5,runs/medmnist_sweep/cells/resnext29_8x64d__pathmnist_split_04__seed4__d0.5_common.npz,286627,1786890915492723424,pathmnist,d0.5,0.5,5
pathmnist_resnext,resnext29_8x64d__pathmnist_split_04__seed4__d5.0,runs/medmnist_sweep/cells/resnext29_8x64d__pathmnist_split_04__seed4__d5.0_common.npz,276497,1786891430675845947,pathmnist,d5,5.0,5
