model,arm,budget,protection_t,mean,audit_sd,passes,mean_actual_labels
cifar10_proser_fedavg__split00__seed0__d5.0,uniform/hypergeom,128,1.0,0.0,0.0,0,128.0
cifar10_proser_fedavg__split00__seed1__d5.0,uniform/hypergeom,128,1.0,0.0,0.0,0,128.0
cifar10_proser_fedavg__split00__seed2__d5.0,uniform/hypergeom,128,1.0,0.0,0.0,0,128.0
cifar10_proser_fedavg__split00__seed0__d5.0,neyman/hypergeom,128,1.0,0.0,0.0,0,128.0
cifar10_proser_fedavg__split00__seed1__d5.0,neyman/hypergeom,128,1.0,0.0,0.0,0,128.0
cifar10_proser_fedavg__split00__seed2__d5.0,neyman/hypergeom,128,1.0,0.0,0.0,0,128.0
cifar10_proser_fedavg__split00__seed0__d5.0,bottleneck/hypergeom,128,1.0,0.0,0.0,0,128.0
cifar10_proser_fedavg__split00__seed1__d5.0,bottleneck/hypergeom,128,1.0,0.0,0.0,0,128.0
cifar10_proser_fedavg__split00__seed2__d5.0,bottleneck/hypergeom,128,1.0,0.0,0.0,0,128.0
cifar10_proser_fedavg__split00__seed0__d5.0,joint/hypergeom,128,1.0,0.0,0.0,0,128.0
cifar10_proser_fedavg__split00__seed1__d5.0,joint/hypergeom,128,1.0,0.0,0.0,0,128.0
cifar10_proser_fedavg__split00__seed2__d5.0,joint/hypergeom,128,1.0,0.0,0.0,0,128.0
cifar10_proser_fedavg__split00__seed0__d5.0,matched_single/hypergeom,128,1.0,0.0,0.0,0,128.0
cifar10_proser_fedavg__split00__seed1__d5.0,matched_single/hypergeom,128,1.0,0.0,0.0,0,128.0
cifar10_proser_fedavg__split00__seed2__d5.0,matched_single/hypergeom,128,1.0,0.0,0.0,0,128.0
cifar10_proser_fedavg__split00__seed0__d5.0,deficit_greedy/hypergeom,128,1.0,0.0,0.0,0,128.0
cifar10_proser_fedavg__split00__seed1__d5.0,deficit_greedy/hypergeom,128,1.0,0.0,0.0,0,128.0
cifar10_proser_fedavg__split00__seed2__d5.0,deficit_greedy/hypergeom,128,1.0,0.0,0.0,0,128.0
cifar10_proser_fedavg__split00__seed0__d5.0,proportional/alpha_st,128,1.0,0.0,0.0,0,128.0
cifar10_proser_fedavg__split00__seed1__d5.0,proportional/alpha_st,128,1.0,0.0,0.0,0,128.0
cifar10_proser_fedavg__split00__seed2__d5.0,proportional/alpha_st,128,1.0,0.0,0.0,0,128.0
cifar10_proser_fedavg__split00__seed0__d5.0,joint/alpha_st,128,1.0,0.0,0.0,0,128.0
cifar10_proser_fedavg__split00__seed1__d5.0,joint/alpha_st,128,1.0,0.0,0.0,0,128.0
cifar10_proser_fedavg__split00__seed2__d5.0,joint/alpha_st,128,1.0,0.0,0.0,0,128.0
cifar10_proser_fedavg__split00__seed0__d5.0,deficit_greedy/alpha_st,128,1.0,0.0,0.0,0,128.0
cifar10_proser_fedavg__split00__seed1__d5.0,deficit_greedy/alpha_st,128,1.0,0.0,0.0,0,128.0
cifar10_proser_fedavg__split00__seed2__d5.0,deficit_greedy/alpha_st,128,1.0,0.0,0.0,0,128.0
cifar10_proser_fedavg__split00__seed0__d5.0,uniform/hypergeom,128,0.5,0.0,0.0,0,128.0
cifar10_proser_fedavg__split00__seed1__d5.0,uniform/hypergeom,128,0.5,0.0,0.0,0,128.0
cifar10_proser_fedavg__split00__seed2__d5.0,uniform/hypergeom,128,0.5,0.0,0.0,0,128.0
cifar10_proser_fedavg__split00__seed0__d5.0,neyman/hypergeom,128,0.5,0.0,0.0,0,128.0
cifar10_proser_fedavg__split00__seed1__d5.0,neyman/hypergeom,128,0.5,0.0,0.0,0,128.0
cifar10_proser_fedavg__split00__seed2__d5.0,neyman/hypergeom,128,0.5,0.0,0.0,0,128.0
cifar10_proser_fedavg__split00__seed0__d5.0,bottleneck/hypergeom,128,0.5,0.0,0.0,0,128.0
cifar10_proser_fedavg__split00__seed1__d5.0,bottleneck/hypergeom,128,0.5,0.0,0.0,0,128.0
cifar10_proser_fedavg__split00__seed2__d5.0,bottleneck/hypergeom,128,0.5,0.0,0.0,0,128.0
cifar10_proser_fedavg__split00__seed0__d5.0,joint/hypergeom,128,0.5,0.0,0.0,0,128.0
cifar10_proser_fedavg__split00__seed1__d5.0,joint/hypergeom,128,0.5,0.0,0.0,0,128.0
cifar10_proser_fedavg__split00__seed2__d5.0,joint/hypergeom,128,0.5,0.0245,0.01690660620388768,7,128.0
cifar10_proser_fedavg__split00__seed0__d5.0,matched_single/hypergeom,128,0.5,0.0,0.0,0,128.0
cifar10_proser_fedavg__split00__seed1__d5.0,matched_single/hypergeom,128,0.5,0.0,0.0,0,128.0
cifar10_proser_fedavg__split00__seed2__d5.0,matched_single/hypergeom,128,0.5,0.0,0.0,0,128.0
cifar10_proser_fedavg__split00__seed0__d5.0,deficit_greedy/hypergeom,128,0.5,0.0,0.0,0,128.0
cifar10_proser_fedavg__split00__seed1__d5.0,deficit_greedy/hypergeom,128,0.5,0.0,0.0,0,128.0
cifar10_proser_fedavg__split00__seed2__d5.0,deficit_greedy/hypergeom,128,0.5,0.03149999999999999,0.011067971810589326,9,128.0
cifar10_proser_fedavg__split00__seed0__d5.0,proportional/alpha_st,128,0.5,0.0,0.0,0,128.0
cifar10_proser_fedavg__split00__seed1__d5.0,proportional/alpha_st,128,0.5,0.0,0.0,0,128.0
cifar10_proser_fedavg__split00__seed2__d5.0,proportional/alpha_st,128,0.5,0.0,0.0,0,128.0
cifar10_proser_fedavg__split00__seed0__d5.0,joint/alpha_st,128,0.5,0.0,0.0,0,128.0
cifar10_proser_fedavg__split00__seed1__d5.0,joint/alpha_st,128,0.5,0.0,0.0,0,128.0
cifar10_proser_fedavg__split00__seed2__d5.0,joint/alpha_st,128,0.5,0.0245,0.01690660620388768,7,128.0
cifar10_proser_fedavg__split00__seed0__d5.0,deficit_greedy/alpha_st,128,0.5,0.0,0.0,0,128.0
cifar10_proser_fedavg__split00__seed1__d5.0,deficit_greedy/alpha_st,128,0.5,0.0,0.0,0,128.0
cifar10_proser_fedavg__split00__seed2__d5.0,deficit_greedy/alpha_st,128,0.5,0.03149999999999999,0.011067971810589326,9,128.0
cifar10_proser_fedavg__split00__seed0__d5.0,uniform/hypergeom,256,1.0,0.0,0.0,0,256.0
cifar10_proser_fedavg__split00__seed1__d5.0,uniform/hypergeom,256,1.0,0.0,0.0,0,256.0
cifar10_proser_fedavg__split00__seed2__d5.0,uniform/hypergeom,256,1.0,0.0,0.0,0,256.0
cifar10_proser_fedavg__split00__seed0__d5.0,neyman/hypergeom,256,1.0,0.0,0.0,0,256.0
cifar10_proser_fedavg__split00__seed1__d5.0,neyman/hypergeom,256,1.0,0.0,0.0,0,256.0
cifar10_proser_fedavg__split00__seed2__d5.0,neyman/hypergeom,256,1.0,0.0,0.0,0,256.0
cifar10_proser_fedavg__split00__seed0__d5.0,bottleneck/hypergeom,256,1.0,0.0,0.0,0,256.0
cifar10_proser_fedavg__split00__seed1__d5.0,bottleneck/hypergeom,256,1.0,0.0,0.0,0,256.0
cifar10_proser_fedavg__split00__seed2__d5.0,bottleneck/hypergeom,256,1.0,0.0,0.0,0,256.0
cifar10_proser_fedavg__split00__seed0__d5.0,joint/hypergeom,256,1.0,0.0,0.0,0,256.0
cifar10_proser_fedavg__split00__seed1__d5.0,joint/hypergeom,256,1.0,0.0,0.0,0,256.0
cifar10_proser_fedavg__split00__seed2__d5.0,joint/hypergeom,256,1.0,0.0,0.0,0,256.0
cifar10_proser_fedavg__split00__seed0__d5.0,matched_single/hypergeom,256,1.0,0.0,0.0,0,256.0
cifar10_proser_fedavg__split00__seed1__d5.0,matched_single/hypergeom,256,1.0,0.0,0.0,0,256.0
cifar10_proser_fedavg__split00__seed2__d5.0,matched_single/hypergeom,256,1.0,0.0,0.0,0,256.0
cifar10_proser_fedavg__split00__seed0__d5.0,deficit_greedy/hypergeom,256,1.0,0.0,0.0,0,256.0
cifar10_proser_fedavg__split00__seed1__d5.0,deficit_greedy/hypergeom,256,1.0,0.0,0.0,0,256.0
cifar10_proser_fedavg__split00__seed2__d5.0,deficit_greedy/hypergeom,256,1.0,0.0,0.0,0,256.0
cifar10_proser_fedavg__split00__seed0__d5.0,proportional/alpha_st,256,1.0,0.0,0.0,0,256.0
cifar10_proser_fedavg__split00__seed1__d5.0,proportional/alpha_st,256,1.0,0.0,0.0,0,256.0
cifar10_proser_fedavg__split00__seed2__d5.0,proportional/alpha_st,256,1.0,0.0,0.0,0,256.0
cifar10_proser_fedavg__split00__seed0__d5.0,joint/alpha_st,256,1.0,0.0,0.0,0,256.0
cifar10_proser_fedavg__split00__seed1__d5.0,joint/alpha_st,256,1.0,0.0,0.0,0,256.0
cifar10_proser_fedavg__split00__seed2__d5.0,joint/alpha_st,256,1.0,0.0,0.0,0,256.0
cifar10_proser_fedavg__split00__seed0__d5.0,deficit_greedy/alpha_st,256,1.0,0.0,0.0,0,256.0
cifar10_proser_fedavg__split00__seed1__d5.0,deficit_greedy/alpha_st,256,1.0,0.0,0.0,0,256.0
cifar10_proser_fedavg__split00__seed2__d5.0,deficit_greedy/alpha_st,256,1.0,0.0,0.0,0,256.0
cifar10_proser_fedavg__split00__seed0__d5.0,uniform/hypergeom,256,0.5,0.0,0.0,0,256.0
cifar10_proser_fedavg__split00__seed1__d5.0,uniform/hypergeom,256,0.5,0.0,0.0,0,256.0
cifar10_proser_fedavg__split00__seed2__d5.0,uniform/hypergeom,256,0.5,0.0,0.0,0,256.0
cifar10_proser_fedavg__split00__seed0__d5.0,neyman/hypergeom,256,0.5,0.0,0.0,0,256.0
cifar10_proser_fedavg__split00__seed1__d5.0,neyman/hypergeom,256,0.5,0.0,0.0,0,256.0
cifar10_proser_fedavg__split00__seed2__d5.0,neyman/hypergeom,256,0.5,0.0,0.0,0,256.0
cifar10_proser_fedavg__split00__seed0__d5.0,bottleneck/hypergeom,256,0.5,0.0,0.0,0,256.0
cifar10_proser_fedavg__split00__seed1__d5.0,bottleneck/hypergeom,256,0.5,0.0,0.0,0,256.0
cifar10_proser_fedavg__split00__seed2__d5.0,bottleneck/hypergeom,256,0.5,0.0,0.0,0,256.0
cifar10_proser_fedavg__split00__seed0__d5.0,joint/hypergeom,256,0.5,0.060750000000000005,0.0,10,256.0
cifar10_proser_fedavg__split00__seed1__d5.0,joint/hypergeom,256,0.5,0.0,0.0,0,256.0
cifar10_proser_fedavg__split00__seed2__d5.0,joint/hypergeom,256,0.5,0.03499999999999999,7.314236392868128e-18,10,256.0
cifar10_proser_fedavg__split00__seed0__d5.0,matched_single/hypergeom,256,0.5,0.047825000000000006,0.025321557021636725,8,256.0
cifar10_proser_fedavg__split00__seed1__d5.0,matched_single/hypergeom,256,0.5,0.0,0.0,0,256.0
cifar10_proser_fedavg__split00__seed2__d5.0,matched_single/hypergeom,256,0.5,0.027999999999999997,0.014757295747452435,8,256.0
cifar10_proser_fedavg__split00__seed0__d5.0,deficit_greedy/hypergeom,256,0.5,0.060750000000000005,0.0,10,256.0
cifar10_proser_fedavg__split00__seed1__d5.0,deficit_greedy/hypergeom,256,0.5,0.0,0.0,0,256.0
cifar10_proser_fedavg__split00__seed2__d5.0,deficit_greedy/hypergeom,256,0.5,0.03499999999999999,7.314236392868128e-18,10,256.0
cifar10_proser_fedavg__split00__seed0__d5.0,proportional/alpha_st,256,0.5,0.0,0.0,0,256.0
cifar10_proser_fedavg__split00__seed1__d5.0,proportional/alpha_st,256,0.5,0.0,0.0,0,256.0
cifar10_proser_fedavg__split00__seed2__d5.0,proportional/alpha_st,256,0.5,0.0,0.0,0,256.0
cifar10_proser_fedavg__split00__seed0__d5.0,joint/alpha_st,256,0.5,0.060750000000000005,0.0,10,256.0
cifar10_proser_fedavg__split00__seed1__d5.0,joint/alpha_st,256,0.5,0.0,0.0,0,256.0
cifar10_proser_fedavg__split00__seed2__d5.0,joint/alpha_st,256,0.5,0.03499999999999999,7.314236392868128e-18,10,256.0
cifar10_proser_fedavg__split00__seed0__d5.0,deficit_greedy/alpha_st,256,0.5,0.060750000000000005,0.0,10,256.0
cifar10_proser_fedavg__split00__seed1__d5.0,deficit_greedy/alpha_st,256,0.5,0.0,0.0,0,256.0
cifar10_proser_fedavg__split00__seed2__d5.0,deficit_greedy/alpha_st,256,0.5,0.03499999999999999,7.314236392868128e-18,10,256.0
cifar10_proser_fedavg__split00__seed0__d5.0,uniform/hypergeom,512,1.0,0.0,0.0,0,512.0
cifar10_proser_fedavg__split00__seed1__d5.0,uniform/hypergeom,512,1.0,0.0,0.0,0,512.0
cifar10_proser_fedavg__split00__seed2__d5.0,uniform/hypergeom,512,1.0,0.0,0.0,0,512.0
cifar10_proser_fedavg__split00__seed0__d5.0,neyman/hypergeom,512,1.0,0.0,0.0,0,512.0
cifar10_proser_fedavg__split00__seed1__d5.0,neyman/hypergeom,512,1.0,0.0,0.0,0,512.0
cifar10_proser_fedavg__split00__seed2__d5.0,neyman/hypergeom,512,1.0,0.0,0.0,0,512.0
cifar10_proser_fedavg__split00__seed0__d5.0,bottleneck/hypergeom,512,1.0,0.0,0.0,0,512.0
cifar10_proser_fedavg__split00__seed1__d5.0,bottleneck/hypergeom,512,1.0,0.0,0.0,0,512.0
cifar10_proser_fedavg__split00__seed2__d5.0,bottleneck/hypergeom,512,1.0,0.0,0.0,0,512.0
cifar10_proser_fedavg__split00__seed0__d5.0,joint/hypergeom,512,1.0,0.0,0.0,0,512.0
cifar10_proser_fedavg__split00__seed1__d5.0,joint/hypergeom,512,1.0,0.0,0.0,0,512.0
cifar10_proser_fedavg__split00__seed2__d5.0,joint/hypergeom,512,1.0,0.0,0.0,0,512.0
cifar10_proser_fedavg__split00__seed0__d5.0,matched_single/hypergeom,512,1.0,0.0,0.0,0,512.0
cifar10_proser_fedavg__split00__seed1__d5.0,matched_single/hypergeom,512,1.0,0.0,0.0,0,512.0
cifar10_proser_fedavg__split00__seed2__d5.0,matched_single/hypergeom,512,1.0,0.0,0.0,0,512.0
cifar10_proser_fedavg__split00__seed0__d5.0,deficit_greedy/hypergeom,512,1.0,0.0,0.0,0,512.0
cifar10_proser_fedavg__split00__seed1__d5.0,deficit_greedy/hypergeom,512,1.0,0.0,0.0,0,512.0
cifar10_proser_fedavg__split00__seed2__d5.0,deficit_greedy/hypergeom,512,1.0,0.0,0.0,0,512.0
cifar10_proser_fedavg__split00__seed0__d5.0,proportional/alpha_st,512,1.0,0.0,0.0,0,512.0
cifar10_proser_fedavg__split00__seed1__d5.0,proportional/alpha_st,512,1.0,0.0,0.0,0,512.0
cifar10_proser_fedavg__split00__seed2__d5.0,proportional/alpha_st,512,1.0,0.0,0.0,0,512.0
cifar10_proser_fedavg__split00__seed0__d5.0,joint/alpha_st,512,1.0,0.0,0.0,0,512.0
cifar10_proser_fedavg__split00__seed1__d5.0,joint/alpha_st,512,1.0,0.0,0.0,0,512.0
cifar10_proser_fedavg__split00__seed2__d5.0,joint/alpha_st,512,1.0,0.0,0.0,0,512.0
cifar10_proser_fedavg__split00__seed0__d5.0,deficit_greedy/alpha_st,512,1.0,0.0,0.0,0,512.0
cifar10_proser_fedavg__split00__seed1__d5.0,deficit_greedy/alpha_st,512,1.0,0.0,0.0,0,512.0
cifar10_proser_fedavg__split00__seed2__d5.0,deficit_greedy/alpha_st,512,1.0,0.0,0.0,0,512.0
cifar10_proser_fedavg__split00__seed0__d5.0,uniform/hypergeom,512,0.5,0.0,0.0,0,512.0
cifar10_proser_fedavg__split00__seed1__d5.0,uniform/hypergeom,512,0.5,0.0,0.0,0,512.0
cifar10_proser_fedavg__split00__seed2__d5.0,uniform/hypergeom,512,0.5,0.0,0.0,0,512.0
cifar10_proser_fedavg__split00__seed0__d5.0,neyman/hypergeom,512,0.5,0.0,0.0,0,512.0
cifar10_proser_fedavg__split00__seed1__d5.0,neyman/hypergeom,512,0.5,0.0,0.0,0,512.0
cifar10_proser_fedavg__split00__seed2__d5.0,neyman/hypergeom,512,0.5,0.0,0.0,0,512.0
cifar10_proser_fedavg__split00__seed0__d5.0,bottleneck/hypergeom,512,0.5,0.024300000000000002,0.031371165104280084,4,512.0
cifar10_proser_fedavg__split00__seed1__d5.0,bottleneck/hypergeom,512,0.5,0.0,0.0,0,512.0
cifar10_proser_fedavg__split00__seed2__d5.0,bottleneck/hypergeom,512,0.5,0.027999999999999997,0.014757295747452435,8,512.0
cifar10_proser_fedavg__split00__seed0__d5.0,joint/hypergeom,512,0.5,0.060750000000000005,0.0,10,512.0
cifar10_proser_fedavg__split00__seed1__d5.0,joint/hypergeom,512,0.5,0.15100000000000002,0.0,10,512.0
cifar10_proser_fedavg__split00__seed2__d5.0,joint/hypergeom,512,0.5,0.03499999999999999,7.314236392868128e-18,10,512.0
cifar10_proser_fedavg__split00__seed0__d5.0,matched_single/hypergeom,512,0.5,0.060750000000000005,0.0,10,512.0
cifar10_proser_fedavg__split00__seed1__d5.0,matched_single/hypergeom,512,0.5,0.15100000000000002,0.0,10,512.0
cifar10_proser_fedavg__split00__seed2__d5.0,matched_single/hypergeom,512,0.5,0.03499999999999999,7.314236392868128e-18,10,512.0
cifar10_proser_fedavg__split00__seed0__d5.0,deficit_greedy/hypergeom,512,0.5,0.060750000000000005,0.0,10,512.0
cifar10_proser_fedavg__split00__seed1__d5.0,deficit_greedy/hypergeom,512,0.5,0.15100000000000002,0.0,10,512.0
cifar10_proser_fedavg__split00__seed2__d5.0,deficit_greedy/hypergeom,512,0.5,0.03499999999999999,7.314236392868128e-18,10,512.0
cifar10_proser_fedavg__split00__seed0__d5.0,proportional/alpha_st,512,0.5,0.0,0.0,0,512.0
cifar10_proser_fedavg__split00__seed1__d5.0,proportional/alpha_st,512,0.5,0.0,0.0,0,512.0
cifar10_proser_fedavg__split00__seed2__d5.0,proportional/alpha_st,512,0.5,0.0,0.0,0,512.0
cifar10_proser_fedavg__split00__seed0__d5.0,joint/alpha_st,512,0.5,0.060750000000000005,0.0,10,512.0
cifar10_proser_fedavg__split00__seed1__d5.0,joint/alpha_st,512,0.5,0.13590000000000002,0.047750392668542536,9,512.0
cifar10_proser_fedavg__split00__seed2__d5.0,joint/alpha_st,512,0.5,0.03499999999999999,7.314236392868128e-18,10,512.0
cifar10_proser_fedavg__split00__seed0__d5.0,deficit_greedy/alpha_st,512,0.5,0.060750000000000005,0.0,10,512.0
cifar10_proser_fedavg__split00__seed1__d5.0,deficit_greedy/alpha_st,512,0.5,0.15100000000000002,0.0,10,512.0
cifar10_proser_fedavg__split00__seed2__d5.0,deficit_greedy/alpha_st,512,0.5,0.03499999999999999,7.314236392868128e-18,10,512.0
cifar10_proser_fedavg__split00__seed0__d5.0,uniform/hypergeom,1024,1.0,0.0,0.0,0,976.0
cifar10_proser_fedavg__split00__seed1__d5.0,uniform/hypergeom,1024,1.0,0.0,0.0,0,965.0
cifar10_proser_fedavg__split00__seed2__d5.0,uniform/hypergeom,1024,1.0,0.0,0.0,0,912.0
cifar10_proser_fedavg__split00__seed0__d5.0,neyman/hypergeom,1024,1.0,0.0,0.0,0,976.0
cifar10_proser_fedavg__split00__seed1__d5.0,neyman/hypergeom,1024,1.0,0.0,0.0,0,965.0
cifar10_proser_fedavg__split00__seed2__d5.0,neyman/hypergeom,1024,1.0,0.0,0.0,0,912.0
cifar10_proser_fedavg__split00__seed0__d5.0,bottleneck/hypergeom,1024,1.0,0.0,0.0,0,976.0
cifar10_proser_fedavg__split00__seed1__d5.0,bottleneck/hypergeom,1024,1.0,0.0,0.0,0,965.0
cifar10_proser_fedavg__split00__seed2__d5.0,bottleneck/hypergeom,1024,1.0,0.0,0.0,0,912.0
cifar10_proser_fedavg__split00__seed0__d5.0,joint/hypergeom,1024,1.0,0.0,0.0,0,976.0
cifar10_proser_fedavg__split00__seed1__d5.0,joint/hypergeom,1024,1.0,0.0,0.0,0,965.0
cifar10_proser_fedavg__split00__seed2__d5.0,joint/hypergeom,1024,1.0,0.0,0.0,0,912.0
cifar10_proser_fedavg__split00__seed0__d5.0,matched_single/hypergeom,1024,1.0,0.0,0.0,0,976.0
cifar10_proser_fedavg__split00__seed1__d5.0,matched_single/hypergeom,1024,1.0,0.0,0.0,0,965.0
cifar10_proser_fedavg__split00__seed2__d5.0,matched_single/hypergeom,1024,1.0,0.0,0.0,0,912.0
cifar10_proser_fedavg__split00__seed0__d5.0,deficit_greedy/hypergeom,1024,1.0,0.0,0.0,0,976.0
cifar10_proser_fedavg__split00__seed1__d5.0,deficit_greedy/hypergeom,1024,1.0,0.0,0.0,0,965.0
cifar10_proser_fedavg__split00__seed2__d5.0,deficit_greedy/hypergeom,1024,1.0,0.0,0.0,0,912.0
cifar10_proser_fedavg__split00__seed0__d5.0,proportional/alpha_st,1024,1.0,0.0,0.0,0,976.0
cifar10_proser_fedavg__split00__seed1__d5.0,proportional/alpha_st,1024,1.0,0.0,0.0,0,965.0
cifar10_proser_fedavg__split00__seed2__d5.0,proportional/alpha_st,1024,1.0,0.0,0.0,0,912.0
cifar10_proser_fedavg__split00__seed0__d5.0,joint/alpha_st,1024,1.0,0.0,0.0,0,976.0
cifar10_proser_fedavg__split00__seed1__d5.0,joint/alpha_st,1024,1.0,0.0,0.0,0,965.0
cifar10_proser_fedavg__split00__seed2__d5.0,joint/alpha_st,1024,1.0,0.0,0.0,0,912.0
cifar10_proser_fedavg__split00__seed0__d5.0,deficit_greedy/alpha_st,1024,1.0,0.0,0.0,0,976.0
cifar10_proser_fedavg__split00__seed1__d5.0,deficit_greedy/alpha_st,1024,1.0,0.0,0.0,0,965.0
cifar10_proser_fedavg__split00__seed2__d5.0,deficit_greedy/alpha_st,1024,1.0,0.0,0.0,0,912.0
cifar10_proser_fedavg__split00__seed0__d5.0,uniform/hypergeom,1024,0.5,0.060750000000000005,0.0,10,976.0
cifar10_proser_fedavg__split00__seed1__d5.0,uniform/hypergeom,1024,0.5,0.15100000000000002,0.0,10,965.0
cifar10_proser_fedavg__split00__seed2__d5.0,uniform/hypergeom,1024,0.5,0.03499999999999999,7.314236392868128e-18,10,912.0
cifar10_proser_fedavg__split00__seed0__d5.0,neyman/hypergeom,1024,0.5,0.060750000000000005,0.0,10,976.0
cifar10_proser_fedavg__split00__seed1__d5.0,neyman/hypergeom,1024,0.5,0.15100000000000002,0.0,10,965.0
cifar10_proser_fedavg__split00__seed2__d5.0,neyman/hypergeom,1024,0.5,0.03499999999999999,7.314236392868128e-18,10,912.0
cifar10_proser_fedavg__split00__seed0__d5.0,bottleneck/hypergeom,1024,0.5,0.060750000000000005,0.0,10,976.0
cifar10_proser_fedavg__split00__seed1__d5.0,bottleneck/hypergeom,1024,0.5,0.15100000000000002,0.0,10,965.0
cifar10_proser_fedavg__split00__seed2__d5.0,bottleneck/hypergeom,1024,0.5,0.03499999999999999,7.314236392868128e-18,10,912.0
cifar10_proser_fedavg__split00__seed0__d5.0,joint/hypergeom,1024,0.5,0.060750000000000005,0.0,10,976.0
cifar10_proser_fedavg__split00__seed1__d5.0,joint/hypergeom,1024,0.5,0.15100000000000002,0.0,10,965.0
cifar10_proser_fedavg__split00__seed2__d5.0,joint/hypergeom,1024,0.5,0.03499999999999999,7.314236392868128e-18,10,912.0
cifar10_proser_fedavg__split00__seed0__d5.0,matched_single/hypergeom,1024,0.5,0.060750000000000005,0.0,10,976.0
cifar10_proser_fedavg__split00__seed1__d5.0,matched_single/hypergeom,1024,0.5,0.15100000000000002,0.0,10,965.0
cifar10_proser_fedavg__split00__seed2__d5.0,matched_single/hypergeom,1024,0.5,0.03499999999999999,7.314236392868128e-18,10,912.0
cifar10_proser_fedavg__split00__seed0__d5.0,deficit_greedy/hypergeom,1024,0.5,0.060750000000000005,0.0,10,976.0
cifar10_proser_fedavg__split00__seed1__d5.0,deficit_greedy/hypergeom,1024,0.5,0.15100000000000002,0.0,10,965.0
cifar10_proser_fedavg__split00__seed2__d5.0,deficit_greedy/hypergeom,1024,0.5,0.03499999999999999,7.314236392868128e-18,10,912.0
cifar10_proser_fedavg__split00__seed0__d5.0,proportional/alpha_st,1024,0.5,0.060750000000000005,0.0,10,976.0
cifar10_proser_fedavg__split00__seed1__d5.0,proportional/alpha_st,1024,0.5,0.15100000000000002,0.0,10,965.0
cifar10_proser_fedavg__split00__seed2__d5.0,proportional/alpha_st,1024,0.5,0.03499999999999999,7.314236392868128e-18,10,912.0
cifar10_proser_fedavg__split00__seed0__d5.0,joint/alpha_st,1024,0.5,0.060750000000000005,0.0,10,976.0
cifar10_proser_fedavg__split00__seed1__d5.0,joint/alpha_st,1024,0.5,0.15100000000000002,0.0,10,965.0
cifar10_proser_fedavg__split00__seed2__d5.0,joint/alpha_st,1024,0.5,0.03499999999999999,7.314236392868128e-18,10,912.0
cifar10_proser_fedavg__split00__seed0__d5.0,deficit_greedy/alpha_st,1024,0.5,0.060750000000000005,0.0,10,976.0
cifar10_proser_fedavg__split00__seed1__d5.0,deficit_greedy/alpha_st,1024,0.5,0.15100000000000002,0.0,10,965.0
cifar10_proser_fedavg__split00__seed2__d5.0,deficit_greedy/alpha_st,1024,0.5,0.03499999999999999,7.314236392868128e-18,10,912.0
cifar10_proser_fedavg__split00__seed0__d5.0,uniform/hypergeom,2000,1.0,0.0,0.0,0,976.0
cifar10_proser_fedavg__split00__seed1__d5.0,uniform/hypergeom,2000,1.0,0.0,0.0,0,965.0
cifar10_proser_fedavg__split00__seed2__d5.0,uniform/hypergeom,2000,1.0,0.0,0.0,0,912.0
cifar10_proser_fedavg__split00__seed0__d5.0,neyman/hypergeom,2000,1.0,0.0,0.0,0,976.0
cifar10_proser_fedavg__split00__seed1__d5.0,neyman/hypergeom,2000,1.0,0.0,0.0,0,965.0
cifar10_proser_fedavg__split00__seed2__d5.0,neyman/hypergeom,2000,1.0,0.0,0.0,0,912.0
cifar10_proser_fedavg__split00__seed0__d5.0,bottleneck/hypergeom,2000,1.0,0.0,0.0,0,976.0
cifar10_proser_fedavg__split00__seed1__d5.0,bottleneck/hypergeom,2000,1.0,0.0,0.0,0,965.0
cifar10_proser_fedavg__split00__seed2__d5.0,bottleneck/hypergeom,2000,1.0,0.0,0.0,0,912.0
cifar10_proser_fedavg__split00__seed0__d5.0,joint/hypergeom,2000,1.0,0.0,0.0,0,976.0
cifar10_proser_fedavg__split00__seed1__d5.0,joint/hypergeom,2000,1.0,0.0,0.0,0,965.0
cifar10_proser_fedavg__split00__seed2__d5.0,joint/hypergeom,2000,1.0,0.0,0.0,0,912.0
cifar10_proser_fedavg__split00__seed0__d5.0,matched_single/hypergeom,2000,1.0,0.0,0.0,0,976.0
cifar10_proser_fedavg__split00__seed1__d5.0,matched_single/hypergeom,2000,1.0,0.0,0.0,0,965.0
cifar10_proser_fedavg__split00__seed2__d5.0,matched_single/hypergeom,2000,1.0,0.0,0.0,0,912.0
cifar10_proser_fedavg__split00__seed0__d5.0,deficit_greedy/hypergeom,2000,1.0,0.0,0.0,0,976.0
cifar10_proser_fedavg__split00__seed1__d5.0,deficit_greedy/hypergeom,2000,1.0,0.0,0.0,0,965.0
cifar10_proser_fedavg__split00__seed2__d5.0,deficit_greedy/hypergeom,2000,1.0,0.0,0.0,0,912.0
cifar10_proser_fedavg__split00__seed0__d5.0,proportional/alpha_st,2000,1.0,0.0,0.0,0,976.0
cifar10_proser_fedavg__split00__seed1__d5.0,proportional/alpha_st,2000,1.0,0.0,0.0,0,965.0
cifar10_proser_fedavg__split00__seed2__d5.0,proportional/alpha_st,2000,1.0,0.0,0.0,0,912.0
cifar10_proser_fedavg__split00__seed0__d5.0,joint/alpha_st,2000,1.0,0.0,0.0,0,976.0
cifar10_proser_fedavg__split00__seed1__d5.0,joint/alpha_st,2000,1.0,0.0,0.0,0,965.0
cifar10_proser_fedavg__split00__seed2__d5.0,joint/alpha_st,2000,1.0,0.0,0.0,0,912.0
cifar10_proser_fedavg__split00__seed0__d5.0,deficit_greedy/alpha_st,2000,1.0,0.0,0.0,0,976.0
cifar10_proser_fedavg__split00__seed1__d5.0,deficit_greedy/alpha_st,2000,1.0,0.0,0.0,0,965.0
cifar10_proser_fedavg__split00__seed2__d5.0,deficit_greedy/alpha_st,2000,1.0,0.0,0.0,0,912.0
cifar10_proser_fedavg__split00__seed0__d5.0,uniform/hypergeom,2000,0.5,0.060750000000000005,0.0,10,976.0
cifar10_proser_fedavg__split00__seed1__d5.0,uniform/hypergeom,2000,0.5,0.15100000000000002,0.0,10,965.0
cifar10_proser_fedavg__split00__seed2__d5.0,uniform/hypergeom,2000,0.5,0.03499999999999999,7.314236392868128e-18,10,912.0
cifar10_proser_fedavg__split00__seed0__d5.0,neyman/hypergeom,2000,0.5,0.060750000000000005,0.0,10,976.0
cifar10_proser_fedavg__split00__seed1__d5.0,neyman/hypergeom,2000,0.5,0.15100000000000002,0.0,10,965.0
cifar10_proser_fedavg__split00__seed2__d5.0,neyman/hypergeom,2000,0.5,0.03499999999999999,7.314236392868128e-18,10,912.0
cifar10_proser_fedavg__split00__seed0__d5.0,bottleneck/hypergeom,2000,0.5,0.060750000000000005,0.0,10,976.0
cifar10_proser_fedavg__split00__seed1__d5.0,bottleneck/hypergeom,2000,0.5,0.15100000000000002,0.0,10,965.0
cifar10_proser_fedavg__split00__seed2__d5.0,bottleneck/hypergeom,2000,0.5,0.03499999999999999,7.314236392868128e-18,10,912.0
cifar10_proser_fedavg__split00__seed0__d5.0,joint/hypergeom,2000,0.5,0.060750000000000005,0.0,10,976.0
cifar10_proser_fedavg__split00__seed1__d5.0,joint/hypergeom,2000,0.5,0.15100000000000002,0.0,10,965.0
cifar10_proser_fedavg__split00__seed2__d5.0,joint/hypergeom,2000,0.5,0.03499999999999999,7.314236392868128e-18,10,912.0
cifar10_proser_fedavg__split00__seed0__d5.0,matched_single/hypergeom,2000,0.5,0.060750000000000005,0.0,10,976.0
cifar10_proser_fedavg__split00__seed1__d5.0,matched_single/hypergeom,2000,0.5,0.15100000000000002,0.0,10,965.0
cifar10_proser_fedavg__split00__seed2__d5.0,matched_single/hypergeom,2000,0.5,0.03499999999999999,7.314236392868128e-18,10,912.0
cifar10_proser_fedavg__split00__seed0__d5.0,deficit_greedy/hypergeom,2000,0.5,0.060750000000000005,0.0,10,976.0
cifar10_proser_fedavg__split00__seed1__d5.0,deficit_greedy/hypergeom,2000,0.5,0.15100000000000002,0.0,10,965.0
cifar10_proser_fedavg__split00__seed2__d5.0,deficit_greedy/hypergeom,2000,0.5,0.03499999999999999,7.314236392868128e-18,10,912.0
cifar10_proser_fedavg__split00__seed0__d5.0,proportional/alpha_st,2000,0.5,0.060750000000000005,0.0,10,976.0
cifar10_proser_fedavg__split00__seed1__d5.0,proportional/alpha_st,2000,0.5,0.15100000000000002,0.0,10,965.0
cifar10_proser_fedavg__split00__seed2__d5.0,proportional/alpha_st,2000,0.5,0.03499999999999999,7.314236392868128e-18,10,912.0
cifar10_proser_fedavg__split00__seed0__d5.0,joint/alpha_st,2000,0.5,0.060750000000000005,0.0,10,976.0
cifar10_proser_fedavg__split00__seed1__d5.0,joint/alpha_st,2000,0.5,0.15100000000000002,0.0,10,965.0
cifar10_proser_fedavg__split00__seed2__d5.0,joint/alpha_st,2000,0.5,0.03499999999999999,7.314236392868128e-18,10,912.0
cifar10_proser_fedavg__split00__seed0__d5.0,deficit_greedy/alpha_st,2000,0.5,0.060750000000000005,0.0,10,976.0
cifar10_proser_fedavg__split00__seed1__d5.0,deficit_greedy/alpha_st,2000,0.5,0.15100000000000002,0.0,10,965.0
cifar10_proser_fedavg__split00__seed2__d5.0,deficit_greedy/alpha_st,2000,0.5,0.03499999999999999,7.314236392868128e-18,10,912.0
