model_id,architecture,split,nominal_seed,model_init_seed_uint64,known_classes,unknown_classes,status
pacs__resnet18__split00__seed0,resnet18,0,0,2711281582347283583,dog;elephant;giraffe;guitar,horse;house;person,NOT_RUN
pacs__convnext_tiny__split00__seed0,convnext_tiny,0,0,8540321560211163194,dog;elephant;giraffe;guitar,horse;house;person,NOT_RUN
pacs__resnet18__split00__seed1,resnet18,0,1,776566312913470441,dog;elephant;giraffe;guitar,horse;house;person,NOT_RUN
pacs__convnext_tiny__split00__seed1,convnext_tiny,0,1,1987583340781621604,dog;elephant;giraffe;guitar,horse;house;person,NOT_RUN
pacs__resnet18__split00__seed2,resnet18,0,2,7068716776457321929,dog;elephant;giraffe;guitar,horse;house;person,NOT_RUN
pacs__convnext_tiny__split00__seed2,convnext_tiny,0,2,11162562025080652799,dog;elephant;giraffe;guitar,horse;house;person,NOT_RUN
pacs__resnet18__split01__seed0,resnet18,1,0,16790769956915541069,dog;elephant;house;person,giraffe;guitar;horse,NOT_RUN
pacs__convnext_tiny__split01__seed0,convnext_tiny,1,0,3081305173344037481,dog;elephant;house;person,giraffe;guitar;horse,NOT_RUN
pacs__resnet18__split01__seed1,resnet18,1,1,4687972051598062100,dog;elephant;house;person,giraffe;guitar;horse,NOT_RUN
pacs__convnext_tiny__split01__seed1,convnext_tiny,1,1,9665072419383144013,dog;elephant;house;person,giraffe;guitar;horse,NOT_RUN
pacs__resnet18__split01__seed2,resnet18,1,2,13017775702398112268,dog;elephant;house;person,giraffe;guitar;horse,NOT_RUN
pacs__convnext_tiny__split01__seed2,convnext_tiny,1,2,1844669638226916408,dog;elephant;house;person,giraffe;guitar;horse,NOT_RUN
pacs__resnet18__split02__seed0,resnet18,2,0,324838495981266585,elephant;giraffe;horse;person,dog;guitar;house,NOT_RUN
pacs__convnext_tiny__split02__seed0,convnext_tiny,2,0,10285511584846507087,elephant;giraffe;horse;person,dog;guitar;house,NOT_RUN
pacs__resnet18__split02__seed1,resnet18,2,1,14291800839840232621,elephant;giraffe;horse;person,dog;guitar;house,NOT_RUN
pacs__convnext_tiny__split02__seed1,convnext_tiny,2,1,6147949952876552776,elephant;giraffe;horse;person,dog;guitar;house,NOT_RUN
pacs__resnet18__split02__seed2,resnet18,2,2,13043508600079962794,elephant;giraffe;horse;person,dog;guitar;house,NOT_RUN
pacs__convnext_tiny__split02__seed2,convnext_tiny,2,2,187794054967197021,elephant;giraffe;horse;person,dog;guitar;house,NOT_RUN
pacs__resnet18__split03__seed0,resnet18,3,0,10798942441765438665,dog;guitar;horse;house,elephant;giraffe;person,NOT_RUN
pacs__convnext_tiny__split03__seed0,convnext_tiny,3,0,10397174471187582975,dog;guitar;horse;house,elephant;giraffe;person,NOT_RUN
pacs__resnet18__split03__seed1,resnet18,3,1,16976325716403291086,dog;guitar;horse;house,elephant;giraffe;person,NOT_RUN
pacs__convnext_tiny__split03__seed1,convnext_tiny,3,1,10930226389333130496,dog;guitar;horse;house,elephant;giraffe;person,NOT_RUN
pacs__resnet18__split03__seed2,resnet18,3,2,9323208990326035754,dog;guitar;horse;house,elephant;giraffe;person,NOT_RUN
pacs__convnext_tiny__split03__seed2,convnext_tiny,3,2,2859805378806380618,dog;guitar;horse;house,elephant;giraffe;person,NOT_RUN
pacs__resnet18__split04__seed0,resnet18,4,0,10024612963792316881,dog;elephant;guitar;house,giraffe;horse;person,NOT_RUN
pacs__convnext_tiny__split04__seed0,convnext_tiny,4,0,16624940810197503615,dog;elephant;guitar;house,giraffe;horse;person,NOT_RUN
pacs__resnet18__split04__seed1,resnet18,4,1,16850434590277691395,dog;elephant;guitar;house,giraffe;horse;person,NOT_RUN
pacs__convnext_tiny__split04__seed1,convnext_tiny,4,1,14002998714751789986,dog;elephant;guitar;house,giraffe;horse;person,NOT_RUN
pacs__resnet18__split04__seed2,resnet18,4,2,10240213793119283295,dog;elephant;guitar;house,giraffe;horse;person,NOT_RUN
pacs__convnext_tiny__split04__seed2,convnext_tiny,4,2,14100103161845429766,dog;elephant;guitar;house,giraffe;horse;person,NOT_RUN
