condition,alpha,n_cells,certified,certification_rate,effective_certified_coverage,conditional_certified_coverage
d0.5,0.05,25,0,0.0,0.0,
d0.5,0.1,25,2,0.08,0.024910645108471904,0.3113830638558988
d0.5,0.15,25,7,0.28,0.10953541408009862,0.3911979074289237
d0.5,0.2,25,14,0.56,0.19469046071792906,0.3476615369963019
d0.5,0.25,25,19,0.76,0.3050714603068897,0.4014098161932759
d0.5,0.3,25,19,0.76,0.3752333952929452,0.4937281517012437
d5,0.05,25,0,0.0,0.0,
d5,0.1,25,3,0.12,0.0384792218231277,0.3206601818593975
d5,0.15,25,6,0.24,0.09053905081633173,0.3772460450680489
d5,0.2,25,12,0.48,0.1892288897281319,0.3942268536002749
d5,0.25,25,20,0.8,0.38227537426834574,0.4778442178354322
d5,0.3,25,21,0.84,0.4846372502561995,0.5769491074478564
