dataset,condition,d,arm,alpha,n_cells,legacy_certified,theorem_certified,legacy_cert_rate,theorem_cert_rate,legacy_EffectiveCertCov,theorem_EffectiveCertCov,legacy_CondCertCov,theorem_CondCertCov,gained_certifications,lost_certifications,selection_changed
cifar10,d0.1,0.1,proser_fedavg,0.05,50.0,0.0,0.0,0.0,0.0,0.0,0.0,,,0.0,0.0,0.0
cifar10,d0.1,0.1,proser_fedavg,0.1,50.0,0.0,0.0,0.0,0.0,0.0,0.0,,,0.0,0.0,0.0
cifar10,d0.1,0.1,proser_fedavg,0.15,50.0,2.0,2.0,0.04,0.04,0.005793650250161059,0.006098405374768796,0.1448412562540265,0.1524601343692199,0.0,0.0,0.0
cifar10,d0.1,0.1,proser_fedavg,0.2,50.0,7.0,7.0,0.14,0.14,0.019108694582681336,0.02013646601824418,0.13649067559058098,0.14383190013031558,0.0,0.0,0.0
cifar10,d0.1,0.1,proser_fedavg,0.25,50.0,18.0,18.0,0.36,0.36,0.05124493384680907,0.05375808635420651,0.1423470384633585,0.14932801765057363,0.0,0.0,0.0
cifar10,d0.1,0.1,proser_fedavg,0.3,50.0,22.0,22.0,0.44,0.44,0.0832081866792636,0.08669550094332502,0.18910951518014452,0.19703522941664772,0.0,0.0,0.0
cifar10,d0.5,0.5,proser_fedavg,0.05,50.0,0.0,0.0,0.0,0.0,0.0,0.0,,,0.0,0.0,0.0
cifar10,d0.5,0.5,proser_fedavg,0.1,50.0,2.0,2.0,0.04,0.04,0.008523269027445358,0.008881320934527683,0.21308172568613398,0.22203302336319208,0.0,0.0,0.0
cifar10,d0.5,0.5,proser_fedavg,0.15,50.0,10.0,10.0,0.2,0.2,0.04391576538551263,0.045687150448576366,0.21957882692756314,0.22843575224288185,0.0,0.0,0.0
cifar10,d0.5,0.5,proser_fedavg,0.2,50.0,25.0,25.0,0.5,0.5,0.1363165376425962,0.14106382025454664,0.2726330752851924,0.2821276405090933,0.0,0.0,0.0
cifar10,d0.5,0.5,proser_fedavg,0.25,50.0,33.0,33.0,0.66,0.66,0.23797097587405486,0.24466982192265416,0.36056208465765893,0.3707118513979608,0.0,0.0,0.0
cifar10,d0.5,0.5,proser_fedavg,0.3,50.0,46.0,46.0,0.92,0.92,0.37944489336751275,0.3888541934078534,0.4124401014864269,0.4226676015302754,0.0,0.0,0.0
cifar10,d5,5.0,proser_fedavg,0.05,50.0,0.0,0.0,0.0,0.0,0.0,0.0,,,0.0,0.0,0.0
cifar10,d5,5.0,proser_fedavg,0.1,50.0,4.0,4.0,0.08,0.08,0.01306358163409806,0.013700770092825445,0.16329477042622575,0.1712596261603181,0.0,0.0,0.0
cifar10,d5,5.0,proser_fedavg,0.15,50.0,22.0,22.0,0.44,0.44,0.09898811711310472,0.10291384623345444,0.22497299343887434,0.2338951050760328,0.0,0.0,0.0
cifar10,d5,5.0,proser_fedavg,0.2,50.0,34.0,34.0,0.68,0.68,0.2199235465905282,0.22677942177889204,0.3234169802801885,0.33349914967484123,0.0,0.0,0.0
cifar10,d5,5.0,proser_fedavg,0.25,50.0,43.0,43.0,0.86,0.86,0.362190798485784,0.3713160766504263,0.4211520912625395,0.4317628798260771,0.0,0.0,0.0
cifar10,d5,5.0,proser_fedavg,0.3,50.0,50.0,50.0,1.0,1.0,0.4941727003267389,0.5046661741997748,0.4941727003267389,0.5046661741997748,0.0,0.0,0.0
cifar100,d0.1,0.1,proser_fedavg,0.05,50.0,0.0,0.0,0.0,0.0,0.0,0.0,,,0.0,0.0,0.0
cifar100,d0.1,0.1,proser_fedavg,0.1,50.0,0.0,0.0,0.0,0.0,0.0,0.0,,,0.0,0.0,0.0
cifar100,d0.1,0.1,proser_fedavg,0.15,50.0,0.0,0.0,0.0,0.0,0.0,0.0,,,0.0,0.0,0.0
cifar100,d0.1,0.1,proser_fedavg,0.2,50.0,0.0,0.0,0.0,0.0,0.0,0.0,,,0.0,0.0,0.0
cifar100,d0.1,0.1,proser_fedavg,0.25,50.0,1.0,1.0,0.02,0.02,0.0005619177098642992,0.0006300809507569387,0.028095885493214956,0.031504047537846934,0.0,0.0,0.0
cifar100,d0.1,0.1,proser_fedavg,0.3,50.0,11.0,11.0,0.22,0.22,0.01330942737649429,0.014396484911458283,0.060497397165883135,0.06543856777935582,0.0,0.0,0.0
cifar100,d0.5,0.5,proser_fedavg,0.05,50.0,0.0,0.0,0.0,0.0,0.0,0.0,,,0.0,0.0,0.0
cifar100,d0.5,0.5,proser_fedavg,0.1,50.0,0.0,0.0,0.0,0.0,0.0,0.0,,,0.0,0.0,0.0
cifar100,d0.5,0.5,proser_fedavg,0.15,50.0,0.0,0.0,0.0,0.0,0.0,0.0,,,0.0,0.0,0.0
cifar100,d0.5,0.5,proser_fedavg,0.2,50.0,1.0,1.0,0.02,0.02,0.0012785192068609152,0.001382268175791189,0.06392596034304576,0.06911340878955945,0.0,0.0,0.0
cifar100,d0.5,0.5,proser_fedavg,0.25,50.0,21.0,21.0,0.42,0.42,0.04426004225738102,0.04699157806397022,0.10538105299376432,0.11188470967611956,0.0,0.0,0.0
cifar100,d0.5,0.5,proser_fedavg,0.3,50.0,41.0,41.0,0.82,0.82,0.11710584528007355,0.12318822190908695,0.14281200643911404,0.15022953891352067,0.0,0.0,0.0
cifar100,d5,5.0,proser_fedavg,0.05,50.0,0.0,0.0,0.0,0.0,0.0,0.0,,,0.0,0.0,0.0
cifar100,d5,5.0,proser_fedavg,0.1,50.0,0.0,0.0,0.0,0.0,0.0,0.0,,,0.0,0.0,0.0
cifar100,d5,5.0,proser_fedavg,0.15,50.0,0.0,0.0,0.0,0.0,0.0,0.0,,,0.0,0.0,0.0
cifar100,d5,5.0,proser_fedavg,0.2,50.0,10.0,10.0,0.2,0.2,0.018366372019463572,0.019583965676134105,0.09183186009731786,0.09791982838067052,0.0,0.0,0.0
cifar100,d5,5.0,proser_fedavg,0.25,50.0,35.0,35.0,0.7,0.7,0.088236627449521,0.0931882349847274,0.12605232492788715,0.13312604997818198,0.0,0.0,0.0
cifar100,d5,5.0,proser_fedavg,0.3,50.0,49.0,49.0,0.98,0.98,0.177686010649773,0.18577395236034455,0.18131225576507448,0.18956525751055567,0.0,0.0,0.0
officehome,frozen,,convnext_frozen_linear,0.05,50.0,0.0,0.0,0.0,0.0,0.0,0.0,,,0.0,0.0,0.0
officehome,frozen,,convnext_frozen_linear,0.1,50.0,0.0,0.0,0.0,0.0,0.0,0.0,,,0.0,0.0,0.0
officehome,frozen,,convnext_frozen_linear,0.15,50.0,18.0,18.0,0.36,0.36,0.026619441794510926,0.02788603823011984,0.07394289387364146,0.07746121730588845,0.0,0.0,0.0
officehome,frozen,,convnext_frozen_linear,0.2,50.0,45.0,45.0,0.9,0.9,0.09068727946743571,0.09432252102434527,0.10076364385270635,0.10480280113816141,0.0,0.0,0.0
officehome,frozen,,convnext_frozen_linear,0.25,50.0,50.0,50.0,1.0,1.0,0.14815259728213725,0.15298621814853283,0.14815259728213725,0.15298621814853283,0.0,0.0,0.0
officehome,frozen,,convnext_frozen_linear,0.3,50.0,50.0,50.0,1.0,1.0,0.19305268383194332,0.19845815610038448,0.19305268383194332,0.19845815610038448,0.0,0.0,0.0
officehome,full,,convnext_full_ft,0.05,50.0,0.0,0.0,0.0,0.0,0.0,0.0,,,0.0,0.0,0.0
officehome,full,,convnext_full_ft,0.1,50.0,3.0,3.0,0.06,0.06,0.005257134982956582,0.005565402649320367,0.0876189163826097,0.09275671082200611,0.0,0.0,0.0
officehome,full,,convnext_full_ft,0.15,50.0,18.0,18.0,0.36,0.36,0.03689979678742696,0.03885833208832903,0.10249943552063046,0.10793981135646952,0.0,0.0,0.0
officehome,full,,convnext_full_ft,0.2,50.0,43.0,43.0,0.86,0.86,0.13831704694271185,0.14402947298921356,0.1608337755147812,0.16747613138280648,0.0,0.0,0.0
officehome,full,,convnext_full_ft,0.25,50.0,48.0,48.0,0.96,0.96,0.21517824279368447,0.22233180978686343,0.22414400291008799,0.23159563519464935,0.0,0.0,0.0
officehome,full,,convnext_full_ft,0.3,50.0,50.0,50.0,1.0,1.0,0.2776466881966187,0.28575620237418253,0.2776466881966187,0.28575620237418253,0.0,0.0,0.0
pathmnist,d0.5,0.5,resnext29_8x64d,0.05,25.0,0.0,0.0,0.0,0.0,0.0,0.0,,,0.0,0.0,0.0
pathmnist,d0.5,0.5,resnext29_8x64d,0.1,25.0,4.0,4.0,0.16,0.16,0.05141204571473668,0.053219565894272985,0.3213252857171043,0.33262228683920614,0.0,0.0,0.0
pathmnist,d0.5,0.5,resnext29_8x64d,0.15,25.0,7.0,7.0,0.28,0.28,0.11593422774755019,0.1192947030533124,0.4140508133841078,0.42605251090468715,0.0,0.0,0.0
pathmnist,d0.5,0.5,resnext29_8x64d,0.2,25.0,16.0,16.0,0.64,0.64,0.22246220003795783,0.22960487005216682,0.34759718755930913,0.35875760945651064,0.0,0.0,0.0
pathmnist,d0.5,0.5,resnext29_8x64d,0.25,25.0,19.0,19.0,0.76,0.76,0.3118281512325861,0.3205593243010209,0.41030019899024495,0.42178858460660645,0.0,0.0,0.0
pathmnist,d0.5,0.5,resnext29_8x64d,0.3,25.0,22.0,22.0,0.88,0.88,0.4234761016816424,0.43385978931630886,0.4812228428200482,0.4930224878594418,0.0,0.0,0.0
pathmnist,d5,5.0,resnext29_8x64d,0.05,25.0,0.0,0.0,0.0,0.0,0.0,0.0,,,0.0,0.0,0.0
pathmnist,d5,5.0,resnext29_8x64d,0.1,25.0,3.0,3.0,0.12,0.12,0.037671999699163516,0.0389901797853187,0.3139333308263626,0.32491816487765585,0.0,0.0,0.0
pathmnist,d5,5.0,resnext29_8x64d,0.15,25.0,8.0,8.0,0.32,0.32,0.11778302647771793,0.12150639923630262,0.3680719577428686,0.3797074976134457,0.0,0.0,0.0
pathmnist,d5,5.0,resnext29_8x64d,0.2,25.0,17.0,17.0,0.68,0.68,0.2765835551649001,0.28462103912093517,0.4067405223013236,0.418560351648434,0.0,0.0,0.0
pathmnist,d5,5.0,resnext29_8x64d,0.25,25.0,20.0,20.0,0.8,0.8,0.39272021551809116,0.40239786604448524,0.4909002693976139,0.5029973325556064,0.0,0.0,0.0
pathmnist,d5,5.0,resnext29_8x64d,0.3,25.0,21.0,21.0,0.84,0.84,0.5005629562709665,0.5106892932710326,0.5959082812749602,0.6079634443702768,0.0,0.0,0.0
