scope,dataset,condition,split,alpha,t,method,reference,delta_eca,se,df,ci95_low,ci95_high,n_fixed_splits,n_training_clusters,n_seed_per_split,n_cells,mean_method_eca,mean_reference_eca,method_certified,reference_certified,wins,losses,ties,ci_scope
dataset,cifar10,,,0.05,0.0,DIRECT_BETTING_H,CP_IUT_H,0.02755926878788376,0.0030189215412609093,16.535827433823094,0.0211762540689256,0.03394228350684192,10,50,5,150,0.02755926878788376,0.0,26,0,26,0,124,pointwise descriptive; fixed empirical frames and class splits; no multiplicity adjustment
dataset,cifar10,,,0.05,0.25,DIRECT_BETTING_H,CP_IUT_H,0.0058922451637343,0.001975710214584686,7.412074343016996,0.00127257265004383,0.010511917677424772,10,50,5,150,0.0058922451637343,0.0,5,0,5,0,145,pointwise descriptive; fixed empirical frames and class splits; no multiplicity adjustment
dataset,cifar10,,,0.05,0.5,DIRECT_BETTING_H,CP_IUT_H,0.001038747693786929,0.001038747693786929,4.0,-0.0018452782561632864,0.003922773643737144,10,50,5,150,0.001038747693786929,0.0,1,0,1,0,149,pointwise descriptive; fixed empirical frames and class splits; no multiplicity adjustment
dataset,cifar10,,,0.05,0.75,DIRECT_BETTING_H,CP_IUT_H,0.0,0.0,inf,0.0,0.0,10,50,5,150,0.0,0.0,0,0,0,0,150,pointwise descriptive; fixed empirical frames and class splits; no multiplicity adjustment
dataset,cifar10,,,0.05,1.0,DIRECT_BETTING_H,CP_IUT_H,0.0,0.0,inf,0.0,0.0,10,50,5,150,0.0,0.0,0,0,0,0,150,pointwise descriptive; fixed empirical frames and class splits; no multiplicity adjustment
dataset,cifar10,,,0.1,0.0,DIRECT_BETTING_H,CP_IUT_H,0.0839432096660246,0.007367049669560616,20.424019980646438,0.0685962405170551,0.0992901788149941,10,50,5,150,0.09594089251102604,0.011997682845001441,81,8,81,0,69,pointwise descriptive; fixed empirical frames and class splits; no multiplicity adjustment
dataset,cifar10,,,0.1,0.25,DIRECT_BETTING_H,CP_IUT_H,0.0430296208810948,0.005971786409471309,15.856232301401011,0.03036066399559003,0.05569857776659957,10,50,5,150,0.05463637760731798,0.011606756726223182,36,8,35,0,115,pointwise descriptive; fixed empirical frames and class splits; no multiplicity adjustment
dataset,cifar10,,,0.1,0.5,DIRECT_BETTING_H,CP_IUT_H,0.010418093136398321,0.0030195209370072773,9.858202888866364,0.0036770408185568364,0.017159145454239806,10,50,5,150,0.021633923743843243,0.011215830607444922,16,8,13,0,137,pointwise descriptive; fixed empirical frames and class splits; no multiplicity adjustment
dataset,cifar10,,,0.1,0.75,DIRECT_BETTING_H,CP_IUT_H,-0.003357005187515896,0.0016190390529545503,7.173302012223275,-0.007166753968386171,0.00045274359335437933,10,50,5,150,0.007467899301150769,0.010824904488666666,5,8,0,4,146,pointwise descriptive; fixed empirical frames and class splits; no multiplicity adjustment
dataset,cifar10,,,0.1,1.0,DIRECT_BETTING_H,CP_IUT_H,-0.00760414448990239,0.0024110638694572234,14.317561543660627,-0.012764622413964942,-0.0024436665658398365,10,50,5,150,0.0028298338799860163,0.010433978369888406,2,8,0,8,142,pointwise descriptive; fixed empirical frames and class splits; no multiplicity adjustment
dataset,cifar10,,,0.15,0.0,DIRECT_BETTING_H,CP_IUT_H,0.11387614218483938,0.00805992198417424,25.167106247507572,0.09728200911198787,0.1304702752576909,10,50,5,150,0.16619506575808202,0.05231892357324263,111,32,111,0,39,pointwise descriptive; fixed empirical frames and class splits; no multiplicity adjustment
dataset,cifar10,,,0.15,0.25,DIRECT_BETTING_H,CP_IUT_H,0.07895815698263879,0.0075943300823103094,25.73299159247613,0.06333990084890775,0.09457641311636983,10,50,5,150,0.1296645323794875,0.050706375396848705,78,32,76,0,74,pointwise descriptive; fixed empirical frames and class splits; no multiplicity adjustment
dataset,cifar10,,,0.15,0.5,DIRECT_BETTING_H,CP_IUT_H,0.032250172202755265,0.005939076668037555,22.41678768815419,0.019946545002523502,0.044553799402987024,10,50,5,150,0.08134760234121913,0.04909743013846386,52,32,42,0,108,pointwise descriptive; fixed empirical frames and class splits; no multiplicity adjustment
dataset,cifar10,,,0.15,0.75,DIRECT_BETTING_H,CP_IUT_H,-0.0077646041158583,0.0026240939004697145,9.672700035150847,-0.013638378242414937,-0.0018908299893016633,10,50,5,150,0.03974333221522887,0.04750793633108717,26,32,0,9,141,pointwise descriptive; fixed empirical frames and class splits; no multiplicity adjustment
dataset,cifar10,,,0.15,1.0,DIRECT_BETTING_H,CP_IUT_H,-0.03506813508192824,0.004942020115041625,17.473486027698577,-0.045473404923499494,-0.02466286524035699,10,50,5,150,0.010884111175772327,0.045952246257700564,7,32,0,30,120,pointwise descriptive; fixed empirical frames and class splits; no multiplicity adjustment
dataset,cifar10,,,0.2,0.0,DIRECT_BETTING_H,CP_IUT_H,0.13439125463792212,0.008582697603395122,23.067880685924965,0.11663948243562261,0.15214302684022163,10,50,5,150,0.25512551220416596,0.12073425756624387,131,63,128,0,22,pointwise descriptive; fixed empirical frames and class splits; no multiplicity adjustment
dataset,cifar10,,,0.2,0.25,DIRECT_BETTING_H,CP_IUT_H,0.09703679056598538,0.007843449451678232,20.189175889553024,0.0806854642216441,0.11338811691032666,10,50,5,150,0.21485191982462842,0.11781512925864303,113,63,111,0,39,pointwise descriptive; fixed empirical frames and class splits; no multiplicity adjustment
dataset,cifar10,,,0.2,0.5,DIRECT_BETTING_H,CP_IUT_H,0.046541075555689516,0.005445131835770261,23.737174370644496,0.035296287271672395,0.05778586383970664,10,50,5,150,0.16144499766385192,0.11490392210816242,76,63,62,0,88,pointwise descriptive; fixed empirical frames and class splits; no multiplicity adjustment
dataset,cifar10,,,0.2,0.75,DIRECT_BETTING_H,CP_IUT_H,-0.009380648485054972,0.002389599878502791,14.169398615600928,-0.014500088061153566,-0.004261208908956379,10,50,5,150,0.10265139243791532,0.1120320409229703,57,63,0,17,133,pointwise descriptive; fixed empirical frames and class splits; no multiplicity adjustment
dataset,cifar10,,,0.2,1.0,DIRECT_BETTING_H,CP_IUT_H,-0.046052897583265716,0.006726070023092991,25.789341294741497,-0.05988403107496577,-0.032221764091565665,10,50,5,150,0.06317684969174184,0.10922974727500755,37,63,0,53,97,pointwise descriptive; fixed empirical frames and class splits; no multiplicity adjustment
dataset,cifar10,,,0.25,0.0,DIRECT_BETTING_H,CP_IUT_H,0.12193118978828747,0.00810857358270446,24.20490153783515,0.10520341021611354,0.1386589693604614,10,50,5,150,0.3324346496615554,0.2105034598732679,139,82,119,0,31,pointwise descriptive; fixed empirical frames and class splits; no multiplicity adjustment
dataset,cifar10,,,0.25,0.25,DIRECT_BETTING_H,CP_IUT_H,0.09928856844425682,0.006806192945155737,19.08477792075737,0.08504732472377423,0.11352981216473941,10,50,5,150,0.30573554538887443,0.20644697694461764,132,82,108,0,42,pointwise descriptive; fixed empirical frames and class splits; no multiplicity adjustment
dataset,cifar10,,,0.25,0.5,DIRECT_BETTING_H,CP_IUT_H,0.046186668340644874,0.004807885979778585,26.266551721218736,0.036308795960900565,0.05606454072038918,10,50,5,150,0.2486163214593566,0.20242965311871175,112,82,73,0,77,pointwise descriptive; fixed empirical frames and class splits; no multiplicity adjustment
dataset,cifar10,,,0.25,0.75,DIRECT_BETTING_H,CP_IUT_H,-0.012906942819351317,0.0031695605294107714,23.474085080897556,-0.019456358744109167,-0.006357526894593467,10,50,5,150,0.18555067123502986,0.19845761405438117,81,82,0,26,124,pointwise descriptive; fixed empirical frames and class splits; no multiplicity adjustment
dataset,cifar10,,,0.25,1.0,DIRECT_BETTING_H,CP_IUT_H,-0.06693719002412338,0.006862850429732205,18.07354315876392,-0.0813512994902167,-0.05252308055803005,10,50,5,150,0.12756684733620563,0.194504037360329,61,82,0,68,82,pointwise descriptive; fixed empirical frames and class splits; no multiplicity adjustment
dataset,cifar10,,,0.3,0.0,DIRECT_BETTING_H,CP_IUT_H,0.0972439648892047,0.008401751817444,30.85017899046986,0.08010510559203363,0.11438282418637577,10,50,5,150,0.40107607383892485,0.3038321089497202,141,111,97,0,53,pointwise descriptive; fixed empirical frames and class splits; no multiplicity adjustment
dataset,cifar10,,,0.3,0.25,DIRECT_BETTING_H,CP_IUT_H,0.08962847673493046,0.008488159175257203,33.654993016908925,0.07237194595167379,0.10688500751818714,10,50,5,150,0.38788285950560125,0.2982543827706708,136,111,92,0,58,pointwise descriptive; fixed empirical frames and class splits; no multiplicity adjustment
dataset,cifar10,,,0.3,0.5,DIRECT_BETTING_H,CP_IUT_H,0.05599593815002637,0.006505133095119228,33.92017227701158,0.0427747710586886,0.06921710524136414,10,50,5,150,0.3487910995008818,0.2927951613508554,129,111,68,0,82,pointwise descriptive; fixed empirical frames and class splits; no multiplicity adjustment
dataset,cifar10,,,0.3,0.75,DIRECT_BETTING_H,CP_IUT_H,-0.011621367508112327,0.003211875639637825,19.162335149685095,-0.018340047993348763,-0.00490268702287589,10,50,5,150,0.27576761713745634,0.28738898464556867,110,111,0,20,130,pointwise descriptive; fixed empirical frames and class splits; no multiplicity adjustment
dataset,cifar10,,,0.3,1.0,DIRECT_BETTING_H,CP_IUT_H,-0.06744054437295297,0.00570423717292143,27.577346681092397,-0.07913321767117257,-0.05574787107473336,10,50,5,150,0.21460651149999962,0.2820470558729526,85,111,0,79,71,pointwise descriptive; fixed empirical frames and class splits; no multiplicity adjustment
dataset,cifar100,,,0.05,0.0,DIRECT_BETTING_H,CP_IUT_H,0.0,0.0,inf,0.0,0.0,10,50,5,150,0.0,0.0,0,0,0,0,150,pointwise descriptive; fixed empirical frames and class splits; no multiplicity adjustment
dataset,cifar100,,,0.05,0.25,DIRECT_BETTING_H,CP_IUT_H,0.0,0.0,inf,0.0,0.0,10,50,5,150,0.0,0.0,0,0,0,0,150,pointwise descriptive; fixed empirical frames and class splits; no multiplicity adjustment
dataset,cifar100,,,0.05,0.5,DIRECT_BETTING_H,CP_IUT_H,0.0,0.0,inf,0.0,0.0,10,50,5,150,0.0,0.0,0,0,0,0,150,pointwise descriptive; fixed empirical frames and class splits; no multiplicity adjustment
dataset,cifar100,,,0.05,0.75,DIRECT_BETTING_H,CP_IUT_H,0.0,0.0,inf,0.0,0.0,10,50,5,150,0.0,0.0,0,0,0,0,150,pointwise descriptive; fixed empirical frames and class splits; no multiplicity adjustment
dataset,cifar100,,,0.05,1.0,DIRECT_BETTING_H,CP_IUT_H,0.0,0.0,inf,0.0,0.0,10,50,5,150,0.0,0.0,0,0,0,0,150,pointwise descriptive; fixed empirical frames and class splits; no multiplicity adjustment
dataset,cifar100,,,0.1,0.0,DIRECT_BETTING_H,CP_IUT_H,0.017555811272484304,0.00230831721785105,29.256056968234347,0.012836566624953003,0.022275055920015604,10,50,5,150,0.017555811272484304,0.0,51,0,51,0,99,pointwise descriptive; fixed empirical frames and class splits; no multiplicity adjustment
dataset,cifar100,,,0.1,0.25,DIRECT_BETTING_H,CP_IUT_H,0.00037118338218598845,0.00037118338218598845,4.0,-0.0006593869024150611,0.0014017536667870379,10,50,5,150,0.0003711833821859884,0.0,1,0,1,0,149,pointwise descriptive; fixed empirical frames and class splits; no multiplicity adjustment
dataset,cifar100,,,0.1,0.5,DIRECT_BETTING_H,CP_IUT_H,0.0,0.0,inf,0.0,0.0,10,50,5,150,0.0,0.0,0,0,0,0,150,pointwise descriptive; fixed empirical frames and class splits; no multiplicity adjustment
dataset,cifar100,,,0.1,0.75,DIRECT_BETTING_H,CP_IUT_H,0.0,0.0,inf,0.0,0.0,10,50,5,150,0.0,0.0,0,0,0,0,150,pointwise descriptive; fixed empirical frames and class splits; no multiplicity adjustment
dataset,cifar100,,,0.1,1.0,DIRECT_BETTING_H,CP_IUT_H,0.0,0.0,inf,0.0,0.0,10,50,5,150,0.0,0.0,0,0,0,0,150,pointwise descriptive; fixed empirical frames and class splits; no multiplicity adjustment
dataset,cifar100,,,0.15,0.0,DIRECT_BETTING_H,CP_IUT_H,0.06322295654889838,0.002750024747838545,28.266413633273448,0.0575921771804258,0.06885373591737097,10,50,5,150,0.06322295654889838,0.0,109,0,109,0,41,pointwise descriptive; fixed empirical frames and class splits; no multiplicity adjustment
dataset,cifar100,,,0.15,0.25,DIRECT_BETTING_H,CP_IUT_H,0.020267327689220994,0.0028937868379176855,30.53894380428171,0.014361796975411392,0.026172858403030595,10,50,5,150,0.020267327689220994,0.0,40,0,40,0,110,pointwise descriptive; fixed empirical frames and class splits; no multiplicity adjustment
dataset,cifar100,,,0.15,0.5,DIRECT_BETTING_H,CP_IUT_H,0.002724397900597013,0.0012160308346679078,14.234871494787868,0.00012030261567193713,0.005328493185522089,10,50,5,150,0.002724397900597013,0.0,5,0,5,0,145,pointwise descriptive; fixed empirical frames and class splits; no multiplicity adjustment
dataset,cifar100,,,0.15,0.75,DIRECT_BETTING_H,CP_IUT_H,0.0,0.0,inf,0.0,0.0,10,50,5,150,0.0,0.0,0,0,0,0,150,pointwise descriptive; fixed empirical frames and class splits; no multiplicity adjustment
dataset,cifar100,,,0.15,1.0,DIRECT_BETTING_H,CP_IUT_H,0.0,0.0,inf,0.0,0.0,10,50,5,150,0.0,0.0,0,0,0,0,150,pointwise descriptive; fixed empirical frames and class splits; no multiplicity adjustment
dataset,cifar100,,,0.2,0.0,DIRECT_BETTING_H,CP_IUT_H,0.10782499205681309,0.0034807811637819672,33.92424029443434,0.10075061172666339,0.1148993723869628,10,50,5,150,0.11307450549076999,0.005249513433956895,137,9,137,0,13,pointwise descriptive; fixed empirical frames and class splits; no multiplicity adjustment
dataset,cifar100,,,0.2,0.25,DIRECT_BETTING_H,CP_IUT_H,0.06805482125118535,0.0027632267045450652,30.19899263494847,0.06241311837761285,0.07369652412475786,10,50,5,150,0.07301405211117222,0.004959230859986868,99,9,99,0,51,pointwise descriptive; fixed empirical frames and class splits; no multiplicity adjustment
dataset,cifar100,,,0.2,0.5,DIRECT_BETTING_H,CP_IUT_H,0.020624307349620424,0.003112145039954796,29.198042662830666,0.014261130810579776,0.026987483888661075,10,50,5,150,0.025296419657568275,0.00467211230794785,40,9,36,0,114,pointwise descriptive; fixed empirical frames and class splits; no multiplicity adjustment
dataset,cifar100,,,0.2,0.75,DIRECT_BETTING_H,CP_IUT_H,-0.0004828454791860931,0.00033975505621956016,7.463217453486005,-0.0012762398617895908,0.0003105489034174047,10,50,5,150,0.0039027556617674186,0.004385601140953511,7,9,0,3,147,pointwise descriptive; fixed empirical frames and class splits; no multiplicity adjustment
dataset,cifar100,,,0.2,1.0,DIRECT_BETTING_H,CP_IUT_H,-0.0035777759596408156,0.001367218366587172,16.33163031352248,-0.00647137351225663,-0.0006841784070250006,10,50,5,150,0.0005213140143183563,0.004099089973959172,1,9,0,9,141,pointwise descriptive; fixed empirical frames and class splits; no multiplicity adjustment
dataset,cifar100,,,0.25,0.0,DIRECT_BETTING_H,CP_IUT_H,0.12728264687693971,0.005238875629086927,25.424703217330396,0.11650211209600726,0.13806318165787215,10,50,5,150,0.16404056554335517,0.036757918666415465,148,43,148,0,2,pointwise descriptive; fixed empirical frames and class splits; no multiplicity adjustment
dataset,cifar100,,,0.25,0.25,DIRECT_BETTING_H,CP_IUT_H,0.09882529851682625,0.0045705272157610406,23.30489634005244,0.08937728256071516,0.10827331447293735,10,50,5,150,0.13384346347612774,0.03501816495930148,130,43,130,0,20,pointwise descriptive; fixed empirical frames and class splits; no multiplicity adjustment
dataset,cifar100,,,0.25,0.5,DIRECT_BETTING_H,CP_IUT_H,0.04310577523213002,0.004236745443028731,30.98672350630272,0.0344647258736919,0.05174682459056815,10,50,5,150,0.07638674764907093,0.033280972416940904,90,43,74,0,76,pointwise descriptive; fixed empirical frames and class splits; no multiplicity adjustment
dataset,cifar100,,,0.25,0.75,DIRECT_BETTING_H,CP_IUT_H,-0.0035609363396066594,0.0014415288694365137,18.63992975967294,-0.0065820405348808305,-0.0005398321443324883,10,50,5,150,0.02798768740029583,0.03154862373990249,39,43,0,8,142,pointwise descriptive; fixed empirical frames and class splits; no multiplicity adjustment
dataset,cifar100,,,0.25,1.0,DIRECT_BETTING_H,CP_IUT_H,-0.024344088974799085,0.003506217699385803,32.00391926101516,-0.031485986414820144,-0.01720219153477803,10,50,5,150,0.00548343907716818,0.029827528051967266,10,43,0,40,110,pointwise descriptive; fixed empirical frames and class splits; no multiplicity adjustment
dataset,cifar100,,,0.3,0.0,DIRECT_BETTING_H,CP_IUT_H,0.11563050409451556,0.0040094647652229665,31.707719312549496,0.1074605380744861,0.12380047011454501,10,50,5,150,0.21378625474070875,0.09815575064619321,150,92,148,0,2,pointwise descriptive; fixed empirical frames and class splits; no multiplicity adjustment
dataset,cifar100,,,0.3,0.25,DIRECT_BETTING_H,CP_IUT_H,0.09517079420457095,0.003693955224456178,30.36892978981529,0.08763057242808717,0.10271101598105473,10,50,5,150,0.1893986507093556,0.09422785650478466,145,92,142,0,8,pointwise descriptive; fixed empirical frames and class splits; no multiplicity adjustment
dataset,cifar100,,,0.3,0.5,DIRECT_BETTING_H,CP_IUT_H,0.046466381687681496,0.003607649425180355,28.770949134127775,0.03908535776374488,0.05384740561161811,10,50,5,150,0.13680585461352981,0.09033947292584833,125,92,99,0,51,pointwise descriptive; fixed empirical frames and class splits; no multiplicity adjustment
dataset,cifar100,,,0.3,0.75,DIRECT_BETTING_H,CP_IUT_H,-0.009769794609261804,0.0018135465449642125,20.56854213390437,-0.0135460940852434,-0.005993495133280208,10,50,5,150,0.07673134125179464,0.08650113586105644,85,92,2,29,119,pointwise descriptive; fixed empirical frames and class splits; no multiplicity adjustment
dataset,cifar100,,,0.3,1.0,DIRECT_BETTING_H,CP_IUT_H,-0.05742686906420707,0.004666238250235119,26.411375743230863,-0.06701119333071964,-0.047842544797694495,10,50,5,150,0.025264418535183145,0.0826912875993902,36,92,0,87,63,pointwise descriptive; fixed empirical frames and class splits; no multiplicity adjustment
dataset,officehome,,,0.05,0.0,DIRECT_BETTING_H,CP_IUT_H,0.019113347800662695,0.003822630079586479,19.869574210902652,0.011136124398051698,0.02709057120327369,10,50,5,100,0.019113347800662695,0.0,17,0,17,0,83,pointwise descriptive; fixed empirical frames and class splits; no multiplicity adjustment
dataset,officehome,,,0.05,0.25,DIRECT_BETTING_H,CP_IUT_H,0.0,0.0,inf,0.0,0.0,10,50,5,100,0.0,0.0,0,0,0,0,100,pointwise descriptive; fixed empirical frames and class splits; no multiplicity adjustment
dataset,officehome,,,0.05,0.5,DIRECT_BETTING_H,CP_IUT_H,0.0,0.0,inf,0.0,0.0,10,50,5,100,0.0,0.0,0,0,0,0,100,pointwise descriptive; fixed empirical frames and class splits; no multiplicity adjustment
dataset,officehome,,,0.05,0.75,DIRECT_BETTING_H,CP_IUT_H,0.0,0.0,inf,0.0,0.0,10,50,5,100,0.0,0.0,0,0,0,0,100,pointwise descriptive; fixed empirical frames and class splits; no multiplicity adjustment
dataset,officehome,,,0.05,1.0,DIRECT_BETTING_H,CP_IUT_H,0.0,0.0,inf,0.0,0.0,10,50,5,100,0.0,0.0,0,0,0,0,100,pointwise descriptive; fixed empirical frames and class splits; no multiplicity adjustment
dataset,officehome,,,0.1,0.0,DIRECT_BETTING_H,CP_IUT_H,0.10878365070082757,0.0052535571623645305,24.648545278997716,0.09795591908812291,0.11961138231353223,10,50,5,100,0.11944746660761744,0.01066381590678988,83,8,83,0,17,pointwise descriptive; fixed empirical frames and class splits; no multiplicity adjustment
dataset,officehome,,,0.1,0.25,DIRECT_BETTING_H,CP_IUT_H,0.04698326539392137,0.004675320481178476,21.5936838223986,0.03727665523256123,0.05668987555528151,10,50,5,100,0.056548696237842457,0.009565430843921086,48,8,47,0,53,pointwise descriptive; fixed empirical frames and class splits; no multiplicity adjustment
dataset,officehome,,,0.1,0.5,DIRECT_BETTING_H,CP_IUT_H,0.0064506163917476145,0.0023106008791955444,10.820501673951672,0.001354706300140951,0.011546526483354278,10,50,5,100,0.014917662172799906,0.008467045781052292,15,8,10,0,90,pointwise descriptive; fixed empirical frames and class splits; no multiplicity adjustment
dataset,officehome,,,0.1,0.75,DIRECT_BETTING_H,CP_IUT_H,-0.0061574080376315815,0.002372004919466464,12.635291761396017,-0.011296889519468063,-0.0010179265557950998,10,50,5,100,0.0012112526805519149,0.007368660718183496,1,8,0,7,93,pointwise descriptive; fixed empirical frames and class splits; no multiplicity adjustment
dataset,officehome,,,0.1,1.0,DIRECT_BETTING_H,CP_IUT_H,-0.0062702756553147014,0.0020027706454041607,11.953371018099412,-0.010635826703859538,-0.0019047246067698653,10,50,5,100,0.0,0.006270275655314702,0,8,0,8,92,pointwise descriptive; fixed empirical frames and class splits; no multiplicity adjustment
dataset,officehome,,,0.15,0.0,DIRECT_BETTING_H,CP_IUT_H,0.14856618411696432,0.005754377897010549,25.85119453181195,0.136734576311464,0.16039779192246464,10,50,5,100,0.20648882978560187,0.05792264566863754,96,36,96,0,4,pointwise descriptive; fixed empirical frames and class splits; no multiplicity adjustment
dataset,officehome,,,0.15,0.25,DIRECT_BETTING_H,CP_IUT_H,0.10596772136190835,0.006534690752050927,29.18009786473594,0.09260636021748725,0.11932908250632945,10,50,5,100,0.15778890038596127,0.05182117902405292,93,36,83,0,17,pointwise descriptive; fixed empirical frames and class splits; no multiplicity adjustment
dataset,officehome,,,0.15,0.5,DIRECT_BETTING_H,CP_IUT_H,0.043285323921074995,0.004899494148045324,27.91792478330139,0.03324783569834303,0.05332281214380696,10,50,5,100,0.08903654905213736,0.04575122513106236,67,36,45,0,55,pointwise descriptive; fixed empirical frames and class splits; no multiplicity adjustment
dataset,officehome,,,0.15,0.75,DIRECT_BETTING_H,CP_IUT_H,-0.007014286922248176,0.0029572583514036357,16.872110720184438,-0.013257161220455425,-0.0007714126240409265,10,50,5,100,0.0326819076158843,0.03969619453813247,31,36,3,17,80,pointwise descriptive; fixed empirical frames and class splits; no multiplicity adjustment
dataset,officehome,,,0.15,1.0,DIRECT_BETTING_H,CP_IUT_H,-0.027308645329843517,0.002810263775357355,21.620685745937838,-0.0331427097187661,-0.02147458094092093,10,50,5,100,0.006332518615359069,0.033641163945202585,6,36,0,35,65,pointwise descriptive; fixed empirical frames and class splits; no multiplicity adjustment
dataset,officehome,,,0.2,0.0,DIRECT_BETTING_H,CP_IUT_H,0.10350597942894899,0.006928691607730146,23.629935637652935,0.08919400218047989,0.11781795667741808,10,50,5,100,0.27161748682977743,0.16811150740082845,100,79,98,0,2,pointwise descriptive; fixed empirical frames and class splits; no multiplicity adjustment
dataset,officehome,,,0.2,0.25,DIRECT_BETTING_H,CP_IUT_H,0.07723250676999936,0.005774353619497207,24.244062360422273,0.06532117232622654,0.08914384121377218,10,50,5,100,0.2280052363490734,0.15077272957907403,99,79,89,0,11,pointwise descriptive; fixed empirical frames and class splits; no multiplicity adjustment
dataset,officehome,,,0.2,0.5,DIRECT_BETTING_H,CP_IUT_H,0.039880984892883546,0.0048005374352534085,20.570637693750278,0.02988501753558279,0.049876952250184306,10,50,5,100,0.17338766509443185,0.1335066802015483,95,79,56,0,44,pointwise descriptive; fixed empirical frames and class splits; no multiplicity adjustment
dataset,officehome,,,0.2,0.75,DIRECT_BETTING_H,CP_IUT_H,-0.0065234944371411075,0.0034484231799833736,25.28702454356426,-0.013621569559796392,0.0005745806855141766,10,50,5,100,0.10981945759184038,0.11634295202898148,76,79,7,21,72,pointwise descriptive; fixed empirical frames and class splits; no multiplicity adjustment
dataset,officehome,,,0.2,1.0,DIRECT_BETTING_H,CP_IUT_H,-0.06383568903800892,0.005013960356447851,27.675015039098856,-0.07411175752597383,-0.053559620550044006,10,50,5,100,0.03538083747163488,0.0992165265096438,31,79,0,73,27,pointwise descriptive; fixed empirical frames and class splits; no multiplicity adjustment
dataset,officehome,,,0.25,0.0,DIRECT_BETTING_H,CP_IUT_H,0.07247656737911752,0.007378257742066144,20.302116354478905,0.05710046076321272,0.08785267399502232,10,50,5,100,0.3218680735505747,0.24939150617145714,100,92,87,0,13,pointwise descriptive; fixed empirical frames and class splits; no multiplicity adjustment
dataset,officehome,,,0.25,0.25,DIRECT_BETTING_H,CP_IUT_H,0.06033196530104181,0.006689357859243071,19.770878724802845,0.04636783542365326,0.07429609517843036,10,50,5,100,0.2875871083146358,0.22725514301359398,100,92,83,0,17,pointwise descriptive; fixed empirical frames and class splits; no multiplicity adjustment
dataset,officehome,,,0.25,0.5,DIRECT_BETTING_H,CP_IUT_H,0.035052731644965154,0.005484044809281699,18.045436577168513,0.023533260112586607,0.0465722031773437,10,50,5,100,0.24042366457064945,0.20537093292568429,99,92,55,0,45,pointwise descriptive; fixed empirical frames and class splits; no multiplicity adjustment
dataset,officehome,,,0.25,0.75,DIRECT_BETTING_H,CP_IUT_H,-0.008599198430739629,0.004137687733157031,15.691844755516836,-0.017384724990561803,0.0001863281290825445,10,50,5,100,0.1749622589928897,0.1835614574236293,95,92,8,31,61,pointwise descriptive; fixed empirical frames and class splits; no multiplicity adjustment
dataset,officehome,,,0.25,1.0,DIRECT_BETTING_H,CP_IUT_H,-0.0560387223173089,0.005673295757505902,27.45593065954874,-0.06767032551707482,-0.044407119117542984,10,50,5,100,0.10576705045911416,0.16180577277642308,74,92,0,80,20,pointwise descriptive; fixed empirical frames and class splits; no multiplicity adjustment
dataset,officehome,,,0.3,0.0,DIRECT_BETTING_H,CP_IUT_H,0.044096627786033696,0.003698390574861002,22.87713654310977,0.03644364974017265,0.051749605831894745,10,50,5,100,0.36646213375694026,0.3223655059709066,100,100,73,0,27,pointwise descriptive; fixed empirical frames and class splits; no multiplicity adjustment
dataset,officehome,,,0.3,0.25,DIRECT_BETTING_H,CP_IUT_H,0.04178939250966329,0.003493992862064162,21.787793679294623,0.03453920075360366,0.04903958426572293,10,50,5,100,0.3381577518400288,0.2963683593303655,100,100,73,0,27,pointwise descriptive; fixed empirical frames and class splits; no multiplicity adjustment
dataset,officehome,,,0.3,0.5,DIRECT_BETTING_H,CP_IUT_H,0.023212350610474282,0.002488842262244223,25.595987008543858,0.018092529090855146,0.028332172130093418,10,50,5,100,0.29432933583462,0.2711169852241457,100,100,51,0,49,pointwise descriptive; fixed empirical frames and class splits; no multiplicity adjustment
dataset,officehome,,,0.3,0.75,DIRECT_BETTING_H,CP_IUT_H,-0.008858915203897949,0.0028558155754144087,19.835492897986807,-0.014819210969037506,-0.0028986194387583923,10,50,5,100,0.23748351566858747,0.24634243087248542,100,100,5,25,70,pointwise descriptive; fixed empirical frames and class splits; no multiplicity adjustment
dataset,officehome,,,0.3,1.0,DIRECT_BETTING_H,CP_IUT_H,-0.05189038074224473,0.004466177272933084,26.72930149418134,-0.061058564003926,-0.04272219748056346,10,50,5,100,0.16982890098444103,0.22171928172668576,93,100,0,74,26,pointwise descriptive; fixed empirical frames and class splits; no multiplicity adjustment
dataset,pathmnist,,,0.05,0.0,DIRECT_BETTING_H,CP_IUT_H,0.05657620366892704,0.017101673365411678,7.515451302094989,0.016692682382949728,0.09645972495490435,5,25,5,50,0.05657620366892704,0.0,10,0,10,0,40,pointwise descriptive; fixed empirical frames and class splits; no multiplicity adjustment
dataset,pathmnist,,,0.05,0.25,DIRECT_BETTING_H,CP_IUT_H,0.02716656412545153,0.01198016052271514,7.478798759966663,-0.0007984739829021668,0.05513160223380523,5,25,5,50,0.027166564125451532,0.0,5,0,5,0,45,pointwise descriptive; fixed empirical frames and class splits; no multiplicity adjustment
dataset,pathmnist,,,0.05,0.5,DIRECT_BETTING_H,CP_IUT_H,0.010270717300010817,0.007283915853822277,7.817420818606435,-0.00659455262621636,0.027135987226237994,5,25,5,50,0.010270717300010815,0.0,2,0,2,0,48,pointwise descriptive; fixed empirical frames and class splits; no multiplicity adjustment
dataset,pathmnist,,,0.05,0.75,DIRECT_BETTING_H,CP_IUT_H,0.0,0.0,inf,0.0,0.0,5,25,5,50,0.0,0.0,0,0,0,0,50,pointwise descriptive; fixed empirical frames and class splits; no multiplicity adjustment
dataset,pathmnist,,,0.05,1.0,DIRECT_BETTING_H,CP_IUT_H,0.0,0.0,inf,0.0,0.0,5,25,5,50,0.0,0.0,0,0,0,0,50,pointwise descriptive; fixed empirical frames and class splits; no multiplicity adjustment
dataset,pathmnist,,,0.1,0.0,DIRECT_BETTING_H,CP_IUT_H,0.11007531696929479,0.010413869250081899,15.296380152369514,0.0879160800003155,0.13223455393827407,5,25,5,50,0.14370060460389655,0.03362528763460177,27,5,27,0,23,pointwise descriptive; fixed empirical frames and class splits; no multiplicity adjustment
dataset,pathmnist,,,0.1,0.25,DIRECT_BETTING_H,CP_IUT_H,0.06179686368757228,0.014771158250342836,7.8571532912158935,0.02762641785502526,0.0959673095201193,5,25,5,50,0.0946617138076497,0.03286485012007743,13,5,12,0,38,pointwise descriptive; fixed empirical frames and class splits; no multiplicity adjustment
dataset,pathmnist,,,0.1,0.5,DIRECT_BETTING_H,CP_IUT_H,0.03960916700224361,0.00913191522118968,7.8923676938270475,0.018500839963501187,0.06071749404098603,5,25,5,50,0.07171357960779669,0.03210441260555308,11,5,9,0,41,pointwise descriptive; fixed empirical frames and class splits; no multiplicity adjustment
dataset,pathmnist,,,0.1,0.75,DIRECT_BETTING_H,CP_IUT_H,-0.0005931301936316069,0.0005931301936316069,4.0,-0.0022399236164851013,0.0010536632292218876,5,25,5,50,0.03075084489739713,0.03134397509102874,5,5,0,1,49,pointwise descriptive; fixed empirical frames and class splits; no multiplicity adjustment
dataset,pathmnist,,,0.1,1.0,DIRECT_BETTING_H,CP_IUT_H,-0.030583537576504394,0.010805921554736826,7.611064397625561,-0.0557254342035738,-0.0054416409494349866,5,25,5,50,0.0,0.030583537576504394,0,5,0,5,45,pointwise descriptive; fixed empirical frames and class splits; no multiplicity adjustment
dataset,pathmnist,,,0.15,0.0,DIRECT_BETTING_H,CP_IUT_H,0.18061383691484925,0.016749471026765078,13.602925021464511,0.14459116544968903,0.21663650838000947,5,25,5,50,0.2851903529433548,0.10457651602850555,37,13,37,0,13,pointwise descriptive; fixed empirical frames and class splits; no multiplicity adjustment
dataset,pathmnist,,,0.15,0.25,DIRECT_BETTING_H,CP_IUT_H,0.11653172289469094,0.017293543045879784,14.682056450677303,0.07960176398694085,0.15346168180244102,5,25,5,50,0.21915385570000448,0.10262213280531353,33,13,31,0,19,pointwise descriptive; fixed empirical frames and class splits; no multiplicity adjustment
dataset,pathmnist,,,0.15,0.5,DIRECT_BETTING_H,CP_IUT_H,0.041940590427544985,0.014815166644838382,9.808371466235629,0.008842713650719307,0.07503846720437066,5,25,5,50,0.14262391882906358,0.10068332840151858,20,13,11,0,39,pointwise descriptive; fixed empirical frames and class splits; no multiplicity adjustment
dataset,pathmnist,,,0.15,0.75,DIRECT_BETTING_H,CP_IUT_H,-0.0066291779686645045,0.004311692123550463,4.0,-0.018600354460216066,0.005341998522887059,5,25,5,50,0.0922082245993639,0.0988374025680284,13,13,0,4,46,pointwise descriptive; fixed empirical frames and class splits; no multiplicity adjustment
dataset,pathmnist,,,0.15,1.0,DIRECT_BETTING_H,CP_IUT_H,-0.02929060259037821,0.008246737269328614,7.563251693488793,-0.0485004686334425,-0.010080736547313923,5,25,5,50,0.06770087414416,0.09699147673453822,10,13,0,11,39,pointwise descriptive; fixed empirical frames and class splits; no multiplicity adjustment
dataset,pathmnist,,,0.2,0.0,DIRECT_BETTING_H,CP_IUT_H,0.17640637652890248,0.018257432693843768,10.07566618440501,0.13576765335616386,0.2170450997016411,5,25,5,50,0.3779634150644733,0.20155703853557078,40,26,39,0,11,pointwise descriptive; fixed empirical frames and class splits; no multiplicity adjustment
dataset,pathmnist,,,0.2,0.25,DIRECT_BETTING_H,CP_IUT_H,0.1461182390831026,0.017603298433227086,10.286543847468167,0.10704324188824267,0.18519323627796253,5,25,5,50,0.3438046164069742,0.19768637732387156,39,26,36,0,14,pointwise descriptive; fixed empirical frames and class splits; no multiplicity adjustment
dataset,pathmnist,,,0.2,0.5,DIRECT_BETTING_H,CP_IUT_H,0.08802424209744071,0.01679630672919993,9.907680891916344,0.050552416270039306,0.1254960679248421,5,25,5,50,0.2818489686362521,0.1938247265388114,36,26,28,0,22,pointwise descriptive; fixed empirical frames and class splits; no multiplicity adjustment
dataset,pathmnist,,,0.2,0.75,DIRECT_BETTING_H,CP_IUT_H,-0.012942941826551953,0.005370774998415215,11.176804176069384,-0.024741163391491638,-0.0011447202616122684,5,25,5,50,0.1770297475734274,0.18997268939997936,24,26,0,7,43,pointwise descriptive; fixed empirical frames and class splits; no multiplicity adjustment
dataset,pathmnist,,,0.2,1.0,DIRECT_BETTING_H,CP_IUT_H,-0.10384475970949049,0.021398097509421465,14.314971782041345,-0.1496445581387445,-0.05804496128023648,5,25,5,50,0.08227589255165682,0.1861206522611473,12,26,0,24,26,pointwise descriptive; fixed empirical frames and class splits; no multiplicity adjustment
dataset,pathmnist,,,0.25,0.0,DIRECT_BETTING_H,CP_IUT_H,0.09371603004364254,0.011177552547162673,16.283240563385018,0.0700541313489017,0.11737792873838337,5,25,5,50,0.45207855677474934,0.3583625267311068,43,39,36,0,14,pointwise descriptive; fixed empirical frames and class splits; no multiplicity adjustment
dataset,pathmnist,,,0.25,0.25,DIRECT_BETTING_H,CP_IUT_H,0.07878111312744997,0.010586434574865375,17.953746519122994,0.05653573150848733,0.1010264947464126,5,25,5,50,0.4310768660708635,0.3522957529434135,42,39,32,0,18,pointwise descriptive; fixed empirical frames and class splits; no multiplicity adjustment
dataset,pathmnist,,,0.25,0.5,DIRECT_BETTING_H,CP_IUT_H,0.018456367987118825,0.005294733256679316,13.06860561793511,0.007023893333258447,0.029888842640979206,5,25,5,50,0.3647841566104029,0.3463277886232841,39,39,14,0,36,pointwise descriptive; fixed empirical frames and class splits; no multiplicity adjustment
dataset,pathmnist,,,0.25,0.75,DIRECT_BETTING_H,CP_IUT_H,-0.025262520405098673,0.010846977318601167,6.790885743921436,-0.05107252864438927,0.0005474878341919197,5,25,5,50,0.31517381398346084,0.34043633438855947,36,39,1,11,38,pointwise descriptive; fixed empirical frames and class splits; no multiplicity adjustment
dataset,pathmnist,,,0.25,1.0,DIRECT_BETTING_H,CP_IUT_H,-0.10634873951431904,0.01586819165650096,12.49905697853599,-0.1407700732834646,-0.07192740574517348,5,25,5,50,0.228222113068103,0.33457085258242203,29,39,0,34,16,pointwise descriptive; fixed empirical frames and class splits; no multiplicity adjustment
dataset,pathmnist,,,0.3,0.0,DIRECT_BETTING_H,CP_IUT_H,0.10501753087817961,0.021168710119349256,11.061066049375182,0.05845687795796394,0.15157818379839527,5,25,5,50,0.5501863547944289,0.44516882391624923,46,40,33,0,17,pointwise descriptive; fixed empirical frames and class splits; no multiplicity adjustment
dataset,pathmnist,,,0.3,0.25,DIRECT_BETTING_H,CP_IUT_H,0.08975321585467898,0.019501239278253403,9.340780716294313,0.045882470173400934,0.13362396153595701,5,25,5,50,0.5285228176750061,0.4387696018203271,45,40,28,0,22,pointwise descriptive; fixed empirical frames and class splits; no multiplicity adjustment
dataset,pathmnist,,,0.3,0.5,DIRECT_BETTING_H,CP_IUT_H,0.067288447821299,0.017881457425837823,7.750946858485545,0.02582196481870863,0.10875493082388937,5,25,5,50,0.4998316261434927,0.4325431783221937,44,40,21,0,29,pointwise descriptive; fixed empirical frames and class splits; no multiplicity adjustment
dataset,pathmnist,,,0.3,0.75,DIRECT_BETTING_H,CP_IUT_H,-0.01755511363609439,0.007376270322884901,10.695864239094734,-0.033846676430727474,-0.0012635508414613056,5,25,5,50,0.40883864290945254,0.42639375654554695,40,40,0,10,40,pointwise descriptive; fixed empirical frames and class splits; no multiplicity adjustment
dataset,pathmnist,,,0.3,1.0,DIRECT_BETTING_H,CP_IUT_H,-0.07905030649327309,0.0151839309601625,11.325573047649002,-0.1123530743099391,-0.04574753867660707,5,25,5,50,0.34126997510907386,0.42032028160234697,39,40,0,32,18,pointwise descriptive; fixed empirical frames and class splits; no multiplicity adjustment
