model_id,architecture,split,nominal_seed,model_init_seed_uint64
pacs__resnet18__split00__seed0,resnet18,0,0,11902935454557521285
pacs__convnext_tiny__split00__seed0,convnext_tiny,0,0,10314145967780796047
pacs__resnet18__split00__seed1,resnet18,0,1,13082501460061797865
pacs__convnext_tiny__split00__seed1,convnext_tiny,0,1,5991244082061296923
pacs__resnet18__split00__seed2,resnet18,0,2,16565577883921818143
pacs__convnext_tiny__split00__seed2,convnext_tiny,0,2,6935427679960254231
pacs__resnet18__split01__seed0,resnet18,1,0,11843373529610609466
pacs__convnext_tiny__split01__seed0,convnext_tiny,1,0,2658610313700234334
pacs__resnet18__split01__seed1,resnet18,1,1,9286904466710805691
pacs__convnext_tiny__split01__seed1,convnext_tiny,1,1,7600500938473062110
pacs__resnet18__split01__seed2,resnet18,1,2,4464708965202691542
pacs__convnext_tiny__split01__seed2,convnext_tiny,1,2,1415795823818480544
pacs__resnet18__split02__seed0,resnet18,2,0,7865864383465078246
pacs__convnext_tiny__split02__seed0,convnext_tiny,2,0,18363195897303813771
pacs__resnet18__split02__seed1,resnet18,2,1,5342065754248927550
pacs__convnext_tiny__split02__seed1,convnext_tiny,2,1,14565127610039314482
pacs__resnet18__split02__seed2,resnet18,2,2,5826371298377205334
pacs__convnext_tiny__split02__seed2,convnext_tiny,2,2,477980127308745758
pacs__resnet18__split03__seed0,resnet18,3,0,4255248133371012684
pacs__convnext_tiny__split03__seed0,convnext_tiny,3,0,2558099941799983335
pacs__resnet18__split03__seed1,resnet18,3,1,13603404246114767685
pacs__convnext_tiny__split03__seed1,convnext_tiny,3,1,9455543838442619081
pacs__resnet18__split03__seed2,resnet18,3,2,17418113997374809644
pacs__convnext_tiny__split03__seed2,convnext_tiny,3,2,4485236353914467453
pacs__resnet18__split04__seed0,resnet18,4,0,17532216360140373598
pacs__convnext_tiny__split04__seed0,convnext_tiny,4,0,5689896831506498891
pacs__resnet18__split04__seed1,resnet18,4,1,4809172953817640995
pacs__convnext_tiny__split04__seed1,convnext_tiny,4,1,10509958390493489146
pacs__resnet18__split04__seed2,resnet18,4,2,15774454499058122354
pacs__convnext_tiny__split04__seed2,convnext_tiny,4,2,6577743318720786190
