semantic_id,dataset,best_auroc,best_fpr95,H_certified,H_ecc
cifar100_proser_fedavg__split00__seed0__d0.1,cifar100,0.642202,0.905195,0,0.0
cifar100_proser_fedavg__split00__seed0__d0.5,cifar100,0.685807,0.874026,0,0.0
cifar100_proser_fedavg__split00__seed0__d5.0,cifar100,0.675864,0.902597,0,0.0
cifar100_proser_fedavg__split00__seed1__d0.1,cifar100,0.640128,0.877922,0,0.0
cifar100_proser_fedavg__split00__seed1__d0.5,cifar100,0.675967,0.883117,0,0.0
cifar100_proser_fedavg__split00__seed1__d5.0,cifar100,0.693396,0.881818,1,0.03903700895926686
cifar100_proser_fedavg__split00__seed2__d0.1,cifar100,0.675008,0.884416,0,0.0
cifar100_proser_fedavg__split00__seed2__d0.5,cifar100,0.673578,0.881818,0,0.0
cifar100_proser_fedavg__split00__seed2__d5.0,cifar100,0.6658,0.887013,0,0.0
cifar100_proser_fedavg__split00__seed3__d0.1,cifar100,0.630266,0.892208,0,0.0
cifar100_proser_fedavg__split00__seed3__d0.5,cifar100,0.667425,0.848052,0,0.0
cifar100_proser_fedavg__split00__seed3__d5.0,cifar100,0.668849,0.868831,0,0.0
cifar100_proser_fedavg__split00__seed4__d0.1,cifar100,0.675605,0.851948,0,0.0
cifar100_proser_fedavg__split00__seed4__d0.5,cifar100,0.656313,0.883117,0,0.0
cifar100_proser_fedavg__split00__seed4__d5.0,cifar100,0.65899,0.892208,0,0.0
cifar100_proser_fedavg__split01__seed0__d0.1,cifar100,0.703784,0.887013,0,0.0
cifar100_proser_fedavg__split01__seed0__d0.5,cifar100,0.710805,0.866234,0,0.0
cifar100_proser_fedavg__split01__seed0__d5.0,cifar100,0.71526,0.868831,0,0.0
cifar100_proser_fedavg__split01__seed1__d0.1,cifar100,0.695558,0.849351,0,0.0
cifar100_proser_fedavg__split01__seed1__d0.5,cifar100,0.723144,0.845455,0,0.0
cifar100_proser_fedavg__split01__seed1__d5.0,cifar100,0.719125,0.855844,1,0.13497382023620932
cifar100_proser_fedavg__split01__seed2__d0.1,cifar100,0.667589,0.87013,0,0.0
cifar100_proser_fedavg__split01__seed2__d0.5,cifar100,0.695421,0.861039,0,0.0
cifar100_proser_fedavg__split01__seed2__d5.0,cifar100,0.709005,0.862338,0,0.0
cifar100_proser_fedavg__split01__seed3__d0.1,cifar100,0.682746,0.875325,0,0.0
cifar100_proser_fedavg__split01__seed3__d0.5,cifar100,0.713892,0.858442,0,0.0
cifar100_proser_fedavg__split01__seed3__d5.0,cifar100,0.704892,0.883117,0,0.0
cifar100_proser_fedavg__split01__seed4__d0.1,cifar100,0.661788,0.868831,0,0.0
cifar100_proser_fedavg__split01__seed4__d0.5,cifar100,0.689487,0.887013,0,0.0
cifar100_proser_fedavg__split01__seed4__d5.0,cifar100,0.709494,0.872727,0,0.0
cifar100_proser_fedavg__split02__seed0__d0.1,cifar100,0.642289,0.884416,0,0.0
cifar100_proser_fedavg__split02__seed0__d0.5,cifar100,0.704437,0.876623,0,0.0
cifar100_proser_fedavg__split02__seed0__d5.0,cifar100,0.701665,0.862338,1,0.08558611885182409
cifar100_proser_fedavg__split02__seed1__d0.1,cifar100,0.667462,0.91039,0,0.0
cifar100_proser_fedavg__split02__seed1__d0.5,cifar100,0.704489,0.853247,0,0.0
cifar100_proser_fedavg__split02__seed1__d5.0,cifar100,0.696279,0.84026,0,0.0
cifar100_proser_fedavg__split02__seed2__d0.1,cifar100,0.661842,0.890909,0,0.0
cifar100_proser_fedavg__split02__seed2__d0.5,cifar100,0.689697,0.875325,0,0.0
cifar100_proser_fedavg__split02__seed2__d5.0,cifar100,0.698766,0.885714,0,0.0
cifar100_proser_fedavg__split02__seed3__d0.1,cifar100,0.657212,0.881818,0,0.0
cifar100_proser_fedavg__split02__seed3__d0.5,cifar100,0.683801,0.866234,0,0.0
cifar100_proser_fedavg__split02__seed3__d5.0,cifar100,0.691899,0.872727,0,0.0
cifar100_proser_fedavg__split02__seed4__d0.1,cifar100,0.62276,0.901299,0,0.0
cifar100_proser_fedavg__split02__seed4__d0.5,cifar100,0.681435,0.892208,0,0.0
cifar100_proser_fedavg__split02__seed4__d5.0,cifar100,0.664731,0.9,0,0.0
cifar100_proser_fedavg__split03__seed0__d0.1,cifar100,0.67581,0.88961,0,0.0
cifar100_proser_fedavg__split03__seed0__d0.5,cifar100,0.676243,0.894805,0,0.0
cifar100_proser_fedavg__split03__seed0__d5.0,cifar100,0.680213,0.87013,0,0.0
cifar100_proser_fedavg__split03__seed1__d0.1,cifar100,0.633002,0.906494,0,0.0
cifar100_proser_fedavg__split03__seed1__d0.5,cifar100,0.653859,0.9,1,0.031504047537846934
cifar100_proser_fedavg__split03__seed1__d5.0,cifar100,0.68726,0.888312,0,0.0
cifar100_proser_fedavg__split03__seed2__d0.1,cifar100,0.632361,0.91039,0,0.0
cifar100_proser_fedavg__split03__seed2__d0.5,cifar100,0.633827,0.914286,0,0.0
cifar100_proser_fedavg__split03__seed2__d5.0,cifar100,0.665182,0.901299,0,0.0
cifar100_proser_fedavg__split03__seed3__d0.1,cifar100,0.661585,0.902597,0,0.0
cifar100_proser_fedavg__split03__seed3__d0.5,cifar100,0.675245,0.901299,0,0.0
cifar100_proser_fedavg__split03__seed3__d5.0,cifar100,0.687157,0.862338,0,0.0
cifar100_proser_fedavg__split03__seed4__d0.1,cifar100,0.611102,0.922078,0,0.0
cifar100_proser_fedavg__split03__seed4__d0.5,cifar100,0.676023,0.897403,0,0.0
cifar100_proser_fedavg__split03__seed4__d5.0,cifar100,0.676635,0.884416,0,0.0
cifar100_proser_fedavg__split04__seed0__d0.1,cifar100,0.718053,0.8,0,0.0
cifar100_proser_fedavg__split04__seed0__d0.5,cifar100,0.712882,0.876623,0,0.0
cifar100_proser_fedavg__split04__seed0__d5.0,cifar100,0.747887,0.809091,1,0.12804566180103333
cifar100_proser_fedavg__split04__seed1__d0.1,cifar100,0.683838,0.877922,0,0.0
cifar100_proser_fedavg__split04__seed1__d0.5,cifar100,0.722486,0.858442,1,0.03299367095597645
cifar100_proser_fedavg__split04__seed1__d5.0,cifar100,0.730714,0.845455,1,0.07565967752991613
cifar100_proser_fedavg__split04__seed2__d0.1,cifar100,0.708475,0.861039,0,0.0
cifar100_proser_fedavg__split04__seed2__d0.5,cifar100,0.733798,0.857143,0,0.0
cifar100_proser_fedavg__split04__seed2__d5.0,cifar100,0.713852,0.863636,0,0.0
cifar100_proser_fedavg__split04__seed3__d0.1,cifar100,0.679937,0.881818,0,0.0
cifar100_proser_fedavg__split04__seed3__d0.5,cifar100,0.709603,0.842857,0,0.0
cifar100_proser_fedavg__split04__seed3__d5.0,cifar100,0.727128,0.831169,0,0.0
cifar100_proser_fedavg__split04__seed4__d0.1,cifar100,0.675366,0.851948,0,0.0
cifar100_proser_fedavg__split04__seed4__d0.5,cifar100,0.708136,0.861039,0,0.0
cifar100_proser_fedavg__split04__seed4__d5.0,cifar100,0.70223,0.841558,0,0.0
cifar100_proser_fedavg__split05__seed0__d0.1,cifar100,0.657941,0.911688,0,0.0
cifar100_proser_fedavg__split05__seed0__d0.5,cifar100,0.676768,0.896104,0,0.0
cifar100_proser_fedavg__split05__seed0__d5.0,cifar100,0.683725,0.906494,0,0.0
cifar100_proser_fedavg__split05__seed1__d0.1,cifar100,0.639295,0.898701,0,0.0
cifar100_proser_fedavg__split05__seed1__d0.5,cifar100,0.669582,0.893506,0,0.0
cifar100_proser_fedavg__split05__seed1__d5.0,cifar100,0.683825,0.88961,1,0.05941604726528243
cifar100_proser_fedavg__split05__seed2__d0.1,cifar100,0.650627,0.877922,0,0.0
cifar100_proser_fedavg__split05__seed2__d0.5,cifar100,0.650931,0.867532,0,0.0
cifar100_proser_fedavg__split05__seed2__d5.0,cifar100,0.68089,0.867532,0,0.0
cifar100_proser_fedavg__split05__seed3__d0.1,cifar100,0.672991,0.880519,0,0.0
cifar100_proser_fedavg__split05__seed3__d0.5,cifar100,0.688107,0.877922,0,0.0
cifar100_proser_fedavg__split05__seed3__d5.0,cifar100,0.689409,0.875325,0,0.0
cifar100_proser_fedavg__split05__seed4__d0.1,cifar100,0.632986,0.88961,0,0.0
cifar100_proser_fedavg__split05__seed4__d0.5,cifar100,0.660266,0.914286,0,0.0
cifar100_proser_fedavg__split05__seed4__d5.0,cifar100,0.680877,0.87013,0,0.0
cifar100_proser_fedavg__split06__seed0__d0.1,cifar100,0.695354,0.858442,0,0.0
cifar100_proser_fedavg__split06__seed0__d0.5,cifar100,0.716062,0.842857,0,0.0
cifar100_proser_fedavg__split06__seed0__d5.0,cifar100,0.752061,0.754545,0,0.0
cifar100_proser_fedavg__split06__seed1__d0.1,cifar100,0.696957,0.850649,0,0.0
cifar100_proser_fedavg__split06__seed1__d0.5,cifar100,0.71735,0.814286,0,0.0
cifar100_proser_fedavg__split06__seed1__d5.0,cifar100,0.732685,0.835065,0,0.0
cifar100_proser_fedavg__split06__seed2__d0.1,cifar100,0.697461,0.815584,0,0.0
cifar100_proser_fedavg__split06__seed2__d0.5,cifar100,0.713102,0.848052,1,0.0740174636052026
cifar100_proser_fedavg__split06__seed2__d5.0,cifar100,0.712747,0.867532,0,0.0
cifar100_proser_fedavg__split06__seed3__d0.1,cifar100,0.703996,0.864935,0,0.0
cifar100_proser_fedavg__split06__seed3__d0.5,cifar100,0.705553,0.833766,0,0.0
cifar100_proser_fedavg__split06__seed3__d5.0,cifar100,0.743716,0.798701,0,0.0
cifar100_proser_fedavg__split06__seed4__d0.1,cifar100,0.730242,0.828571,0,0.0
cifar100_proser_fedavg__split06__seed4__d0.5,cifar100,0.724253,0.822078,0,0.0
cifar100_proser_fedavg__split06__seed4__d5.0,cifar100,0.73892,0.825974,0,0.0
cifar100_proser_fedavg__split07__seed0__d0.1,cifar100,0.659953,0.875325,0,0.0
cifar100_proser_fedavg__split07__seed0__d0.5,cifar100,0.676447,0.888312,0,0.0
cifar100_proser_fedavg__split07__seed0__d5.0,cifar100,0.721724,0.874026,0,0.0
cifar100_proser_fedavg__split07__seed1__d0.1,cifar100,0.669161,0.879221,0,0.0
cifar100_proser_fedavg__split07__seed1__d0.5,cifar100,0.694454,0.836364,0,0.0
cifar100_proser_fedavg__split07__seed1__d5.0,cifar100,0.714019,0.871429,0,0.0
cifar100_proser_fedavg__split07__seed2__d0.1,cifar100,0.675306,0.879221,0,0.0
cifar100_proser_fedavg__split07__seed2__d0.5,cifar100,0.710042,0.845455,0,0.0
cifar100_proser_fedavg__split07__seed2__d5.0,cifar100,0.710558,0.835065,0,0.0
cifar100_proser_fedavg__split07__seed3__d0.1,cifar100,0.674775,0.894805,0,0.0
cifar100_proser_fedavg__split07__seed3__d0.5,cifar100,0.706283,0.849351,0,0.0
cifar100_proser_fedavg__split07__seed3__d5.0,cifar100,0.723783,0.844156,0,0.0
cifar100_proser_fedavg__split07__seed4__d0.1,cifar100,0.678056,0.858442,0,0.0
cifar100_proser_fedavg__split07__seed4__d0.5,cifar100,0.684603,0.851948,0,0.0
cifar100_proser_fedavg__split07__seed4__d5.0,cifar100,0.700211,0.844156,0,0.0
cifar100_proser_fedavg__split08__seed0__d0.1,cifar100,0.63796,0.922078,0,0.0
cifar100_proser_fedavg__split08__seed0__d0.5,cifar100,0.664789,0.897403,0,0.0
cifar100_proser_fedavg__split08__seed0__d5.0,cifar100,0.648005,0.916883,0,0.0
cifar100_proser_fedavg__split08__seed1__d0.1,cifar100,0.630882,0.9,0,0.0
cifar100_proser_fedavg__split08__seed1__d0.5,cifar100,0.675564,0.883117,0,0.0
cifar100_proser_fedavg__split08__seed1__d5.0,cifar100,0.670204,0.9,0,0.0
cifar100_proser_fedavg__split08__seed2__d0.1,cifar100,0.654987,0.896104,0,0.0
cifar100_proser_fedavg__split08__seed2__d0.5,cifar100,0.655595,0.898701,0,0.0
cifar100_proser_fedavg__split08__seed2__d5.0,cifar100,0.674749,0.883117,0,0.0
cifar100_proser_fedavg__split08__seed3__d0.1,cifar100,0.651,0.884416,0,0.0
cifar100_proser_fedavg__split08__seed3__d0.5,cifar100,0.653785,0.890909,0,0.0
cifar100_proser_fedavg__split08__seed3__d5.0,cifar100,0.660367,0.890909,0,0.0
cifar100_proser_fedavg__split08__seed4__d0.1,cifar100,0.628763,0.888312,0,0.0
cifar100_proser_fedavg__split08__seed4__d0.5,cifar100,0.661394,0.881818,0,0.0
cifar100_proser_fedavg__split08__seed4__d5.0,cifar100,0.661788,0.863636,0,0.0
cifar100_proser_fedavg__split09__seed0__d0.1,cifar100,0.654056,0.903896,0,0.0
cifar100_proser_fedavg__split09__seed0__d0.5,cifar100,0.683693,0.887013,0,0.0
cifar100_proser_fedavg__split09__seed0__d5.0,cifar100,0.684997,0.877922,0,0.0
cifar100_proser_fedavg__split09__seed1__d0.1,cifar100,0.617509,0.912987,0,0.0
cifar100_proser_fedavg__split09__seed1__d0.5,cifar100,0.658272,0.896104,0,0.0
cifar100_proser_fedavg__split09__seed1__d5.0,cifar100,0.692465,0.896104,0,0.0
cifar100_proser_fedavg__split09__seed2__d0.1,cifar100,0.652337,0.884416,0,0.0
cifar100_proser_fedavg__split09__seed2__d0.5,cifar100,0.67818,0.871429,0,0.0
cifar100_proser_fedavg__split09__seed2__d5.0,cifar100,0.693357,0.888312,0,0.0
cifar100_proser_fedavg__split09__seed3__d0.1,cifar100,0.659556,0.902597,0,0.0
cifar100_proser_fedavg__split09__seed3__d0.5,cifar100,0.691554,0.894805,0,0.0
cifar100_proser_fedavg__split09__seed3__d5.0,cifar100,0.692873,0.914286,0,0.0
cifar100_proser_fedavg__split09__seed4__d0.1,cifar100,0.665967,0.890909,0,0.0
cifar100_proser_fedavg__split09__seed4__d0.5,cifar100,0.696009,0.884416,0,0.0
cifar100_proser_fedavg__split09__seed4__d5.0,cifar100,0.70449,0.872727,0,0.0
cifar10_proser_fedavg__split00__seed0__d0.1,cifar10,0.602354,0.945455,0,0.0
cifar10_proser_fedavg__split00__seed0__d0.5,cifar10,0.596773,0.941558,0,0.0
cifar10_proser_fedavg__split00__seed0__d5.0,cifar10,0.717952,0.841558,0,0.0
cifar10_proser_fedavg__split00__seed1__d0.1,cifar10,0.724366,0.831169,0,0.0
cifar10_proser_fedavg__split00__seed1__d0.5,cifar10,0.768706,0.819481,1,0.2529938396411718
cifar10_proser_fedavg__split00__seed1__d5.0,cifar10,0.763699,0.793506,1,0.258493008565482
cifar10_proser_fedavg__split00__seed2__d0.1,cifar10,0.71417,0.868831,0,0.0
cifar10_proser_fedavg__split00__seed2__d0.5,cifar10,0.754296,0.837662,1,0.2824355370849912
cifar10_proser_fedavg__split00__seed2__d5.0,cifar10,0.742693,0.842857,1,0.21479193734703372
cifar10_proser_fedavg__split00__seed3__d0.1,cifar10,0.613792,0.946753,0,0.0
cifar10_proser_fedavg__split00__seed3__d0.5,cifar10,0.727676,0.849351,0,0.0
cifar10_proser_fedavg__split00__seed3__d5.0,cifar10,0.684961,0.871429,0,0.0
cifar10_proser_fedavg__split00__seed4__d0.1,cifar10,0.721634,0.855844,0,0.0
cifar10_proser_fedavg__split00__seed4__d0.5,cifar10,0.672889,0.875325,0,0.0
cifar10_proser_fedavg__split00__seed4__d5.0,cifar10,0.682402,0.872727,0,0.0
cifar10_proser_fedavg__split01__seed0__d0.1,cifar10,0.72872,0.8,0,0.0
cifar10_proser_fedavg__split01__seed0__d0.5,cifar10,0.750077,0.703896,0,0.0
cifar10_proser_fedavg__split01__seed0__d5.0,cifar10,0.816738,0.738961,1,0.33646534015006613
cifar10_proser_fedavg__split01__seed1__d0.1,cifar10,0.767847,0.818182,1,0.1682881481006248
cifar10_proser_fedavg__split01__seed1__d0.5,cifar10,0.83091,0.733766,1,0.40845529463456637
cifar10_proser_fedavg__split01__seed1__d5.0,cifar10,0.83011,0.703896,1,0.31774156327905306
cifar10_proser_fedavg__split01__seed2__d0.1,cifar10,0.750364,0.828571,0,0.0
cifar10_proser_fedavg__split01__seed2__d0.5,cifar10,0.822638,0.741558,1,0.39319183232033605
cifar10_proser_fedavg__split01__seed2__d5.0,cifar10,0.836875,0.737662,1,0.3140083105619187
cifar10_proser_fedavg__split01__seed3__d0.1,cifar10,0.741468,0.733766,0,0.0
cifar10_proser_fedavg__split01__seed3__d0.5,cifar10,0.799833,0.706494,1,0.1541841332424807
cifar10_proser_fedavg__split01__seed3__d5.0,cifar10,0.814792,0.727273,1,0.3970023941057943
cifar10_proser_fedavg__split01__seed4__d0.1,cifar10,0.647175,0.890909,1,0.0889210237552595
cifar10_proser_fedavg__split01__seed4__d0.5,cifar10,0.755646,0.78961,1,0.1541841332424807
cifar10_proser_fedavg__split01__seed4__d5.0,cifar10,0.833478,0.776623,1,0.46425615733449827
cifar10_proser_fedavg__split02__seed0__d0.1,cifar10,0.614931,0.938961,0,0.0
cifar10_proser_fedavg__split02__seed0__d0.5,cifar10,0.660712,0.868831,0,0.0
cifar10_proser_fedavg__split02__seed0__d5.0,cifar10,0.729215,0.792208,0,0.0
cifar10_proser_fedavg__split02__seed1__d0.1,cifar10,0.756944,0.828571,0,0.0
cifar10_proser_fedavg__split02__seed1__d0.5,cifar10,0.721391,0.862338,0,0.0
cifar10_proser_fedavg__split02__seed1__d5.0,cifar10,0.748898,0.784416,0,0.0
cifar10_proser_fedavg__split02__seed2__d0.1,cifar10,0.706568,0.857143,0,0.0
cifar10_proser_fedavg__split02__seed2__d0.5,cifar10,0.765597,0.814286,1,0.2676802640594055
cifar10_proser_fedavg__split02__seed2__d5.0,cifar10,0.76421,0.818182,1,0.2603282771897686
cifar10_proser_fedavg__split02__seed3__d0.1,cifar10,0.624639,0.923377,0,0.0
cifar10_proser_fedavg__split02__seed3__d0.5,cifar10,0.703028,0.866234,1,0.0740174636052026
cifar10_proser_fedavg__split02__seed3__d5.0,cifar10,0.756222,0.805195,1,0.16651941981501164
cifar10_proser_fedavg__split02__seed4__d0.1,cifar10,0.65175,0.898701,0,0.0
cifar10_proser_fedavg__split02__seed4__d0.5,cifar10,0.621655,0.920779,0,0.0
cifar10_proser_fedavg__split02__seed4__d5.0,cifar10,0.763504,0.822078,1,0.2732055634255446
cifar10_proser_fedavg__split03__seed0__d0.1,cifar10,0.620734,0.914286,0,0.0
cifar10_proser_fedavg__split03__seed0__d0.5,cifar10,0.695042,0.885714,0,0.0
cifar10_proser_fedavg__split03__seed0__d5.0,cifar10,0.801001,0.738961,1,0.3515120946282726
cifar10_proser_fedavg__split03__seed1__d0.1,cifar10,0.688088,0.835065,0,0.0
cifar10_proser_fedavg__split03__seed1__d0.5,cifar10,0.778584,0.750649,1,0.2879860011542096
cifar10_proser_fedavg__split03__seed1__d5.0,cifar10,0.795669,0.755844,1,0.3158744522294004
cifar10_proser_fedavg__split03__seed2__d0.1,cifar10,0.721921,0.876623,0,0.0
cifar10_proser_fedavg__split03__seed2__d0.5,cifar10,0.79812,0.753247,1,0.3439812828054374
cifar10_proser_fedavg__split03__seed2__d5.0,cifar10,0.80576,0.709091,1,0.2329177531008276
cifar10_proser_fedavg__split03__seed3__d0.1,cifar10,0.667854,0.880519,0,0.0
cifar10_proser_fedavg__split03__seed3__d0.5,cifar10,0.753913,0.793506,1,0.17183034880148174
cifar10_proser_fedavg__split03__seed3__d5.0,cifar10,0.76125,0.825974,1,0.19500134841768263
cifar10_proser_fedavg__split03__seed4__d0.1,cifar10,0.671837,0.872727,0,0.0
cifar10_proser_fedavg__split03__seed4__d0.5,cifar10,0.734519,0.894805,1,0.2329177531008276
cifar10_proser_fedavg__split03__seed4__d5.0,cifar10,0.807361,0.750649,1,0.31774156327905306
cifar10_proser_fedavg__split04__seed0__d0.1,cifar10,0.646518,0.893506,0,0.0
cifar10_proser_fedavg__split04__seed0__d0.5,cifar10,0.785903,0.690909,0,0.0
cifar10_proser_fedavg__split04__seed0__d5.0,cifar10,0.816232,0.68961,1,0.28058745036124527
cifar10_proser_fedavg__split04__seed1__d0.1,cifar10,0.734883,0.772727,0,0.0
cifar10_proser_fedavg__split04__seed1__d0.5,cifar10,0.731045,0.785714,1,0.06586382397031201
cifar10_proser_fedavg__split04__seed1__d5.0,cifar10,0.771899,0.738961,1,0.29725720013377666
cifar10_proser_fedavg__split04__seed2__d0.1,cifar10,0.662528,0.877922,0,0.0
cifar10_proser_fedavg__split04__seed2__d0.5,cifar10,0.796496,0.735065,0,0.0
cifar10_proser_fedavg__split04__seed2__d5.0,cifar10,0.804276,0.74026,1,0.2824355370849912
cifar10_proser_fedavg__split04__seed3__d0.1,cifar10,0.613087,0.920779,0,0.0
cifar10_proser_fedavg__split04__seed3__d0.5,cifar10,0.774333,0.753247,0,0.0
cifar10_proser_fedavg__split04__seed3__d5.0,cifar10,0.799593,0.75974,1,0.2898382094236966
cifar10_proser_fedavg__split04__seed4__d0.1,cifar10,0.580916,0.887013,0,0.0
cifar10_proser_fedavg__split04__seed4__d0.5,cifar10,0.737898,0.764935,1,0.0956268508766563
cifar10_proser_fedavg__split04__seed4__d5.0,cifar10,0.789002,0.776623,1,0.2274671239383013
cifar10_proser_fedavg__split05__seed0__d0.1,cifar10,0.53926,0.938961,0,0.0
cifar10_proser_fedavg__split05__seed0__d0.5,cifar10,0.644938,0.909091,0,0.0
cifar10_proser_fedavg__split05__seed0__d5.0,cifar10,0.828224,0.748052,1,0.39890900318559075
cifar10_proser_fedavg__split05__seed1__d0.1,cifar10,0.747962,0.792208,0,0.0
cifar10_proser_fedavg__split05__seed1__d0.5,cifar10,0.785912,0.82987,1,0.2898382094236966
cifar10_proser_fedavg__split05__seed1__d5.0,cifar10,0.75971,0.836364,1,0.3647263876560867
cifar10_proser_fedavg__split05__seed2__d0.1,cifar10,0.639778,0.935065,0,0.0
cifar10_proser_fedavg__split05__seed2__d0.5,cifar10,0.799599,0.837662,1,0.36661778828399627
cifar10_proser_fedavg__split05__seed2__d5.0,cifar10,0.828483,0.75974,1,0.44493136655352433
cifar10_proser_fedavg__split05__seed3__d0.1,cifar10,0.663675,0.937662,1,0.17537877301093394
cifar10_proser_fedavg__split05__seed3__d0.5,cifar10,0.800858,0.801299,1,0.3214786812219085
cifar10_proser_fedavg__split05__seed3__d5.0,cifar10,0.79035,0.824675,1,0.41419363821463323
cifar10_proser_fedavg__split05__seed4__d0.1,cifar10,0.714462,0.783117,0,0.0
cifar10_proser_fedavg__split05__seed4__d0.5,cifar10,0.773141,0.832468,1,0.24750474988909962
cifar10_proser_fedavg__split05__seed4__d5.0,cifar10,0.769996,0.818182,1,0.19858757781503497
cifar10_proser_fedavg__split06__seed0__d0.1,cifar10,0.577157,0.911688,0,0.0
cifar10_proser_fedavg__split06__seed0__d0.5,cifar10,0.75589,0.785714,1,0.0889210237552595
cifar10_proser_fedavg__split06__seed0__d5.0,cifar10,0.795426,0.727273,1,0.3722974188689161
cifar10_proser_fedavg__split06__seed1__d0.1,cifar10,0.723684,0.864935,1,0.19142066384342218
cifar10_proser_fedavg__split06__seed1__d0.5,cifar10,0.786753,0.793506,1,0.3628358945728069
cifar10_proser_fedavg__split06__seed1__d5.0,cifar10,0.807973,0.741558,1,0.410367196520659
cifar10_proser_fedavg__split06__seed2__d0.1,cifar10,0.686189,0.854545,0,0.0
cifar10_proser_fedavg__split06__seed2__d0.5,cifar10,0.774014,0.798701,1,0.40081649647370454
cifar10_proser_fedavg__split06__seed2__d5.0,cifar10,0.819926,0.681818,1,0.3704033055002117
cifar10_proser_fedavg__split06__seed3__d0.1,cifar10,0.702836,0.818182,0,0.0
cifar10_proser_fedavg__split06__seed3__d0.5,cifar10,0.793536,0.719481,1,0.17715528197822153
cifar10_proser_fedavg__split06__seed3__d5.0,cifar10,0.754624,0.82987,0,0.0
cifar10_proser_fedavg__split06__seed4__d0.1,cifar10,0.55692,0.903896,0,0.0
cifar10_proser_fedavg__split06__seed4__d0.5,cifar10,0.670948,0.779221,0,0.0
cifar10_proser_fedavg__split06__seed4__d5.0,cifar10,0.753072,0.761039,0,0.0
cifar10_proser_fedavg__split07__seed0__d0.1,cifar10,0.496307,0.946753,0,0.0
cifar10_proser_fedavg__split07__seed0__d0.5,cifar10,0.692981,0.888312,0,0.0
cifar10_proser_fedavg__split07__seed0__d5.0,cifar10,0.639848,0.906494,0,0.0
cifar10_proser_fedavg__split07__seed1__d0.1,cifar10,0.659769,0.877922,0,0.0
cifar10_proser_fedavg__split07__seed1__d0.5,cifar10,0.688495,0.832468,1,0.06911340878955945
cifar10_proser_fedavg__split07__seed1__d5.0,cifar10,0.694025,0.85974,0,0.0
cifar10_proser_fedavg__split07__seed2__d0.1,cifar10,0.491609,0.932468,0,0.0
cifar10_proser_fedavg__split07__seed2__d0.5,cifar10,0.715695,0.846753,0,0.0
cifar10_proser_fedavg__split07__seed2__d5.0,cifar10,0.689577,0.848052,0,0.0
cifar10_proser_fedavg__split07__seed3__d0.1,cifar10,0.534108,0.887013,0,0.0
cifar10_proser_fedavg__split07__seed3__d0.5,cifar10,0.665061,0.835065,0,0.0
cifar10_proser_fedavg__split07__seed3__d5.0,cifar10,0.640267,0.902597,0,0.0
cifar10_proser_fedavg__split07__seed4__d0.1,cifar10,0.485937,0.954545,0,0.0
cifar10_proser_fedavg__split07__seed4__d0.5,cifar10,0.571532,0.923377,0,0.0
cifar10_proser_fedavg__split07__seed4__d5.0,cifar10,0.683651,0.851948,0,0.0
cifar10_proser_fedavg__split08__seed0__d0.1,cifar10,0.675515,0.718182,0,0.0
cifar10_proser_fedavg__split08__seed0__d0.5,cifar10,0.676734,0.892208,0,0.0
cifar10_proser_fedavg__split08__seed0__d5.0,cifar10,0.627916,0.901299,0,0.0
cifar10_proser_fedavg__split08__seed1__d0.1,cifar10,0.67327,0.903896,0,0.0
cifar10_proser_fedavg__split08__seed1__d0.5,cifar10,0.661566,0.877922,0,0.0
cifar10_proser_fedavg__split08__seed1__d5.0,cifar10,0.654986,0.876623,0,0.0
cifar10_proser_fedavg__split08__seed2__d0.1,cifar10,0.682461,0.866234,0,0.0
cifar10_proser_fedavg__split08__seed2__d0.5,cifar10,0.722234,0.788312,0,0.0
cifar10_proser_fedavg__split08__seed2__d5.0,cifar10,0.668281,0.844156,0,0.0
cifar10_proser_fedavg__split08__seed3__d0.1,cifar10,0.686058,0.836364,0,0.0
cifar10_proser_fedavg__split08__seed3__d0.5,cifar10,0.677519,0.855844,0,0.0
cifar10_proser_fedavg__split08__seed3__d5.0,cifar10,0.601494,0.906494,0,0.0
cifar10_proser_fedavg__split08__seed4__d0.1,cifar10,0.535189,0.949351,0,0.0
cifar10_proser_fedavg__split08__seed4__d0.5,cifar10,0.620543,0.881818,0,0.0
cifar10_proser_fedavg__split08__seed4__d5.0,cifar10,0.653001,0.871429,0,0.0
cifar10_proser_fedavg__split09__seed0__d0.1,cifar10,0.674374,0.945455,0,0.0
cifar10_proser_fedavg__split09__seed0__d0.5,cifar10,0.656299,0.835065,0,0.0
cifar10_proser_fedavg__split09__seed0__d5.0,cifar10,0.781131,0.767532,1,0.40081649647370454
cifar10_proser_fedavg__split09__seed1__d0.1,cifar10,0.62245,0.922078,0,0.0
cifar10_proser_fedavg__split09__seed1__d0.5,cifar10,0.798292,0.75974,1,0.37608834742585173
cifar10_proser_fedavg__split09__seed1__d5.0,cifar10,0.782055,0.796104,1,0.3590576379982162
cifar10_proser_fedavg__split09__seed2__d0.1,cifar10,0.730618,0.883117,0,0.0
cifar10_proser_fedavg__split09__seed2__d0.5,cifar10,0.674571,0.871429,0,0.0
cifar10_proser_fedavg__split09__seed2__d5.0,cifar10,0.806709,0.722078,1,0.3950966701610924
cifar10_proser_fedavg__split09__seed3__d0.1,cifar10,0.703646,0.9,1,0.12804566180103333
cifar10_proser_fedavg__split09__seed3__d0.5,cifar10,0.744847,0.809091,1,0.1682881481006248
cifar10_proser_fedavg__split09__seed3__d5.0,cifar10,0.800749,0.750649,1,0.15242870444470066
cifar10_proser_fedavg__split09__seed4__d0.1,cifar10,0.667627,0.905195,0,0.0
cifar10_proser_fedavg__split09__seed4__d0.5,cifar10,0.689453,0.81039,0,0.0
cifar10_proser_fedavg__split09__seed4__d5.0,cifar10,0.780844,0.776623,1,0.083923384581486
officehome_convnext_frozen__split00__seed0,officehome,0.85636,0.648664,1,0.11683703493951515
officehome_convnext_frozen__split00__seed1,officehome,0.851153,0.68448,1,0.13460520508981247
officehome_convnext_frozen__split00__seed2,officehome,0.85478,0.669699,1,0.11497677431256077
officehome_convnext_frozen__split00__seed3,officehome,0.854456,0.689028,1,0.1572698497451101
officehome_convnext_frozen__split00__seed4,officehome,0.853024,0.67311,1,0.12991330551161964
officehome_convnext_frozen__split01__seed0,officehome,0.833121,0.682889,1,0.10623341423079379
officehome_convnext_frozen__split01__seed1,officehome,0.835784,0.676086,1,0.14131279362267224
officehome_convnext_frozen__split01__seed2,officehome,0.834399,0.695971,1,0.02816656485859555
officehome_convnext_frozen__split01__seed3,officehome,0.834037,0.690738,1,0.13109126848917216
officehome_convnext_frozen__split01__seed4,officehome,0.835758,0.686028,1,0.020936709003740367
officehome_convnext_frozen__split02__seed0,officehome,0.846178,0.677246,1,0.1336659499514453
officehome_convnext_frozen__split02__seed1,officehome,0.8445,0.683701,1,0.15821902190767984
officehome_convnext_frozen__split02__seed2,officehome,0.844439,0.698763,1,0.11219023283825894
officehome_convnext_frozen__split02__seed3,officehome,0.845444,0.671329,1,0.1430775240247859
officehome_convnext_frozen__split02__seed4,officehome,0.844266,0.686928,1,0.1242978465771675
officehome_convnext_frozen__split03__seed0,officehome,0.847282,0.697857,1,0.10793176555089702
officehome_convnext_frozen__split03__seed1,officehome,0.847203,0.702039,0,0.0
officehome_convnext_frozen__split03__seed2,officehome,0.846523,0.70047,0,0.0
officehome_convnext_frozen__split03__seed3,officehome,0.845151,0.695766,0,0.0
officehome_convnext_frozen__split03__seed4,officehome,0.845116,0.702039,1,0.04457359630628431
officehome_convnext_frozen__split04__seed0,officehome,0.817809,0.770465,1,0.015978847341746216
officehome_convnext_frozen__split04__seed1,officehome,0.814481,0.767146,1,0.1293900100405606
officehome_convnext_frozen__split04__seed2,officehome,0.820972,0.727876,1,0.10384603611889147
officehome_convnext_frozen__split04__seed3,officehome,0.817938,0.760509,1,0.10290767670838197
officehome_convnext_frozen__split04__seed4,officehome,0.816147,0.759956,1,0.111373923804187
officehome_convnext_frozen__split05__seed0,officehome,0.869228,0.604009,1,0.10914256697982895
officehome_convnext_frozen__split05__seed1,officehome,0.864985,0.618093,1,0.10071374220167872
officehome_convnext_frozen__split05__seed2,officehome,0.866339,0.610509,1,0.11196247385927685
officehome_convnext_frozen__split05__seed3,officehome,0.867478,0.634886,1,0.11667315855446346
officehome_convnext_frozen__split05__seed4,officehome,0.867179,0.634886,1,0.10820371272937505
officehome_convnext_frozen__split06__seed0,officehome,0.850097,0.637224,0,0.0
officehome_convnext_frozen__split06__seed1,officehome,0.854883,0.640904,1,0.07926654228065015
officehome_convnext_frozen__split06__seed2,officehome,0.85355,0.634069,1,0.07623761387275077
officehome_convnext_frozen__split06__seed3,officehome,0.851505,0.643007,1,0.10272437081401446
officehome_convnext_frozen__split06__seed4,officehome,0.852927,0.640379,1,0.04223860774650356
officehome_convnext_frozen__split07__seed0,officehome,0.867032,0.598076,1,0.09894006931643647
officehome_convnext_frozen__split07__seed1,officehome,0.865494,0.582042,1,0.06752490112655928
officehome_convnext_frozen__split07__seed2,officehome,0.863773,0.61892,1,0.07551547916445953
officehome_convnext_frozen__split07__seed3,officehome,0.866723,0.591662,1,0.09168439131301655
officehome_convnext_frozen__split07__seed4,officehome,0.865129,0.610369,1,0.1422444662509612
officehome_convnext_frozen__split08__seed0,officehome,0.829826,0.698667,0,0.0
officehome_convnext_frozen__split08__seed1,officehome,0.826529,0.6976,0,0.0
officehome_convnext_frozen__split08__seed2,officehome,0.825903,0.6832,0,0.0
officehome_convnext_frozen__split08__seed3,officehome,0.826668,0.692267,0,0.0
officehome_convnext_frozen__split08__seed4,officehome,0.829826,0.672533,1,0.025898605330860698
officehome_convnext_frozen__split09__seed0,officehome,0.842536,0.703184,1,0.10462456687332719
officehome_convnext_frozen__split09__seed1,officehome,0.844263,0.724771,1,0.1428390701353738
officehome_convnext_frozen__split09__seed2,officehome,0.845261,0.70912,1,0.15389040374827598
officehome_convnext_frozen__split09__seed3,officehome,0.846577,0.704803,0,0.0
officehome_convnext_frozen__split09__seed4,officehome,0.843953,0.714517,0,0.0
officehome_convnext_full__split00__seed0,officehome,0.880866,0.601478,1,0.1430744369425822
officehome_convnext_full__split00__seed1,officehome,0.880534,0.587834,1,0.20417137204846872
officehome_convnext_full__split00__seed2,officehome,0.877554,0.579306,1,0.21867284647584498
officehome_convnext_full__split00__seed3,officehome,0.882585,0.605458,1,0.1430744369425822
officehome_convnext_full__split00__seed4,officehome,0.877745,0.602615,1,0.20381404435430067
officehome_convnext_full__split01__seed0,officehome,0.859264,0.589744,1,0.08424854590934609
officehome_convnext_full__split01__seed1,officehome,0.859375,0.579278,1,0.08731253060325736
officehome_convnext_full__split01__seed2,officehome,0.863062,0.59236,1,0.10589643735940987
officehome_convnext_full__split01__seed3,officehome,0.859224,0.577708,1,0.10122033878276188
officehome_convnext_full__split01__seed4,officehome,0.862146,0.579801,1,0.15033573793590035
officehome_convnext_full__split02__seed0,officehome,0.876356,0.57504,1,0.157815489749388
officehome_convnext_full__split02__seed1,officehome,0.874896,0.569123,1,0.19708012817637616
officehome_convnext_full__split02__seed2,officehome,0.875055,0.58042,1,0.20225289080324438
officehome_convnext_full__split02__seed3,officehome,0.874485,0.567509,1,0.22837397017167985
officehome_convnext_full__split02__seed4,officehome,0.876916,0.568047,1,0.2230509236460652
officehome_convnext_full__split03__seed0,officehome,0.865282,0.649765,1,0.1425659097793796
officehome_convnext_full__split03__seed1,officehome,0.86203,0.624151,1,0.1313680270709738
officehome_convnext_full__split03__seed2,officehome,0.86106,0.616832,1,0.09209422325722294
officehome_convnext_full__split03__seed3,officehome,0.862785,0.620491,1,0.11866983991716755
officehome_convnext_full__split03__seed4,officehome,0.866948,0.605332,1,0.113937551615588
officehome_convnext_full__split04__seed0,officehome,0.844644,0.638274,1,0.16978655553460917
officehome_convnext_full__split04__seed1,officehome,0.837165,0.641593,1,0.11162804582551253
officehome_convnext_full__split04__seed2,officehome,0.84667,0.621128,1,0.1775571091172825
officehome_convnext_full__split04__seed3,officehome,0.828869,0.655973,0,0.0
officehome_convnext_full__split04__seed4,officehome,0.843398,0.626106,0,0.0
officehome_convnext_full__split05__seed0,officehome,0.897464,0.494583,1,0.1416323291327469
officehome_convnext_full__split05__seed1,officehome,0.898693,0.490249,1,0.21014199156621519
officehome_convnext_full__split05__seed2,officehome,0.89643,0.543337,1,0.2103188289596427
officehome_convnext_full__split05__seed3,officehome,0.895385,0.496208,1,0.19547371824876802
officehome_convnext_full__split05__seed4,officehome,0.894265,0.530878,1,0.15983457613948102
officehome_convnext_full__split06__seed0,officehome,0.875661,0.5347,0,0.0
officehome_convnext_full__split06__seed1,officehome,0.87233,0.542061,0,0.0
officehome_convnext_full__split06__seed2,officehome,0.878105,0.546793,0,0.0
officehome_convnext_full__split06__seed3,officehome,0.880312,0.560463,0,0.0
officehome_convnext_full__split06__seed4,officehome,0.879383,0.545741,1,0.10869314463638118
officehome_convnext_full__split07__seed0,officehome,0.892415,0.516301,1,0.192277578996074
officehome_convnext_full__split07__seed1,officehome,0.893079,0.512026,1,0.1597268523798752
officehome_convnext_full__split07__seed2,officehome,0.894975,0.480492,0,0.0
officehome_convnext_full__split07__seed3,officehome,0.884544,0.530732,1,0.12139176492320679
officehome_convnext_full__split07__seed4,officehome,0.892105,0.524319,1,0.15649978153877192
officehome_convnext_full__split08__seed0,officehome,0.857104,0.552,0,0.0
officehome_convnext_full__split08__seed1,officehome,0.859171,0.551467,0,0.0
officehome_convnext_full__split08__seed2,officehome,0.856141,0.548267,0,0.0
officehome_convnext_full__split08__seed3,officehome,0.862259,0.531733,0,0.0
officehome_convnext_full__split08__seed4,officehome,0.866322,0.541333,1,0.16440097084372313
officehome_convnext_full__split09__seed0,officehome,0.872925,0.637345,1,0.1298021202367421
officehome_convnext_full__split09__seed1,officehome,0.871462,0.642202,1,0.1985685496624839
officehome_convnext_full__split09__seed2,officehome,0.874175,0.609822,1,0.19265830053055163
officehome_convnext_full__split09__seed3,officehome,0.871225,0.600108,1,0.1398469232895785
officehome_convnext_full__split09__seed4,officehome,0.866161,0.635186,1,0.2079605794915899
resnext29_8x64d__pathmnist_split_00__seed0__d0.5,resnext29,0.796503,0.834146,1,0.3458953402330114
resnext29_8x64d__pathmnist_split_00__seed0__d5.0,resnext29,0.848804,0.642276,1,0.398003180642516
resnext29_8x64d__pathmnist_split_00__seed1__d0.5,resnext29,0.927493,0.417886,1,0.5290861373723033
resnext29_8x64d__pathmnist_split_00__seed1__d5.0,resnext29,0.818121,0.621138,1,0.23955688380876308
resnext29_8x64d__pathmnist_split_00__seed2__d0.5,resnext29,0.91526,0.44878,1,0.42193795961846997
resnext29_8x64d__pathmnist_split_00__seed2__d5.0,resnext29,0.847723,0.611382,1,0.355312504879042
resnext29_8x64d__pathmnist_split_00__seed3__d0.5,resnext29,0.902033,0.652033,1,0.5464146803369061
resnext29_8x64d__pathmnist_split_00__seed3__d5.0,resnext29,0.884908,0.590244,1,0.4678376257871641
resnext29_8x64d__pathmnist_split_00__seed4__d0.5,resnext29,0.876349,0.487805,1,0.19459387410219353
resnext29_8x64d__pathmnist_split_00__seed4__d5.0,resnext29,0.87411,0.588618,1,0.36003069381448993
resnext29_8x64d__pathmnist_split_01__seed0__d0.5,resnext29,0.799533,0.525,0,0.0
resnext29_8x64d__pathmnist_split_01__seed0__d5.0,resnext29,0.909783,0.186667,1,0.5118150096820842
resnext29_8x64d__pathmnist_split_01__seed1__d0.5,resnext29,0.80949,0.523333,0,0.0
resnext29_8x64d__pathmnist_split_01__seed1__d5.0,resnext29,0.916996,0.185,0,0.0
resnext29_8x64d__pathmnist_split_01__seed2__d0.5,resnext29,0.747007,0.556667,1,0.11518550402919615
resnext29_8x64d__pathmnist_split_01__seed2__d5.0,resnext29,0.858677,0.461667,0,0.0
resnext29_8x64d__pathmnist_split_01__seed3__d0.5,resnext29,0.819259,0.748333,0,0.0
resnext29_8x64d__pathmnist_split_01__seed3__d5.0,resnext29,0.847881,0.491667,0,0.0
resnext29_8x64d__pathmnist_split_01__seed4__d0.5,resnext29,0.884296,0.351667,1,0.46161577160753925
resnext29_8x64d__pathmnist_split_01__seed4__d5.0,resnext29,0.884157,0.37,0,0.0
resnext29_8x64d__pathmnist_split_02__seed0__d0.5,resnext29,0.800349,0.755556,1,0.26860274350919294
resnext29_8x64d__pathmnist_split_02__seed0__d5.0,resnext29,0.890838,0.5,1,0.6015015587265418
resnext29_8x64d__pathmnist_split_02__seed1__d0.5,resnext29,0.832651,0.780952,1,0.5214570776739866
resnext29_8x64d__pathmnist_split_02__seed1__d5.0,resnext29,0.75768,0.831746,1,0.1507783939417992
resnext29_8x64d__pathmnist_split_02__seed2__d0.5,resnext29,0.731334,0.844444,0,0.0
resnext29_8x64d__pathmnist_split_02__seed2__d5.0,resnext29,0.834745,0.774603,1,0.4784987646373189
resnext29_8x64d__pathmnist_split_02__seed3__d0.5,resnext29,0.831382,0.730159,1,0.3939920881474064
resnext29_8x64d__pathmnist_split_02__seed3__d5.0,resnext29,0.82418,0.650794,1,0.38008965446928306
resnext29_8x64d__pathmnist_split_02__seed4__d0.5,resnext29,0.880602,0.684127,1,0.5118693767258353
resnext29_8x64d__pathmnist_split_02__seed4__d5.0,resnext29,0.855645,0.626984,1,0.4880039024198151
resnext29_8x64d__pathmnist_split_03__seed0__d0.5,resnext29,0.688713,0.920255,0,0.0
resnext29_8x64d__pathmnist_split_03__seed0__d5.0,resnext29,0.768157,0.751196,0,0.0
resnext29_8x64d__pathmnist_split_03__seed1__d0.5,resnext29,0.760088,0.874003,0,0.0
resnext29_8x64d__pathmnist_split_03__seed1__d5.0,resnext29,0.797456,0.795853,0,0.0
resnext29_8x64d__pathmnist_split_03__seed2__d0.5,resnext29,0.74836,0.854864,1,0.16947585374707913
resnext29_8x64d__pathmnist_split_03__seed2__d5.0,resnext29,0.733581,0.773525,0,0.0
resnext29_8x64d__pathmnist_split_03__seed3__d0.5,resnext29,0.695421,0.923445,0,0.0
resnext29_8x64d__pathmnist_split_03__seed3__d5.0,resnext29,0.650291,0.950558,0,0.0
resnext29_8x64d__pathmnist_split_03__seed4__d0.5,resnext29,0.712609,0.838915,1,0.2187431630858342
resnext29_8x64d__pathmnist_split_03__seed4__d5.0,resnext29,0.774462,0.907496,1,0.299294070394481
resnext29_8x64d__pathmnist_split_04__seed0__d0.5,resnext29,0.613224,0.68062,0,0.0
resnext29_8x64d__pathmnist_split_04__seed0__d5.0,resnext29,0.665197,0.789147,0,0.0
resnext29_8x64d__pathmnist_split_04__seed1__d0.5,resnext29,0.662402,0.899225,1,0.16839194775927221
resnext29_8x64d__pathmnist_split_04__seed1__d5.0,resnext29,0.688213,0.705426,0,0.0
resnext29_8x64d__pathmnist_split_04__seed2__d0.5,resnext29,0.576734,0.88062,0,0.0
resnext29_8x64d__pathmnist_split_04__seed2__d5.0,resnext29,0.636723,0.888372,0,0.0
resnext29_8x64d__pathmnist_split_04__seed3__d0.5,resnext29,0.711088,0.714729,0,0.0
resnext29_8x64d__pathmnist_split_04__seed3__d5.0,resnext29,0.62637,0.765891,0,0.0
resnext29_8x64d__pathmnist_split_04__seed4__d0.5,resnext29,0.505274,0.885271,0,0.0
resnext29_8x64d__pathmnist_split_04__seed4__d5.0,resnext29,0.599644,0.834109,0,0.0
