sid,FS_headline_cert,FS_headline_lcb,FS_matched_cert,FS_matched_lcb,BOX250_cert,BOX250_lcb,BOX250_ucb,BOX250_width,BOX500_cert,BOX500_lcb,BOX500_ucb,BOX500_width,BOX1000_cert,BOX1000_lcb,BOX1000_ucb,BOX1000_width,BOX2000_cert,BOX2000_lcb,BOX2000_ucb,BOX2000_width
officehome_convnext_frozen__split00__seed0,1,0.11683703493951515,1,0.11609460096464408,1,0.1857086217486287,0.1772725954390151,0.15421059297003759,1,0.19826402371508242,0.17290529100331523,0.10893850333637298,1,0.2028006930041977,0.17154368903141162,0.07686401731244498,1,0.20910225430045495,0.17006181643700577,0.05397208718657026
officehome_convnext_frozen__split00__seed1,1,0.13460520508981247,1,0.13381364319736955,1,0.20428778932204802,0.18467650839240068,0.15394318536295698,1,0.2155627919136227,0.18375024242987192,0.10885037822508693,1,0.22149735329209203,0.18327392190573866,0.07661338679530814,1,0.2232121744977965,0.18209670573213424,0.05412333852434734
officehome_convnext_frozen__split00__seed2,1,0.11497677431256077,1,0.11423979364648215,1,0.25283054091130447,0.19817155192440694,0.15321122499083656,1,0.2520905651296654,0.1970378424941696,0.10937128899855052,1,0.2607632842687176,0.1957271607922817,0.07658550425563189,1,0.2596892391416418,0.19609686882294547,0.05408174428484371
officehome_convnext_frozen__split00__seed3,1,0.1572698497451101,1,0.15642241264650908,1,0.24004080607052064,0.19760030699221903,0.15188789568723085,1,0.2491819302394949,0.19566986328955133,0.10941247530531814,1,0.2587496379484695,0.19482466501614498,0.07651924290750904,1,0.2622141471200729,0.1942693708405938,0.054041436558506385
officehome_convnext_frozen__split00__seed4,1,0.12991330551161964,1,0.12913422218763773,1,0.19185861026332213,0.16615340267996503,0.15384977634264632,1,0.19573952624825858,0.1653273575836844,0.10933203302009474,1,0.19815322816147646,0.16513821641286194,0.07711175864297448,1,0.2050310018500547,0.1619503890346945,0.05410358953137974
officehome_convnext_frozen__split01__seed0,1,0.10623341423079379,1,0.10552710395613989,1,0.15634370804906383,0.179258788845564,0.1531508298726608,1,0.15926447716726153,0.1782599036952526,0.10914142217543436,1,0.16326178798916816,0.17668732920280794,0.07716871111265983,1,0.16627451369314383,0.1763423045744657,0.05441375093854478
officehome_convnext_frozen__split01__seed1,1,0.14131279362267224,1,0.14050873795680974,1,0.2013462886964344,0.18915926450441495,0.1546995176783935,1,0.2092202259216056,0.18937733086174008,0.10951779294055983,1,0.21012302843059788,0.18876859143578417,0.0771315734409225,1,0.21172299863231916,0.1885587218846369,0.053989539342972355
officehome_convnext_frozen__split01__seed2,1,0.02816656485859555,1,0.0278031115791366,1,0.16043871530773315,0.19680591356693422,0.1534065530757266,1,0.1659092653473695,0.1977159500673364,0.1091891026074302,1,0.16901086550338668,0.19871745717972764,0.07625648654083586,1,0.17136671618431465,0.1952136660827717,0.05425772825982126
officehome_convnext_frozen__split01__seed3,1,0.10806228711368113,1,0.10735034510945526,1,0.19373024801575545,0.19865193997968497,0.1544838682348772,1,0.21329614151256326,0.19924008053117415,0.1089333631841004,1,0.2145500806064498,0.19898986046761657,0.07661458497155935,1,0.21535323413103785,0.1979919045952912,0.05437745960491162
officehome_convnext_frozen__split01__seed4,1,0.020936709003740367,1,0.020626193768828786,1,0.14066332670247736,0.18840365658629787,0.15427014494881697,1,0.14902733966662707,0.1826565471368486,0.10858813926926736,1,0.14774134432678887,0.18166611891429535,0.07696940620488119,1,0.15729025051127898,0.17746431559026477,0.054076838065754765
officehome_convnext_frozen__split02__seed0,1,0.1336659499514453,1,0.13287685925735782,1,0.2071115866150498,0.16306698058832014,0.15342184735274778,1,0.2145003202457562,0.19950830881858467,0.108089094462372,1,0.20528547950369458,0.16049233042532476,0.07700254009613225,1,0.21490684904459995,0.19886455393520855,0.05415519550238028
officehome_convnext_frozen__split02__seed1,1,0.15821902190767984,1,0.157369391581831,1,0.19368179174668845,0.19196844596834803,0.15532196646914198,1,0.2013456423057837,0.19086330354296235,0.10864744347869307,1,0.2023230863429975,0.18867361466734328,0.07681745666901602,1,0.20780178113639394,0.18821402846504467,0.05413019543895144
officehome_convnext_frozen__split02__seed2,1,0.11219023283825894,1,0.11146153982490255,1,0.1843318523300497,0.16887982701718093,0.1550625025548285,1,0.1952735379398554,0.1670226143028602,0.10894483927704712,1,0.19363136282791824,0.1998118914411522,0.07668617477937469,1,0.24725847786876445,0.19922258451091113,0.0540931609549741
officehome_convnext_frozen__split02__seed3,1,0.1430775240247859,1,0.14226425431470047,1,0.23200809914856557,0.1962304019890369,0.15360638613255093,1,0.2466105365048079,0.1955413417098335,0.1082368869543537,1,0.24806597627702848,0.196025406520628,0.0770953080517641,1,0.2441133789879974,0.19580633942116055,0.05415224589646132
officehome_convnext_frozen__split02__seed4,1,0.1242978465771675,1,0.11516693662367473,1,0.1806966761010732,0.17689124194152092,0.15449154353903233,1,0.18250312306633018,0.17653312621491507,0.10878654850084135,1,0.18297973336834036,0.17573642496268696,0.07696167282565974,1,0.18815339623866734,0.17327763798049306,0.0542396408823877
officehome_convnext_frozen__split03__seed0,1,0.10793176555089702,0,0.0,1,0.18584839773631512,0.17012654873977018,0.15336964717683818,1,0.18425506348806175,0.17108743335225957,0.10913274699513112,1,0.19254179499910565,0.1698382141679047,0.07700364174543525,1,0.19813162865045922,0.16782324442396057,0.054267164177849166
officehome_convnext_frozen__split03__seed1,0,0.0,0,0.0,0,0.0,nan,0.15362701669172307,0,0.0,nan,0.10913756634881804,0,0.0,nan,0.0769298468489713,0,0.0,nan,0.054265530231181164
officehome_convnext_frozen__split03__seed2,0,0.0,0,0.0,1,0.20309890561830668,0.19553896669016982,0.15390154717037413,1,0.20045867029969366,0.19353206177237997,0.10856781718906117,1,0.20555920935843208,0.19291204807679768,0.07701269679849058,1,0.2086750755732492,0.19161733024474004,0.05428045738173286
officehome_convnext_frozen__split03__seed3,0,0.0,0,0.0,1,0.16233757876955987,0.1983424103907247,0.15305735715328356,1,0.17474377647547726,0.19318531920770649,0.10862017523185621,1,0.18077066827482036,0.19113749458167556,0.07651006076001132,1,0.18189368900037967,0.19062922423806755,0.05413757696547917
officehome_convnext_frozen__split03__seed4,1,0.04457359630628431,1,0.04411803564045075,1,0.15978640745288222,0.19801308795971603,0.15419262167947245,1,0.17879994200386864,0.1897365628844232,0.10891015700453195,1,0.18271996193578663,0.18791039729268513,0.0770076982213665,1,0.19006422789872807,0.1858636810752701,0.054134604334791704
officehome_convnext_frozen__split04__seed0,1,0.015978847341746216,1,0.015706795526302348,1,0.19432081114322686,0.19702307752228346,0.15096701370101437,1,0.20240402592881368,0.19271107741867768,0.10907176855945973,1,0.21267411995704358,0.18790790322273143,0.07667129723205351,1,0.21099690842980043,0.18793358403112914,0.054163383666122424
officehome_convnext_frozen__split04__seed1,1,0.1293900100405606,1,0.1286057028669416,1,0.19151148955406552,0.17011667843596462,0.15564338765857033,1,0.19730890266652218,0.16711085929372632,0.10878995801755463,1,0.20150799110973006,0.16639078446194494,0.07670048136879301,1,0.2056264914712071,0.16637273005081138,0.05425530882856692
officehome_convnext_frozen__split04__seed2,1,0.10384603611889147,1,0.10313709125015101,1,0.20476702002401825,0.17640202947648048,0.1548176612721361,1,0.2109961853650334,0.17457217333128566,0.10874329188135738,1,0.20811505581901735,0.1730883181753134,0.07662405212960703,1,0.21261856668350482,0.17277508568717026,0.05416025649349061
officehome_convnext_frozen__split04__seed3,1,0.10290767670838197,1,0.10220173871875889,1,0.1803317518840802,0.18679907952781669,0.1536156358424022,1,0.19166230699275696,0.1991516237778181,0.10821691005084233,1,0.1936520013804881,0.19827659154684396,0.07644845272872722,1,0.19733745505553962,0.19672987162461505,0.05400922230316975
officehome_convnext_frozen__split04__seed4,1,0.111373923804187,1,0.1078229415787826,1,0.19182475158416146,0.19113064457799667,0.15321497968196737,1,0.19925967083095147,0.185451881713986,0.1079940268725543,1,0.21273111971539999,0.18459730802893376,0.07677173795608994,1,0.21320518005308994,0.1850720548044114,0.0538228806128116
officehome_convnext_frozen__split05__seed0,1,0.10914256697982895,1,0.10841808262860336,1,0.18182238191010755,0.1754001576317757,0.15541940500291887,1,0.18601705944650865,0.17057882239738126,0.10894493578748926,1,0.19188844909654929,0.16705103289724843,0.07651890479812007,1,0.19253648395378076,0.16737232087939644,0.0541412184160559
officehome_convnext_frozen__split05__seed1,1,0.10071374220167872,1,0.10001595640907134,1,0.22075104902999976,0.18869507795997303,0.15442556419581893,1,0.23142510605692987,0.18435876075863855,0.10858030193427992,1,0.23211406119750383,0.18243746046291795,0.07669629731130966,1,0.23941151880061334,0.1821587414599523,0.05414933963672004
officehome_convnext_frozen__split05__seed2,1,0.11196247385927685,1,0.11122937785159685,1,0.19778784160417293,0.1960000968957195,0.15278688452779268,1,0.20851907413362109,0.19736063312023228,0.10889018963928082,1,0.21207747905950397,0.19576652774310466,0.07685725196263524,1,0.21682484933798973,0.1963740864271175,0.05438931640137737
officehome_convnext_frozen__split05__seed3,1,0.11667315855446346,1,0.10561197706050085,1,0.1931873785665511,0.18836979107400206,0.15523531682215394,1,0.2043859129909382,0.1866243917588793,0.10947833806332496,1,0.21134609168137736,0.18171410957594755,0.07654668872059314,1,0.20907427506522847,0.18185793779664092,0.054150697162521105
officehome_convnext_frozen__split05__seed4,1,0.10820371272937505,0,0.0,1,0.19101970445850777,0.18219151511550769,0.15400864814507587,1,0.19174442972236574,0.17890269652198798,0.10854051154397815,1,0.1945955208230274,0.17748263699380223,0.0766255200591808,1,0.19426391193643547,0.17719824222695035,0.05408814694317435
officehome_convnext_frozen__split06__seed0,0,0.0,0,0.0,1,0.12776880876570534,0.18312418600217134,0.15444240289167058,1,0.13371035056368005,0.1806642295992552,0.10902368235191597,1,0.1462577499291902,0.17431354589836484,0.07611853431480592,1,0.1466810181388133,0.17088036393309936,0.05391108456238123
officehome_convnext_frozen__split06__seed1,1,0.07926654228065015,1,0.07866418577373871,1,0.15842386965122393,0.190545068990366,0.15390796028319034,1,0.16248820989286578,0.18869836303116277,0.10905782654517929,1,0.1693709816275521,0.18505983019871736,0.07644052082147948,1,0.1769368318328111,0.18149734710671106,0.05404120821402215
officehome_convnext_frozen__split06__seed2,1,0.07623761387275077,1,0.07542782728638588,1,0.13837722692530827,0.17226122642763944,0.15292668698282452,1,0.13895913308266472,0.17266280642337764,0.10902076212381484,1,0.1459647835692516,0.1695998654963815,0.0760559041062508,1,0.15269366302297127,0.16679144630313292,0.054134220581576846
officehome_convnext_frozen__split06__seed3,1,0.10272437081401446,1,0.10204284901733061,1,0.17299620604961785,0.1953973064735569,0.1538346025072615,1,0.18033951881715243,0.19368931889259733,0.10857170575482844,1,0.18485359322641118,0.1938576991743984,0.07657134096974122,1,0.18828743466724218,0.1926142553962691,0.054171752669361944
officehome_convnext_frozen__split06__seed4,1,0.04223860774650356,1,0.041798654224863126,1,0.1423056542541951,0.1960911658959551,0.15295258427411212,1,0.149614479413828,0.19521800538970568,0.10843966817033984,1,0.14905593932329902,0.19550059439290246,0.07689074849864885,1,0.15611437486594074,0.19490597537162285,0.05405095329504373
officehome_convnext_frozen__split07__seed0,1,0.09894006931643647,1,0.0982569050530665,1,0.1598733192411933,0.16522493432531524,0.1531508298726608,1,0.16415974010435458,0.16407299645109286,0.1093824415397725,1,0.1687027351578537,0.162716219351763,0.07698199502147791,1,0.17147857325608376,0.16163367792769082,0.05405008104118956
officehome_convnext_frozen__split07__seed1,1,0.06752490112655928,1,0.06695676442282102,1,0.1338828006511222,0.16920135176225465,0.1530388925888443,1,0.1377294398628445,0.16403576624980942,0.10906408979997709,1,0.14372691712152866,0.16296396656127482,0.07663484919987573,1,0.14374348948825838,0.16243868106112713,0.05441428864667147
officehome_convnext_frozen__split07__seed2,1,0.07551547916445953,1,0.07491532256188889,1,0.12983968948062294,0.1493712798541573,0.15533320655116645,1,0.1513800179000859,0.19864938232659407,0.1085888210854928,1,0.15599013494583153,0.19982816750854937,0.07722751482863355,1,0.15964327915588786,0.1940635956108483,0.054171107905480784
officehome_convnext_frozen__split07__seed3,1,0.09168439131301655,1,0.09102542541703523,1,0.14364659820091233,0.1596633391748689,0.15361229599631343,1,0.14548461049236314,0.15900526726726616,0.10917521089512819,1,0.1492542794248949,0.15771349643872376,0.07691446588870082,1,0.15155566954384517,0.15665555803197795,0.05422297918154117
officehome_convnext_frozen__split07__seed4,1,0.1422444662509612,1,0.14143807727123656,1,0.21797064007053696,0.18287238634483566,0.1544193659073374,1,0.22988715314254823,0.17893583089210602,0.10848845859377203,1,0.22837523123235312,0.1802391483498146,0.07721710944922013,1,0.23517873564863565,0.17913332638829155,0.05406478570331588
officehome_convnext_frozen__split08__seed0,0,0.0,0,0.0,1,0.11046185183585877,0.1845432661197891,0.15428469539419964,1,0.11762781650947593,0.1787703567780039,0.10876981799460239,1,0.1215116325109173,0.17552106868291562,0.07662287234468984,1,0.1235084490098757,0.17394210634737248,0.05405535648308336
officehome_convnext_frozen__split08__seed1,0,0.0,0,0.0,0,0.0,nan,0.1553032269662176,0,0.0,nan,0.10927031515031527,0,0.0,nan,0.07654028578309524,0,0.0,nan,0.05401727967000732
officehome_convnext_frozen__split08__seed2,0,0.0,0,0.0,1,0.10407822357677336,0.18774010497886218,0.1549592398885481,1,0.10877740584114982,0.1823381426481867,0.10906011833838118,1,0.11144955831948478,0.1793215825116754,0.07689178476577083,1,0.11486007242244886,0.17593350612066827,0.05417938066260013
officehome_convnext_frozen__split08__seed3,0,0.0,0,0.0,0,0.0,nan,0.1547358282978554,0,0.0,nan,0.10878654850084135,0,0.0,nan,0.07658926564726164,0,0.0,nan,0.0541281377666801
officehome_convnext_frozen__split08__seed4,1,0.025898605330860698,1,0.02554473412746612,1,0.16970511171908217,0.1965252214472275,0.15527089060971633,1,0.17956396344149125,0.19356984811319605,0.10848467328748577,1,0.17998950492942675,0.19282466275566856,0.07676528169926004,1,0.18539529299340207,0.19111208797700197,0.0539304280022401
officehome_convnext_frozen__split09__seed0,1,0.10462456687332719,1,0.10392833486011391,1,0.21283556935525288,0.18334965220144256,0.15491198670132375,1,0.23687141276969836,0.17966400541945776,0.10849850039530025,1,0.23805019803737104,0.178236363434509,0.0766974447570905,1,0.24075733224096324,0.17754111234480233,0.05399794554981455
officehome_convnext_frozen__split09__seed1,1,0.1428390701353738,0,0.0,1,0.21993235992473167,0.1926672430273761,0.15326262477908853,1,0.22968949803914598,0.1890077246563262,0.10880202137932476,1,0.23166108898580762,0.187831467231872,0.07687205421510185,1,0.23573347009924797,0.18764819006898786,0.05395580355770997
officehome_convnext_frozen__split09__seed2,1,0.15389040374827598,1,0.15306192105835997,1,0.24633422519228623,0.19698522200154278,0.149916640747021,1,0.23095470399112988,0.19496069590054232,0.10957716268762499,1,0.24792205789166116,0.19444175209963283,0.07652999706664722,1,0.25324229857408737,0.19390483647464596,0.05389317670446883
officehome_convnext_frozen__split09__seed3,0,0.0,0,0.0,1,0.18196225077664513,0.17573950593990303,0.15473577117534199,1,0.2287004343573447,0.19963196349344728,0.10929821718472105,1,0.2437791306806346,0.19698359099106696,0.07643464850173874,1,0.24685011179497612,0.1955356318662251,0.05389066377054065
officehome_convnext_frozen__split09__seed4,0,0.0,0,0.0,1,0.16486009116216896,0.17903858021908,0.1539968027484063,1,0.17059136702500738,0.17478662244891716,0.10902859032770804,1,0.1750614827432263,0.1705111672733196,0.07702411293164035,1,0.1801887749227658,0.16732815038065074,0.054183683298925284
officehome_convnext_full__split00__seed0,1,0.1430744369425822,1,0.14196031082434682,1,0.22095570807989307,0.19099312156710582,0.1548176612721361,1,0.2329813073133283,0.19113784598284095,0.10798904940002106,1,0.23271578889263175,0.1898039461833121,0.07677014091867959,1,0.23937354523453352,0.18781229697035906,0.05380655616942879
officehome_convnext_full__split00__seed1,1,0.20417137204846872,1,0.20322746917830556,1,0.25335847479227724,0.18315031652381053,0.15385722343860686,1,0.2573877957505776,0.1815148895941136,0.10862943885346413,1,0.2613033746771851,0.18008637073600048,0.0763671127765204,1,0.2620786462503821,0.17869835885153657,0.05391335948475491
officehome_convnext_full__split00__seed2,1,0.21867284647584498,1,0.21770345278617328,1,0.2578672878080236,0.17548215680151502,0.1545238736811917,1,0.25701436420391865,0.1752917159831332,0.1078458344972261,1,0.26144390579490806,0.1752497223631494,0.07670271004662585,1,0.2644077433598837,0.1743455666151017,0.053904608504305646
officehome_convnext_full__split00__seed3,1,0.1430744369425822,1,0.14196031082434682,1,0.2704272057344612,0.18014205563966756,0.15222023570517873,1,0.27646557111131953,0.17776358280962462,0.10803818195010548,1,0.27941456371416157,0.17839821300826866,0.07631603921369422,1,0.2801049555269373,0.1776389680839957,0.05418860551163227
officehome_convnext_full__split00__seed4,1,0.20381404435430067,1,0.20251800185197966,1,0.2690834529030407,0.19768754785951675,0.15376722665462622,1,0.27574822494302903,0.19727608026781857,0.10857605377255412,1,0.2764319364233123,0.19580272004352334,0.07668909177620606,1,0.2811676953116735,0.1955424111865422,0.05401658673872016
officehome_convnext_full__split01__seed0,1,0.08424854590934609,1,0.08341965079847449,1,0.1788140586363499,0.19030759419867666,0.1550808210146809,1,0.1800481824074497,0.18658807278977602,0.10915219406196845,1,0.1879490492881798,0.1864607885797498,0.07678904465246089,1,0.19491645782376926,0.18560140160472577,0.05401385561904486
officehome_convnext_full__split01__seed1,1,0.08731253060325736,0,0.0,1,0.2063381199480575,0.19212733356774248,0.15502714714985733,1,0.2149245274423262,0.1897630293265989,0.10882653617524984,1,0.21804826648427778,0.18811221371082248,0.07723060426534126,1,0.22434908654669533,0.18558860413070866,0.05424081485889429
officehome_convnext_full__split01__seed2,1,0.10589643735940987,1,0.10497097361887357,1,0.17880303162178277,0.18324472754646728,0.15425139530677806,1,0.1833996251533771,0.1814598158449311,0.10897741674121282,1,0.18950284797671646,0.18118467029445334,0.07685586367634281,1,0.18995778179287584,0.17879980206461277,0.05405291582137288
officehome_convnext_full__split01__seed3,1,0.10122033878276188,1,0.10031453860099235,1,0.1816706615627376,0.17536225382673737,0.1531659117267174,1,0.18493830565613847,0.1741796747307925,0.10916908172627002,1,0.18558431425679436,0.172418994549558,0.0767996183321307,1,0.19060494249480783,0.1721556653944675,0.054244339993999385
officehome_convnext_full__split01__seed4,1,0.15033573793590035,1,0.14924880592664994,1,0.1871762069655482,0.19616376600455504,0.15464557930781503,1,0.19918694388175118,0.195927612170527,0.10901906263556752,1,0.20379949660729432,0.19541761566541505,0.07669616948673183,1,0.20205469925774727,0.19405662787955458,0.054075119854125595
officehome_convnext_full__split02__seed0,1,0.157815489749388,1,0.15667943263086173,1,0.2537305540365079,0.19562094931412416,0.15459102685949325,1,0.26146493538226423,0.19198510628223478,0.1080847018183244,1,0.26019996752754443,0.19086871204823436,0.07676422255503579,1,0.26293601125896454,0.19013623335933183,0.054205041162978765
officehome_convnext_full__split02__seed1,1,0.19708012817637616,1,0.1958321290029397,1,0.2572366517641558,0.19386893105546898,0.15368736340298775,1,0.2598640381668895,0.19138113037414428,0.10830656216369788,1,0.26214653145309214,0.19134397827618627,0.07670665451050737,1,0.26661965505440394,0.19047992736645586,0.05386693583328943
officehome_convnext_full__split02__seed2,1,0.20225289080324438,1,0.20099171900093651,1,0.2457669491700951,0.1822479084023907,0.1548590616707055,1,0.2464698181701888,0.1831476097855974,0.10892557243417021,1,0.25220964402175783,0.17997138141172603,0.07661933263671,1,0.2548812941835813,0.17960121802818252,0.05387783939387553
officehome_convnext_full__split02__seed3,1,0.22837397017167985,1,0.22738852309123778,1,0.2749159543551034,0.1865335283225113,0.15440039151592894,1,0.2767820407814983,0.18518445790426843,0.10869493659049426,1,0.28061935854343795,0.18389938153201185,0.07682653156903113,1,0.28579947608386724,0.18368566189413293,0.054190300118733506
officehome_convnext_full__split02__seed4,1,0.21263096621315716,1,0.2113443566045863,1,0.2524980608707723,0.1695337755252531,0.1543396203437824,1,0.2509588037265939,0.16699482162322007,0.1089103735925204,1,0.25908026274315554,0.16652064880680525,0.07657844467531069,1,0.2605376065464065,0.1655447100899058,0.05397223861408672
officehome_convnext_full__split03__seed0,1,0.1425659097793796,1,0.14150342665066093,1,0.2281703335080077,0.1779193637920729,0.1536277284121655,1,0.2368495463240548,0.1765064560183458,0.10845165757134212,1,0.23996095873199783,0.17630415586447934,0.07671462974472434,1,0.23963382001860786,0.17675798206374843,0.05440419487735529
officehome_convnext_full__split03__seed1,1,0.1313680270709738,1,0.1303440936442266,1,0.12372928846403702,0.18270650254063853,0.15431608960081258,1,0.12677028935581497,0.18104455789612478,0.108721168982562,1,0.1314634686304149,0.1766905138883712,0.07690925684351657,1,0.13440431852473114,0.17466026437995136,0.05419341803976833
officehome_convnext_full__split03__seed2,1,0.09209422325722294,1,0.09122789488088925,1,0.126408221349629,0.17042588804074288,0.15452979497741182,1,0.13614415131853477,0.16326650767692558,0.10822937001742315,1,0.23236601642712548,0.1997491964588827,0.07669288101984553,1,0.23294192493092963,0.19890325439969186,0.0541674967478712
officehome_convnext_full__split03__seed3,1,0.11866983991716755,1,0.11769272280207109,1,0.1767383466952844,0.17606791159715673,0.15381252315824834,1,0.22271766010810326,0.19853738034808494,0.10911773250611487,1,0.22913806784006432,0.1983746295869476,0.07644567194341205,1,0.23216926356420856,0.19716993839640595,0.05426943098880716
officehome_convnext_full__split03__seed4,1,0.113937551615588,1,0.11297880966179902,1,0.20342686856265396,0.18577646217645444,0.1538861198260927,1,0.21665037537007512,0.18538232164287982,0.10878998379074767,1,0.21957542107272085,0.18363876423330783,0.0765425966979414,1,0.22373725783953688,0.1836282032670145,0.05415026958945033
officehome_convnext_full__split04__seed0,1,0.16978655553460917,1,0.16890354094644353,1,0.2289507900852806,0.18169393500365788,0.15296188829024834,1,0.23171226292527575,0.18046476009806822,0.10803081899271441,1,0.2309175294465969,0.17955052218122897,0.07624966760596324,1,0.2356438161318607,0.18004567673441324,0.05409582438300188
officehome_convnext_full__split04__seed1,1,0.11162804582551253,1,0.11064879577948122,1,0.14743335604449526,0.15734483570364097,0.15435530041806034,1,0.20115594217046323,0.19953752647381745,0.10865071424051058,1,0.20549447717388425,0.19675742833362264,0.07678443472665476,1,0.21042255746922328,0.1960598016859968,0.05398892186461371
officehome_convnext_full__split04__seed2,1,0.1775571091172825,1,0.1766574234159984,1,0.22150061835813653,0.19432010124093557,0.15616263652085446,1,0.23102074568780456,0.19364812361589023,0.10975627226942121,1,0.23549741318157566,0.18982350745015522,0.07644689668260819,1,0.2424867771101901,0.1907773259721007,0.05397716475437213
officehome_convnext_full__split04__seed3,0,0.0,0,0.0,1,0.10624310056781232,0.1787852567346912,0.1548471682132176,1,0.11068614045198333,0.17422354002660007,0.10895980281520129,1,0.11741710208300513,0.1685604147647724,0.07617361800651085,1,0.1185702244851769,0.1682215136298549,0.05396374002285688
officehome_convnext_full__split04__seed4,0,0.0,0,0.0,1,0.20057809817144673,0.1707316237543495,0.15285385812848296,1,0.20223612329848029,0.16665023656802036,0.10811906631444386,1,0.20507395459495867,0.1621625130020512,0.07633199654019336,1,0.20628319503511905,0.16096150229558315,0.053909888171605955
officehome_convnext_full__split05__seed0,1,0.1416323291327469,1,0.14055905714773034,1,0.2199893119760846,0.16419926410592575,0.15243634483051222,1,0.21501743283166894,0.16047995243614827,0.10979614188530895,1,0.22590134102788426,0.16092544288709637,0.0767910501813214,1,0.2261234593093806,0.16011998784075948,0.05427544833351137
officehome_convnext_full__split05__seed1,1,0.21014199156621519,1,0.209180601290398,1,0.25270880363530657,0.18454733007579904,0.15501206529580075,1,0.25546227940995336,0.1828239871187755,0.10889601516824146,1,0.2601860604030405,0.1826439331243408,0.07708003797093319,1,0.26604148091897506,0.17996163738678872,0.05390917970849247
officehome_convnext_full__split05__seed2,1,0.2103188289596427,1,0.20904925357946688,1,0.25485121738280736,0.19263316550946313,0.15389472638470808,1,0.2555298425046769,0.18994959576487314,0.10911482099287056,1,0.2637713859999989,0.1868241312539863,0.07666184615398008,1,0.26360099678560367,0.18588554636987942,0.05412476965207579
officehome_convnext_full__split05__seed3,1,0.18157075276394424,1,0.180375099800101,1,0.23906731663256892,0.19774624328443485,0.15437381409953393,1,0.23898973093482334,0.198261429402203,0.1086604580566885,1,0.2468881127249265,0.19630816017116923,0.07660717200842183,1,0.262917882310323,0.19878946690936666,0.0543334686482565
officehome_convnext_full__split05__seed4,1,0.15983457613948102,1,0.15870235119877593,1,0.19304720518262253,0.17990326271071183,0.1529342059298347,1,0.19449802050535075,0.18218180203840756,0.10922259024920423,1,0.22501349841645604,0.19828991408849672,0.07630116456549775,1,0.22454490878307792,0.1967828029993387,0.054262105672921
officehome_convnext_full__split06__seed0,0,0.0,0,0.0,1,0.18264477436662793,0.19568124994571945,0.15515454440568016,1,0.19211710468992438,0.19414799359046644,0.10922355697525545,1,0.20113669111645494,0.18423197703322053,0.07699900440392288,1,0.2032504736558865,0.18438701904316354,0.054350306544956255
officehome_convnext_full__split06__seed1,0,0.0,0,0.0,1,0.14731187211873906,0.1717914770813058,0.15455971767333854,1,0.14997605196523114,0.16985987235587618,0.10881448535474181,1,0.15685273866713131,0.16592490838515073,0.07682663388931957,1,0.15697829569353106,0.1651569326216727,0.054121305441676704
officehome_convnext_full__split06__seed2,0,0.0,0,0.0,0,0.0,nan,0.15454547505168975,0,0.0,nan,0.10899924660335499,0,0.0,nan,0.07611412175727555,0,0.0,nan,0.05411628172329596
officehome_convnext_full__split06__seed3,0,0.0,0,0.0,1,0.15311359110361009,0.19855805150379296,0.15575524615883485,1,0.1711269062326606,0.18645039989425688,0.10752860126906624,1,0.17367033338773114,0.1881473834523995,0.07657354799967395,1,0.1746975832511835,0.1872955891222547,0.05413792880608868
officehome_convnext_full__split06__seed4,1,0.10869314463638118,1,0.10773134602926812,1,0.2511181638735646,0.19767396861053488,0.15518391288862132,1,0.2603675288430154,0.19164535851895909,0.10874151934967824,1,0.26574057626882763,0.19387031326388732,0.07629826082185587,1,0.2669593996300363,0.19158058826972652,0.05418625717007612
officehome_convnext_full__split07__seed0,1,0.177569176764481,1,0.17640215103715695,1,0.25642510907763777,0.19083886614578444,0.15372022145590836,1,0.2539703832033692,0.18886662555192035,0.10923605865320563,1,0.26031832361816126,0.18559035179407207,0.0770223635097014,1,0.26319314806013844,0.18441182089944747,0.054030400190113806
officehome_convnext_full__split07__seed1,1,0.1597268523798752,1,0.15861160396754126,1,0.26476382267431464,0.19141195476375633,0.15580414887954175,1,0.277513888067049,0.19608339519219553,0.1097801657675304,1,0.28517070508977016,0.19086731027001433,0.07648731875027438,1,0.2849340229716806,0.19131534857845928,0.05434744681593659
officehome_convnext_full__split07__seed2,0,0.0,0,0.0,1,0.2589717829972421,0.19361278849325314,0.15488089388939125,1,0.26843871581592216,0.19000383022191247,0.1087756872074013,1,0.2677487828967056,0.19018498777274445,0.07705477093862409,1,0.2728742927923561,0.18878738083450336,0.05407883830232941
officehome_convnext_full__split07__seed3,1,0.12139176492320679,0,0.0,1,0.19032892485740888,0.17272172181849713,0.15123986817915105,1,0.24163016325736902,0.1983928024487805,0.10803990546713457,1,0.24596506271340127,0.19733936380239508,0.07701825794651725,1,0.25062607838238027,0.1995476284784298,0.05426477747125952
officehome_convnext_full__split07__seed4,1,0.15649978153877192,1,0.1346256023579442,1,0.28102293674423,0.19558839739384826,0.15531827648201038,1,0.293736658000808,0.19474362351788949,0.10883556680258673,1,0.2972107151458165,0.1943404840359363,0.07656782279629595,1,0.2994704183343742,0.19373082162559593,0.05424211811100316
officehome_convnext_full__split08__seed0,0,0.0,0,0.0,0,0.0,nan,0.15450626423444197,0,0.0,nan,0.10813131227633205,0,0.0,nan,0.07686121992888723,0,0.0,nan,0.05388107591046959
officehome_convnext_full__split08__seed1,0,0.0,0,0.0,0,0.0,nan,0.15364936151857586,0,0.0,nan,0.10911395558938625,0,0.0,nan,0.07656610794008087,0,0.0,nan,0.05388711406214164
officehome_convnext_full__split08__seed2,0,0.0,0,0.0,0,0.0,nan,0.15318808305705878,0,0.0,nan,0.10846204940138326,0,0.0,nan,0.07635339002227254,0,0.0,nan,0.05403650767851528
officehome_convnext_full__split08__seed3,0,0.0,0,0.0,0,0.0,nan,0.15134177249504904,0,0.0,nan,0.10893976081669662,0,0.0,nan,0.07642986565413595,0,0.0,nan,0.053888256910338175
officehome_convnext_full__split08__seed4,1,0.16440097084372313,1,0.16352635540230187,1,0.21234875744450551,0.19887884092730504,0.15400805926476108,1,0.2130291470955097,0.19866864228572473,0.10905405231096497,1,0.2185532113385564,0.19597806520512057,0.07647797646796128,1,0.2215381967221887,0.19461929097467084,0.05401584223149761
officehome_convnext_full__split09__seed0,1,0.1298021202367421,1,0.12875937615533276,1,0.24641646385189112,0.1787444858997565,0.15502001106069463,1,0.24908500056046257,0.1788074703056399,0.10863050837761444,1,0.2539939131063159,0.1737965275844009,0.07706494322918177,1,0.2606481384392867,0.1727658756033242,0.05401520301858306
officehome_convnext_full__split09__seed1,1,0.19763082332869766,1,0.19671137303762362,1,0.2582952083304998,0.19653459080595484,0.15518168110897831,1,0.26257608415256056,0.19737594770773687,0.1081005599240103,1,0.26591972176962536,0.19998864579238582,0.07649506582164745,1,0.2667103571209196,0.1984187552517444,0.05426094722275542
officehome_convnext_full__split09__seed2,1,0.18404762618846243,1,0.1828321497300878,1,0.25805524630686183,0.18890923982271418,0.15496440177152054,1,0.2646586114673246,0.1887930764850531,0.10884079935777274,1,0.2709631125797019,0.18645076260309396,0.07661933263671,1,0.27140127962642996,0.18685686258977446,0.05394591895845427
officehome_convnext_full__split09__seed3,1,0.1398469232895785,1,0.13876828455904072,1,0.25781136284371525,0.18855429533238469,0.15381197046698525,1,0.25847773125289597,0.18842504511511748,0.10929022960623778,1,0.26428737086559606,0.18755278344902504,0.07645768623377537,1,0.274539694361283,0.18376882069362996,0.05400146971907028
officehome_convnext_full__split09__seed4,1,0.2079605794915899,1,0.2070224401784819,1,0.2521282388771467,0.19210732630758084,0.1552051990967269,1,0.25865169171259433,0.19080043005100286,0.10901651967344275,1,0.2629538415848376,0.18980863918018692,0.0768313785435527,1,0.26621913703526034,0.18904455658735383,0.05382621836817201
