alpha,dataset,condition,procedure,N_cells,certified_cells,certification_rate,EffectiveCertCov,CondCertCov
0.05,cifar10,d0.1,B,50,0,0.0,0.0,
0.05,cifar10,d0.1,H,50,0,0.0,0.0,
0.05,cifar10,d0.1,S,50,0,0.0,0.0,
0.05,cifar10,d0.5,B,50,0,0.0,0.0,
0.05,cifar10,d0.5,H,50,0,0.0,0.0,
0.05,cifar10,d0.5,S,50,0,0.0,0.0,
0.05,cifar10,d5,B,50,0,0.0,0.0,
0.05,cifar10,d5,H,50,0,0.0,0.0,
0.05,cifar10,d5,S,50,0,0.0,0.0,
0.05,cifar100,d0.1,B,50,0,0.0,0.0,
0.05,cifar100,d0.1,H,50,0,0.0,0.0,
0.05,cifar100,d0.1,S,50,0,0.0,0.0,
0.05,cifar100,d0.5,B,50,0,0.0,0.0,
0.05,cifar100,d0.5,H,50,0,0.0,0.0,
0.05,cifar100,d0.5,S,50,0,0.0,0.0,
0.05,cifar100,d5,B,50,0,0.0,0.0,
0.05,cifar100,d5,H,50,0,0.0,0.0,
0.05,cifar100,d5,S,50,0,0.0,0.0,
0.05,officehome,frozen,B,50,0,0.0,0.0,
0.05,officehome,frozen,H,50,0,0.0,0.0,
0.05,officehome,frozen,S,50,0,0.0,0.0,
0.05,officehome,full,B,50,0,0.0,0.0,
0.05,officehome,full,H,50,0,0.0,0.0,
0.05,officehome,full,S,50,0,0.0,0.0,
0.05,pathmnist,d0.5,B,25,0,0.0,0.0,
0.05,pathmnist,d0.5,H,25,0,0.0,0.0,
0.05,pathmnist,d0.5,S,25,0,0.0,0.0,
0.05,pathmnist,d5,B,25,0,0.0,0.0,
0.05,pathmnist,d5,H,25,0,0.0,0.0,
0.05,pathmnist,d5,S,25,0,0.0,0.0,
0.1,cifar10,d0.1,B,50,0,0.0,0.0,
0.1,cifar10,d0.1,H,50,0,0.0,0.0,
0.1,cifar10,d0.1,S,50,0,0.0,0.0,
0.1,cifar10,d0.5,B,50,1,0.02,0.003941895334614223,0.19709476673071116
0.1,cifar10,d0.5,H,50,1,0.02,0.005133176845260275,0.2566588422630137
0.1,cifar10,d0.5,S,50,1,0.02,0.005133176845260275,0.2566588422630137
0.1,cifar10,d5,B,50,1,0.02,0.005489432169497944,0.2744716084748972
0.1,cifar10,d5,H,50,7,0.14,0.02752632730514546,0.19661662360818183
0.1,cifar10,d5,S,50,7,0.14,0.02752632730514546,0.19661662360818183
0.1,cifar100,d0.1,B,50,0,0.0,0.0,
0.1,cifar100,d0.1,H,50,0,0.0,0.0,
0.1,cifar100,d0.1,S,50,0,0.0,0.0,
0.1,cifar100,d0.5,B,50,0,0.0,0.0,
0.1,cifar100,d0.5,H,50,0,0.0,0.0,
0.1,cifar100,d0.5,S,50,0,0.0,0.0,
0.1,cifar100,d5,B,50,0,0.0,0.0,
0.1,cifar100,d5,H,50,0,0.0,0.0,
0.1,cifar100,d5,S,50,0,0.0,0.0,
0.1,officehome,frozen,B,50,0,0.0,0.0,
0.1,officehome,frozen,H,50,1,0.02,0.0007682505531907958,0.03841252765953979
0.1,officehome,frozen,S,50,1,0.02,0.0007682505531907958,0.03841252765953979
0.1,officehome,full,B,50,1,0.02,0.0021744938403495447,0.10872469201747723
0.1,officehome,full,H,50,7,0.14,0.012518726859544383,0.08941947756817416
0.1,officehome,full,S,50,7,0.14,0.011923221165612743,0.08516586546866245
0.1,pathmnist,d0.5,B,25,1,0.04,0.010320093142190205,0.25800232855475513
0.1,pathmnist,d0.5,H,25,2,0.08,0.024910645108471904,0.3113830638558988
0.1,pathmnist,d0.5,S,25,2,0.08,0.024910645108471904,0.3113830638558988
0.1,pathmnist,d5,B,25,2,0.08,0.02819172252076338,0.35239653150954225
0.1,pathmnist,d5,H,25,3,0.12,0.0384792218231277,0.3206601818593975
0.1,pathmnist,d5,S,25,3,0.12,0.0384792218231277,0.3206601818593975
0.15,cifar10,d0.1,B,50,0,0.0,0.0,
0.15,cifar10,d0.1,H,50,1,0.02,0.0034011692590232095,0.17005846295116048
0.15,cifar10,d0.1,S,50,1,0.02,0.0034011692590232095,0.17005846295116048
0.15,cifar10,d0.5,B,50,3,0.06,0.015486330611738932,0.25810551019564887
0.15,cifar10,d0.5,H,50,12,0.24,0.04858391782567747,0.20243299094032277
0.15,cifar10,d0.5,S,50,12,0.24,0.0481608112560351,0.2006700469001463
0.15,cifar10,d5,B,50,12,0.24,0.057707127769587474,0.24044636570661448
0.15,cifar10,d5,H,50,19,0.38,0.09147166216132144,0.2407149004245301
0.15,cifar10,d5,S,50,19,0.38,0.09001971009674552,0.236893973938804
0.15,cifar100,d0.1,B,50,0,0.0,0.0,
0.15,cifar100,d0.1,H,50,0,0.0,0.0,
0.15,cifar100,d0.1,S,50,0,0.0,0.0,
0.15,cifar100,d0.5,B,50,0,0.0,0.0,
0.15,cifar100,d0.5,H,50,0,0.0,0.0,
0.15,cifar100,d0.5,S,50,0,0.0,0.0,
0.15,cifar100,d5,B,50,0,0.0,0.0,
0.15,cifar100,d5,H,50,0,0.0,0.0,
0.15,cifar100,d5,S,50,0,0.0,0.0,
0.15,officehome,frozen,B,50,9,0.18,0.012715263790942073,0.07064035439412264
0.15,officehome,frozen,H,50,16,0.32,0.023679623797516647,0.07399882436723952
0.15,officehome,frozen,S,50,16,0.32,0.023679623797516647,0.07399882436723952
0.15,officehome,full,B,50,13,0.26,0.028609014440329417,0.11003467092434391
0.15,officehome,full,H,50,20,0.4,0.04691948187197914,0.11729870467994788
0.15,officehome,full,S,50,20,0.4,0.04497231965697028,0.11243079914242571
0.15,pathmnist,d0.5,B,25,7,0.28,0.10109925263388937,0.36106875940674776
0.15,pathmnist,d0.5,H,25,7,0.28,0.10953541408009862,0.3911979074289237
0.15,pathmnist,d0.5,S,25,7,0.28,0.10953541408009862,0.3911979074289237
0.15,pathmnist,d5,B,25,5,0.2,0.0634992044694893,0.3174960223474465
0.15,pathmnist,d5,H,25,6,0.24,0.09053905081633173,0.3772460450680489
0.15,pathmnist,d5,S,25,6,0.24,0.08465236692461688,0.35271819551923705
0.2,cifar10,d0.1,B,50,3,0.06,0.007426020057672433,0.12376700096120723
0.2,cifar10,d0.1,H,50,5,0.1,0.015041085410225476,0.15041085410225474
0.2,cifar10,d0.1,S,50,5,0.1,0.015041085410225476,0.15041085410225474
0.2,cifar10,d0.5,B,50,18,0.36,0.08833696474209436,0.24538045761692878
0.2,cifar10,d0.5,H,50,25,0.5,0.12108013176908576,0.24216026353817155
0.2,cifar10,d0.5,S,50,25,0.5,0.11559025349934134,0.23118050699868267
0.2,cifar10,d5,B,50,32,0.64,0.17621938623952707,0.27534279099926107
0.2,cifar10,d5,H,50,33,0.66,0.2031836698469055,0.3078540452225841
0.2,cifar10,d5,S,50,33,0.66,0.1969343269473998,0.2983853438596967
0.2,cifar100,d0.1,B,50,0,0.0,0.0,
0.2,cifar100,d0.1,H,50,0,0.0,0.0,
0.2,cifar100,d0.1,S,50,0,0.0,0.0,
0.2,cifar100,d0.5,B,50,0,0.0,0.0,
0.2,cifar100,d0.5,H,50,3,0.06,0.0027703036419805195,0.04617172736634199
0.2,cifar100,d0.5,S,50,3,0.06,0.0027703036419805195,0.04617172736634199
0.2,cifar100,d5,B,50,3,0.06,0.0045324069254913234,0.07554011542485539
0.2,cifar100,d5,H,50,6,0.12,0.010454366692870642,0.08711972244058869
0.2,cifar100,d5,S,50,6,0.12,0.010421112007463882,0.08684260006219902
0.2,officehome,frozen,B,50,29,0.58,0.05135520223519812,0.08854345212965194
0.2,officehome,frozen,H,50,40,0.8,0.08238240186543383,0.10297800233179229
0.2,officehome,frozen,S,50,40,0.8,0.081921822237924,0.102402277797405
0.2,officehome,full,B,50,26,0.52,0.07565101993146323,0.14548273063742928
0.2,officehome,full,H,50,39,0.78,0.12394458805189551,0.15890331801525068
0.2,officehome,full,S,50,39,0.78,0.12297299353539151,0.15765768401973274
0.2,pathmnist,d0.5,B,25,9,0.36,0.1346190879420884,0.37394191095024554
0.2,pathmnist,d0.5,H,25,14,0.56,0.19469046071792906,0.3476615369963019
0.2,pathmnist,d0.5,S,25,14,0.56,0.19155461191022316,0.34206180698254135
0.2,pathmnist,d5,B,25,10,0.4,0.1416222522283714,0.3540556305709285
0.2,pathmnist,d5,H,25,12,0.48,0.1892288897281319,0.3942268536002749
0.2,pathmnist,d5,S,25,12,0.48,0.1870082168922636,0.3896004518588824
0.25,cifar10,d0.1,B,50,6,0.12,0.0189785274054962,0.15815439504580167
0.25,cifar10,d0.1,H,50,9,0.18,0.03387212482297276,0.18817847123873757
0.25,cifar10,d0.1,S,50,9,0.18,0.03224405578427442,0.179133643245969
0.25,cifar10,d0.5,B,50,28,0.56,0.16819979152010897,0.3003567705716232
0.25,cifar10,d0.5,H,50,33,0.66,0.2276158414699558,0.3448724870756906
0.25,cifar10,d0.5,S,50,33,0.66,0.21413957229394298,0.3244538974150651
0.25,cifar10,d5,B,50,37,0.74,0.27152124091572744,0.36692059583206404
0.25,cifar10,d5,H,50,40,0.8,0.3385675595638802,0.42320944945485034
0.25,cifar10,d5,S,50,40,0.8,0.3198760635082236,0.3998450793852795
0.25,cifar100,d0.1,B,50,1,0.02,0.0019211598746217014,0.09605799373108508
0.25,cifar100,d0.1,H,50,2,0.04,0.0024749349772174275,0.06187337443043568
0.25,cifar100,d0.1,S,50,2,0.04,0.0024749349772174275,0.06187337443043568
0.25,cifar100,d0.5,B,50,5,0.1,0.007051909128623415,0.07051909128623415
0.25,cifar100,d0.5,H,50,13,0.26,0.02577042928974303,0.09911703572978088
0.25,cifar100,d0.5,S,50,13,0.26,0.02577042928974303,0.09911703572978088
0.25,cifar100,d5,B,50,17,0.34,0.031541041380307985,0.09276776876561173
0.25,cifar100,d5,H,50,28,0.56,0.06678610022042238,0.11926089325075426
0.25,cifar100,d5,S,50,28,0.56,0.06476176894738392,0.11564601597747129
0.25,officehome,frozen,B,50,44,0.88,0.1065334398470662,0.12106072709893884
0.25,officehome,frozen,H,50,46,0.92,0.13621664574101836,0.14806157145762863
0.25,officehome,frozen,S,50,46,0.92,0.12986254365418046,0.141154938754544
0.25,officehome,full,B,50,45,0.9,0.16657087979623297,0.1850787553291478
0.25,officehome,full,H,50,46,0.92,0.1983923352484158,0.2156438426613215
0.25,officehome,full,S,50,46,0.92,0.19464373700881615,0.21156927935740882
0.25,pathmnist,d0.5,B,25,14,0.56,0.21790870145747562,0.3891226811740636
0.25,pathmnist,d0.5,H,25,19,0.76,0.3050714603068897,0.4014098161932759
0.25,pathmnist,d0.5,S,25,19,0.76,0.29893586570350933,0.3933366653993544
0.25,pathmnist,d5,B,25,19,0.76,0.3239886650296103,0.42630087503896097
0.25,pathmnist,d5,H,25,20,0.8,0.38227537426834574,0.4778442178354322
0.25,pathmnist,d5,S,25,20,0.8,0.36088565647426746,0.45110707059283445
0.3,cifar10,d0.1,B,50,14,0.28,0.05326007210085512,0.19021454321733972
0.3,cifar10,d0.1,H,50,21,0.42,0.07479137786059505,0.17807470919189297
0.3,cifar10,d0.1,S,50,21,0.42,0.07424094211659492,0.17676414789665457
0.3,cifar10,d0.5,B,50,38,0.76,0.27188612673866264,0.3577449036035035
0.3,cifar10,d0.5,H,50,41,0.82,0.3314729076016343,0.40423525317272485
0.3,cifar10,d0.5,S,50,41,0.82,0.31586133912986836,0.3851967550364248
0.3,cifar10,d5,B,50,45,0.9,0.41045992511462787,0.4560665834606975
0.3,cifar10,d5,H,50,49,0.98,0.4617451478177804,0.4711685181814085
0.3,cifar10,d5,S,50,49,0.98,0.4539610561428271,0.4632255674926806
0.3,cifar100,d0.1,B,50,2,0.04,0.0034623837482028906,0.08655959370507227
0.3,cifar100,d0.1,H,50,8,0.16,0.012048015385391898,0.07530009615869936
0.3,cifar100,d0.1,S,50,8,0.16,0.012014076282977702,0.07508797676861062
0.3,cifar100,d0.5,B,50,24,0.48,0.05035314482905334,0.1049023850605278
0.3,cifar100,d0.5,H,50,37,0.74,0.09447198345935442,0.12766484251264112
0.3,cifar100,d0.5,S,50,37,0.74,0.08887371866023962,0.12009961981113462
0.3,cifar100,d5,B,50,41,0.82,0.10454913388389614,0.12749894376084894
0.3,cifar100,d5,H,50,47,0.94,0.15476651828387777,0.16464523221689123
0.3,cifar100,d5,S,50,47,0.94,0.1488646760191182,0.1583666766160832
0.3,officehome,frozen,B,50,50,1.0,0.1618896277775708,0.1618896277775708
0.3,officehome,frozen,H,50,50,1.0,0.19190729556874841,0.19190729556874841
0.3,officehome,frozen,S,50,50,1.0,0.18711344982833672,0.18711344982833678
0.3,officehome,full,B,50,49,0.98,0.229023644498683,0.2336975964272276
0.3,officehome,full,H,50,50,1.0,0.2646465911592612,0.26464659115926126
0.3,officehome,full,S,50,50,1.0,0.25079220088004456,0.25079220088004456
0.3,pathmnist,d0.5,B,25,19,0.76,0.3172585714893422,0.4174454888017661
0.3,pathmnist,d0.5,H,25,19,0.76,0.3752333952929452,0.4937281517012437
0.3,pathmnist,d0.5,S,25,19,0.76,0.3714146517785351,0.48870348918228307
0.3,pathmnist,d5,B,25,21,0.84,0.4331591939128488,0.5156657070391057
0.3,pathmnist,d5,H,25,21,0.84,0.4846372502561995,0.5769491074478564
0.3,pathmnist,d5,S,25,21,0.84,0.4627556350190785,0.5508995654989031
