semantic_id,dataset,condition,J,G,arm,alpha,procedure,certified,coverage_lcb,effective_certified_coverage,risk_ucb,holm_raw_pvalue,holm_adjusted_pvalue,selected_candidate_index,selected_score,selected_gamma,counts_tensor_sha256,failure_class
tinyimagenet_wrn28_10_proser_fedavg__split00__seed0__d5,tinyimagenet,d5,5,5,reservoir,0.05,H,0,0.0,0.0,,,,,,,02ef0eaabd119f549031e186ffa3f58a3241399d442ad0cb0601c23131228a25,count
tinyimagenet_wrn28_10_proser_fedavg__split00__seed0__d5,tinyimagenet,d5,5,5,reservoir,0.05,S,0,0.0,0.0,,,,,,,02ef0eaabd119f549031e186ffa3f58a3241399d442ad0cb0601c23131228a25,count
tinyimagenet_wrn28_10_proser_fedavg__split00__seed0__d5,tinyimagenet,d5,5,5,reservoir,0.05,B,0,0.0,0.0,,,,,,,02ef0eaabd119f549031e186ffa3f58a3241399d442ad0cb0601c23131228a25,count
tinyimagenet_wrn28_10_proser_fedavg__split00__seed0__d5,tinyimagenet,d5,5,5,reservoir,0.1,H,0,0.0,0.0,,,,,,,cc987a031ce7109d70b8d3498eebf18f485498330072dfb888768c8bc7c60436,count
tinyimagenet_wrn28_10_proser_fedavg__split00__seed0__d5,tinyimagenet,d5,5,5,reservoir,0.1,S,0,0.0,0.0,,,,,,,cc987a031ce7109d70b8d3498eebf18f485498330072dfb888768c8bc7c60436,count
tinyimagenet_wrn28_10_proser_fedavg__split00__seed0__d5,tinyimagenet,d5,5,5,reservoir,0.1,B,0,0.0,0.0,,,,,,,cc987a031ce7109d70b8d3498eebf18f485498330072dfb888768c8bc7c60436,count
tinyimagenet_wrn28_10_proser_fedavg__split00__seed0__d5,tinyimagenet,d5,5,5,reservoir,0.15,H,0,0.0,0.0,,,,,,,b09a7d9ebcb55090fca6be1d73a301d501084f36cf83bb67fa3cd52a77ae3ab2,count
tinyimagenet_wrn28_10_proser_fedavg__split00__seed0__d5,tinyimagenet,d5,5,5,reservoir,0.15,S,0,0.0,0.0,,,,,,,b09a7d9ebcb55090fca6be1d73a301d501084f36cf83bb67fa3cd52a77ae3ab2,count
tinyimagenet_wrn28_10_proser_fedavg__split00__seed0__d5,tinyimagenet,d5,5,5,reservoir,0.15,B,0,0.0,0.0,,,,,,,b09a7d9ebcb55090fca6be1d73a301d501084f36cf83bb67fa3cd52a77ae3ab2,count
tinyimagenet_wrn28_10_proser_fedavg__split00__seed0__d5,tinyimagenet,d5,5,5,reservoir,0.2,H,0,0.0,0.0,,,,,,,3aa034f724b2b412a73053a64eae9159b79577e184d7ae8aeb5d94251fc0c03a,count
tinyimagenet_wrn28_10_proser_fedavg__split00__seed0__d5,tinyimagenet,d5,5,5,reservoir,0.2,S,0,0.0,0.0,,,,,,,3aa034f724b2b412a73053a64eae9159b79577e184d7ae8aeb5d94251fc0c03a,count
tinyimagenet_wrn28_10_proser_fedavg__split00__seed0__d5,tinyimagenet,d5,5,5,reservoir,0.2,B,0,0.0,0.0,,,,,,,3aa034f724b2b412a73053a64eae9159b79577e184d7ae8aeb5d94251fc0c03a,count
tinyimagenet_wrn28_10_proser_fedavg__split00__seed0__d5,tinyimagenet,d5,5,5,reservoir,0.25,H,0,0.0,0.0,,,,,,,70a751039cfb36133441dfda6f98b3693f8f7afb1bcb6c4dc5aabf14b805aacd,empirical-risk
tinyimagenet_wrn28_10_proser_fedavg__split00__seed0__d5,tinyimagenet,d5,5,5,reservoir,0.25,S,0,0.0,0.0,,,,,,,70a751039cfb36133441dfda6f98b3693f8f7afb1bcb6c4dc5aabf14b805aacd,empirical-risk
tinyimagenet_wrn28_10_proser_fedavg__split00__seed0__d5,tinyimagenet,d5,5,5,reservoir,0.25,B,0,0.0,0.0,,,,,,,70a751039cfb36133441dfda6f98b3693f8f7afb1bcb6c4dc5aabf14b805aacd,empirical-risk
tinyimagenet_wrn28_10_proser_fedavg__split00__seed0__d5,tinyimagenet,d5,5,5,reservoir,0.3,H,0,0.0,0.0,,,,,,,c011c750a603255e3aff8fa28f53137b3876615d9c57391efb624a1d51951c4f,width
tinyimagenet_wrn28_10_proser_fedavg__split00__seed0__d5,tinyimagenet,d5,5,5,reservoir,0.3,S,0,0.0,0.0,,,,,,,c011c750a603255e3aff8fa28f53137b3876615d9c57391efb624a1d51951c4f,width
tinyimagenet_wrn28_10_proser_fedavg__split00__seed0__d5,tinyimagenet,d5,5,5,reservoir,0.3,B,0,0.0,0.0,,,,,,,c011c750a603255e3aff8fa28f53137b3876615d9c57391efb624a1d51951c4f,empirical-risk
tinyimagenet_wrn28_10_proser_fedavg__split00__seed1__d5,tinyimagenet,d5,5,5,reservoir,0.05,H,0,0.0,0.0,,,,,,,5970a0fd0ab62948976d88abb753ef4423906a3b89a9f4d56c1ebca4e46070c6,count
tinyimagenet_wrn28_10_proser_fedavg__split00__seed1__d5,tinyimagenet,d5,5,5,reservoir,0.05,S,0,0.0,0.0,,,,,,,5970a0fd0ab62948976d88abb753ef4423906a3b89a9f4d56c1ebca4e46070c6,count
tinyimagenet_wrn28_10_proser_fedavg__split00__seed1__d5,tinyimagenet,d5,5,5,reservoir,0.05,B,0,0.0,0.0,,,,,,,5970a0fd0ab62948976d88abb753ef4423906a3b89a9f4d56c1ebca4e46070c6,count
tinyimagenet_wrn28_10_proser_fedavg__split00__seed1__d5,tinyimagenet,d5,5,5,reservoir,0.1,H,0,0.0,0.0,,,,,,,e8d7deac811cfe009affb77dee930b370aaa4e6344537eb99b5f021aea042d32,count
tinyimagenet_wrn28_10_proser_fedavg__split00__seed1__d5,tinyimagenet,d5,5,5,reservoir,0.1,S,0,0.0,0.0,,,,,,,e8d7deac811cfe009affb77dee930b370aaa4e6344537eb99b5f021aea042d32,count
tinyimagenet_wrn28_10_proser_fedavg__split00__seed1__d5,tinyimagenet,d5,5,5,reservoir,0.1,B,0,0.0,0.0,,,,,,,e8d7deac811cfe009affb77dee930b370aaa4e6344537eb99b5f021aea042d32,count
tinyimagenet_wrn28_10_proser_fedavg__split00__seed1__d5,tinyimagenet,d5,5,5,reservoir,0.15,H,0,0.0,0.0,,,,,,,c511c074a3480f69b135412cc73815b221e3e662f0ccca3b7ffa10aa18383b49,count
tinyimagenet_wrn28_10_proser_fedavg__split00__seed1__d5,tinyimagenet,d5,5,5,reservoir,0.15,S,0,0.0,0.0,,,,,,,c511c074a3480f69b135412cc73815b221e3e662f0ccca3b7ffa10aa18383b49,count
tinyimagenet_wrn28_10_proser_fedavg__split00__seed1__d5,tinyimagenet,d5,5,5,reservoir,0.15,B,0,0.0,0.0,,,,,,,c511c074a3480f69b135412cc73815b221e3e662f0ccca3b7ffa10aa18383b49,count
tinyimagenet_wrn28_10_proser_fedavg__split00__seed1__d5,tinyimagenet,d5,5,5,reservoir,0.2,H,0,0.0,0.0,,,,,,,c11aafb5f0f190197e5092aa57c1e1ec13694ab88e5c72d930a3d0c53c29cbe1,empirical-risk
tinyimagenet_wrn28_10_proser_fedavg__split00__seed1__d5,tinyimagenet,d5,5,5,reservoir,0.2,S,0,0.0,0.0,,,,,,,c11aafb5f0f190197e5092aa57c1e1ec13694ab88e5c72d930a3d0c53c29cbe1,empirical-risk
tinyimagenet_wrn28_10_proser_fedavg__split00__seed1__d5,tinyimagenet,d5,5,5,reservoir,0.2,B,0,0.0,0.0,,,,,,,c11aafb5f0f190197e5092aa57c1e1ec13694ab88e5c72d930a3d0c53c29cbe1,count
tinyimagenet_wrn28_10_proser_fedavg__split00__seed1__d5,tinyimagenet,d5,5,5,reservoir,0.25,H,0,0.0,0.0,,,,,,,57c3c1607697360f0cb5ded42ddd46553c50414f41cae9809e030b491ad162b8,empirical-risk
tinyimagenet_wrn28_10_proser_fedavg__split00__seed1__d5,tinyimagenet,d5,5,5,reservoir,0.25,S,0,0.0,0.0,,,,,,,57c3c1607697360f0cb5ded42ddd46553c50414f41cae9809e030b491ad162b8,empirical-risk
tinyimagenet_wrn28_10_proser_fedavg__split00__seed1__d5,tinyimagenet,d5,5,5,reservoir,0.25,B,0,0.0,0.0,,,,,,,57c3c1607697360f0cb5ded42ddd46553c50414f41cae9809e030b491ad162b8,empirical-risk
tinyimagenet_wrn28_10_proser_fedavg__split00__seed1__d5,tinyimagenet,d5,5,5,reservoir,0.3,H,0,0.0,0.0,,,,,,,e74add33dbf5b53ecc7a514762473a0aa801dfcb71678ec9e18ba7e67f818f53,empirical-risk
tinyimagenet_wrn28_10_proser_fedavg__split00__seed1__d5,tinyimagenet,d5,5,5,reservoir,0.3,S,0,0.0,0.0,,,,,,,e74add33dbf5b53ecc7a514762473a0aa801dfcb71678ec9e18ba7e67f818f53,empirical-risk
tinyimagenet_wrn28_10_proser_fedavg__split00__seed1__d5,tinyimagenet,d5,5,5,reservoir,0.3,B,0,0.0,0.0,,,,,,,e74add33dbf5b53ecc7a514762473a0aa801dfcb71678ec9e18ba7e67f818f53,empirical-risk
tinyimagenet_wrn28_10_proser_fedavg__split00__seed2__d5,tinyimagenet,d5,5,5,reservoir,0.05,H,0,0.0,0.0,,,,,,,4577b1d668792a44ed2ad98419fae50ce5ced54ba1a950ce4e5d05e463501c72,zero-acceptance
tinyimagenet_wrn28_10_proser_fedavg__split00__seed2__d5,tinyimagenet,d5,5,5,reservoir,0.05,S,0,0.0,0.0,,,,,,,4577b1d668792a44ed2ad98419fae50ce5ced54ba1a950ce4e5d05e463501c72,zero-acceptance
tinyimagenet_wrn28_10_proser_fedavg__split00__seed2__d5,tinyimagenet,d5,5,5,reservoir,0.05,B,0,0.0,0.0,,,,,,,4577b1d668792a44ed2ad98419fae50ce5ced54ba1a950ce4e5d05e463501c72,zero-acceptance
tinyimagenet_wrn28_10_proser_fedavg__split00__seed2__d5,tinyimagenet,d5,5,5,reservoir,0.1,H,0,0.0,0.0,,,,,,,23422e3f6256f3a77c8e5a629c9c69fd7cd4c267acf53a243b2ac734811c9fd9,zero-acceptance
tinyimagenet_wrn28_10_proser_fedavg__split00__seed2__d5,tinyimagenet,d5,5,5,reservoir,0.1,S,0,0.0,0.0,,,,,,,23422e3f6256f3a77c8e5a629c9c69fd7cd4c267acf53a243b2ac734811c9fd9,zero-acceptance
tinyimagenet_wrn28_10_proser_fedavg__split00__seed2__d5,tinyimagenet,d5,5,5,reservoir,0.1,B,0,0.0,0.0,,,,,,,23422e3f6256f3a77c8e5a629c9c69fd7cd4c267acf53a243b2ac734811c9fd9,zero-acceptance
tinyimagenet_wrn28_10_proser_fedavg__split00__seed2__d5,tinyimagenet,d5,5,5,reservoir,0.15,H,0,0.0,0.0,,,,,,,1f47c7def61d48ff3f0fa543dafe40027ca98b894efd9a8c88b25046b3fe23e9,count
tinyimagenet_wrn28_10_proser_fedavg__split00__seed2__d5,tinyimagenet,d5,5,5,reservoir,0.15,S,0,0.0,0.0,,,,,,,1f47c7def61d48ff3f0fa543dafe40027ca98b894efd9a8c88b25046b3fe23e9,count
tinyimagenet_wrn28_10_proser_fedavg__split00__seed2__d5,tinyimagenet,d5,5,5,reservoir,0.15,B,0,0.0,0.0,,,,,,,1f47c7def61d48ff3f0fa543dafe40027ca98b894efd9a8c88b25046b3fe23e9,count
tinyimagenet_wrn28_10_proser_fedavg__split00__seed2__d5,tinyimagenet,d5,5,5,reservoir,0.2,H,0,0.0,0.0,,,,,,,dc7778793b6775ec3e70635cabf89db88c50c9f3fec015560509aa517fb17606,count
tinyimagenet_wrn28_10_proser_fedavg__split00__seed2__d5,tinyimagenet,d5,5,5,reservoir,0.2,S,0,0.0,0.0,,,,,,,dc7778793b6775ec3e70635cabf89db88c50c9f3fec015560509aa517fb17606,count
tinyimagenet_wrn28_10_proser_fedavg__split00__seed2__d5,tinyimagenet,d5,5,5,reservoir,0.2,B,0,0.0,0.0,,,,,,,dc7778793b6775ec3e70635cabf89db88c50c9f3fec015560509aa517fb17606,count
tinyimagenet_wrn28_10_proser_fedavg__split00__seed2__d5,tinyimagenet,d5,5,5,reservoir,0.25,H,0,0.0,0.0,,,,,,,efbbc69dd368e0a4207b34c699f03e89c4fb0e2653a67ed44a4fdd8635f990ef,empirical-risk
tinyimagenet_wrn28_10_proser_fedavg__split00__seed2__d5,tinyimagenet,d5,5,5,reservoir,0.25,S,0,0.0,0.0,,,,,,,efbbc69dd368e0a4207b34c699f03e89c4fb0e2653a67ed44a4fdd8635f990ef,empirical-risk
tinyimagenet_wrn28_10_proser_fedavg__split00__seed2__d5,tinyimagenet,d5,5,5,reservoir,0.25,B,0,0.0,0.0,,,,,,,efbbc69dd368e0a4207b34c699f03e89c4fb0e2653a67ed44a4fdd8635f990ef,count
tinyimagenet_wrn28_10_proser_fedavg__split00__seed2__d5,tinyimagenet,d5,5,5,reservoir,0.3,H,0,0.0,0.0,,,,,,,de6c6b07f945b1e2b616c8baa88db5aba97c0fdb6d4126f8d106bea503c02195,width
tinyimagenet_wrn28_10_proser_fedavg__split00__seed2__d5,tinyimagenet,d5,5,5,reservoir,0.3,S,0,0.0,0.0,,,,,,,de6c6b07f945b1e2b616c8baa88db5aba97c0fdb6d4126f8d106bea503c02195,width
tinyimagenet_wrn28_10_proser_fedavg__split00__seed2__d5,tinyimagenet,d5,5,5,reservoir,0.3,B,0,0.0,0.0,,,,,,,de6c6b07f945b1e2b616c8baa88db5aba97c0fdb6d4126f8d106bea503c02195,empirical-risk
tinyimagenet_wrn28_10_proser_fedavg__split00__seed3__d5,tinyimagenet,d5,5,5,reservoir,0.05,H,0,0.0,0.0,,,,,,,572bb8e53b6ca981c2dce6b287e5ed77e5f2b0b7cb21eab4e35798e8dcb1d8bc,count
tinyimagenet_wrn28_10_proser_fedavg__split00__seed3__d5,tinyimagenet,d5,5,5,reservoir,0.05,S,0,0.0,0.0,,,,,,,572bb8e53b6ca981c2dce6b287e5ed77e5f2b0b7cb21eab4e35798e8dcb1d8bc,count
tinyimagenet_wrn28_10_proser_fedavg__split00__seed3__d5,tinyimagenet,d5,5,5,reservoir,0.05,B,0,0.0,0.0,,,,,,,572bb8e53b6ca981c2dce6b287e5ed77e5f2b0b7cb21eab4e35798e8dcb1d8bc,count
tinyimagenet_wrn28_10_proser_fedavg__split00__seed3__d5,tinyimagenet,d5,5,5,reservoir,0.1,H,0,0.0,0.0,,,,,,,7ae344d4b61671fb4beceff6151b72306a3133eaf8289c9ae1288478f1ffdc09,count
tinyimagenet_wrn28_10_proser_fedavg__split00__seed3__d5,tinyimagenet,d5,5,5,reservoir,0.1,S,0,0.0,0.0,,,,,,,7ae344d4b61671fb4beceff6151b72306a3133eaf8289c9ae1288478f1ffdc09,count
tinyimagenet_wrn28_10_proser_fedavg__split00__seed3__d5,tinyimagenet,d5,5,5,reservoir,0.1,B,0,0.0,0.0,,,,,,,7ae344d4b61671fb4beceff6151b72306a3133eaf8289c9ae1288478f1ffdc09,count
tinyimagenet_wrn28_10_proser_fedavg__split00__seed3__d5,tinyimagenet,d5,5,5,reservoir,0.15,H,0,0.0,0.0,,,,,,,fdbc4aa185af606b4d80fa002007a918b5e49422d4ea9c44ff485deed85cb271,count
tinyimagenet_wrn28_10_proser_fedavg__split00__seed3__d5,tinyimagenet,d5,5,5,reservoir,0.15,S,0,0.0,0.0,,,,,,,fdbc4aa185af606b4d80fa002007a918b5e49422d4ea9c44ff485deed85cb271,count
tinyimagenet_wrn28_10_proser_fedavg__split00__seed3__d5,tinyimagenet,d5,5,5,reservoir,0.15,B,0,0.0,0.0,,,,,,,fdbc4aa185af606b4d80fa002007a918b5e49422d4ea9c44ff485deed85cb271,count
tinyimagenet_wrn28_10_proser_fedavg__split00__seed3__d5,tinyimagenet,d5,5,5,reservoir,0.2,H,0,0.0,0.0,,,,,,,76056cd206d6ca5a049f6a658a9b22abbb2f33cdd33a652ac968aab7487f74a0,empirical-risk
tinyimagenet_wrn28_10_proser_fedavg__split00__seed3__d5,tinyimagenet,d5,5,5,reservoir,0.2,S,0,0.0,0.0,,,,,,,76056cd206d6ca5a049f6a658a9b22abbb2f33cdd33a652ac968aab7487f74a0,empirical-risk
tinyimagenet_wrn28_10_proser_fedavg__split00__seed3__d5,tinyimagenet,d5,5,5,reservoir,0.2,B,0,0.0,0.0,,,,,,,76056cd206d6ca5a049f6a658a9b22abbb2f33cdd33a652ac968aab7487f74a0,count
tinyimagenet_wrn28_10_proser_fedavg__split00__seed3__d5,tinyimagenet,d5,5,5,reservoir,0.25,H,0,0.0,0.0,,,,,,,fc6d14e262f017a38cc51f3b16f32c1718d7e89922cba7c29311166079d7bb56,empirical-risk
tinyimagenet_wrn28_10_proser_fedavg__split00__seed3__d5,tinyimagenet,d5,5,5,reservoir,0.25,S,0,0.0,0.0,,,,,,,fc6d14e262f017a38cc51f3b16f32c1718d7e89922cba7c29311166079d7bb56,empirical-risk
tinyimagenet_wrn28_10_proser_fedavg__split00__seed3__d5,tinyimagenet,d5,5,5,reservoir,0.25,B,0,0.0,0.0,,,,,,,fc6d14e262f017a38cc51f3b16f32c1718d7e89922cba7c29311166079d7bb56,empirical-risk
tinyimagenet_wrn28_10_proser_fedavg__split00__seed3__d5,tinyimagenet,d5,5,5,reservoir,0.3,H,0,0.0,0.0,,,,,,,7e6569285b45e32b08f5d0287547ed1faa28c8364d614c156ed444d93c6c6329,empirical-risk
tinyimagenet_wrn28_10_proser_fedavg__split00__seed3__d5,tinyimagenet,d5,5,5,reservoir,0.3,S,0,0.0,0.0,,,,,,,7e6569285b45e32b08f5d0287547ed1faa28c8364d614c156ed444d93c6c6329,empirical-risk
tinyimagenet_wrn28_10_proser_fedavg__split00__seed3__d5,tinyimagenet,d5,5,5,reservoir,0.3,B,0,0.0,0.0,,,,,,,7e6569285b45e32b08f5d0287547ed1faa28c8364d614c156ed444d93c6c6329,empirical-risk
tinyimagenet_wrn28_10_proser_fedavg__split00__seed4__d5,tinyimagenet,d5,5,5,reservoir,0.05,H,0,0.0,0.0,,,,,,,1d6e7565d86268246d97a28586783934809067c682434df2a2f39701fc4a4d4d,count
tinyimagenet_wrn28_10_proser_fedavg__split00__seed4__d5,tinyimagenet,d5,5,5,reservoir,0.05,S,0,0.0,0.0,,,,,,,1d6e7565d86268246d97a28586783934809067c682434df2a2f39701fc4a4d4d,count
tinyimagenet_wrn28_10_proser_fedavg__split00__seed4__d5,tinyimagenet,d5,5,5,reservoir,0.05,B,0,0.0,0.0,,,,,,,1d6e7565d86268246d97a28586783934809067c682434df2a2f39701fc4a4d4d,count
tinyimagenet_wrn28_10_proser_fedavg__split00__seed4__d5,tinyimagenet,d5,5,5,reservoir,0.1,H,0,0.0,0.0,,,,,,,3ea7ad9b11058bf2e9b47024434f697a2e88edf5816d8a417e6bce8eaa1acabd,count
tinyimagenet_wrn28_10_proser_fedavg__split00__seed4__d5,tinyimagenet,d5,5,5,reservoir,0.1,S,0,0.0,0.0,,,,,,,3ea7ad9b11058bf2e9b47024434f697a2e88edf5816d8a417e6bce8eaa1acabd,count
tinyimagenet_wrn28_10_proser_fedavg__split00__seed4__d5,tinyimagenet,d5,5,5,reservoir,0.1,B,0,0.0,0.0,,,,,,,3ea7ad9b11058bf2e9b47024434f697a2e88edf5816d8a417e6bce8eaa1acabd,count
tinyimagenet_wrn28_10_proser_fedavg__split00__seed4__d5,tinyimagenet,d5,5,5,reservoir,0.15,H,0,0.0,0.0,,,,,,,c3bc66045421f63a33b4115e10106e4ea7827b2ca25603e970265f6aa8163cf5,count
tinyimagenet_wrn28_10_proser_fedavg__split00__seed4__d5,tinyimagenet,d5,5,5,reservoir,0.15,S,0,0.0,0.0,,,,,,,c3bc66045421f63a33b4115e10106e4ea7827b2ca25603e970265f6aa8163cf5,count
tinyimagenet_wrn28_10_proser_fedavg__split00__seed4__d5,tinyimagenet,d5,5,5,reservoir,0.15,B,0,0.0,0.0,,,,,,,c3bc66045421f63a33b4115e10106e4ea7827b2ca25603e970265f6aa8163cf5,count
tinyimagenet_wrn28_10_proser_fedavg__split00__seed4__d5,tinyimagenet,d5,5,5,reservoir,0.2,H,0,0.0,0.0,,,,,,,52f26f7f44c1a9e7d9ecefb790b63519b3be17eaddbdf38d446404044527b802,empirical-risk
tinyimagenet_wrn28_10_proser_fedavg__split00__seed4__d5,tinyimagenet,d5,5,5,reservoir,0.2,S,0,0.0,0.0,,,,,,,52f26f7f44c1a9e7d9ecefb790b63519b3be17eaddbdf38d446404044527b802,empirical-risk
tinyimagenet_wrn28_10_proser_fedavg__split00__seed4__d5,tinyimagenet,d5,5,5,reservoir,0.2,B,0,0.0,0.0,,,,,,,52f26f7f44c1a9e7d9ecefb790b63519b3be17eaddbdf38d446404044527b802,count
tinyimagenet_wrn28_10_proser_fedavg__split00__seed4__d5,tinyimagenet,d5,5,5,reservoir,0.25,H,0,0.0,0.0,,,,,,,10d02599927a21dda2adbbd8af19a494d3001f647f353386d980586000db7665,empirical-risk
tinyimagenet_wrn28_10_proser_fedavg__split00__seed4__d5,tinyimagenet,d5,5,5,reservoir,0.25,S,0,0.0,0.0,,,,,,,10d02599927a21dda2adbbd8af19a494d3001f647f353386d980586000db7665,empirical-risk
tinyimagenet_wrn28_10_proser_fedavg__split00__seed4__d5,tinyimagenet,d5,5,5,reservoir,0.25,B,0,0.0,0.0,,,,,,,10d02599927a21dda2adbbd8af19a494d3001f647f353386d980586000db7665,empirical-risk
tinyimagenet_wrn28_10_proser_fedavg__split00__seed4__d5,tinyimagenet,d5,5,5,reservoir,0.3,H,0,0.0,0.0,,,,,,,ccf00a8954d34ccdeba6e61797d9b1b5b292774a0ab06824b5b084bc1e11246c,width
tinyimagenet_wrn28_10_proser_fedavg__split00__seed4__d5,tinyimagenet,d5,5,5,reservoir,0.3,S,0,0.0,0.0,,,,,,,ccf00a8954d34ccdeba6e61797d9b1b5b292774a0ab06824b5b084bc1e11246c,width
tinyimagenet_wrn28_10_proser_fedavg__split00__seed4__d5,tinyimagenet,d5,5,5,reservoir,0.3,B,0,0.0,0.0,,,,,,,ccf00a8954d34ccdeba6e61797d9b1b5b292774a0ab06824b5b084bc1e11246c,width
tinyimagenet_wrn28_10_proser_fedavg__split01__seed0__d5,tinyimagenet,d5,5,5,reservoir,0.05,H,0,0.0,0.0,,,,,,,cb4b44f30b916a9b9eeb40584b32028609528fa21ee637f79886f3f0e4e67eaa,zero-acceptance
tinyimagenet_wrn28_10_proser_fedavg__split01__seed0__d5,tinyimagenet,d5,5,5,reservoir,0.05,S,0,0.0,0.0,,,,,,,cb4b44f30b916a9b9eeb40584b32028609528fa21ee637f79886f3f0e4e67eaa,zero-acceptance
tinyimagenet_wrn28_10_proser_fedavg__split01__seed0__d5,tinyimagenet,d5,5,5,reservoir,0.05,B,0,0.0,0.0,,,,,,,cb4b44f30b916a9b9eeb40584b32028609528fa21ee637f79886f3f0e4e67eaa,zero-acceptance
tinyimagenet_wrn28_10_proser_fedavg__split01__seed0__d5,tinyimagenet,d5,5,5,reservoir,0.1,H,0,0.0,0.0,,,,,,,d52c4aacd2334cd67ec255752596a9b0f68c650611a7224f14cc9e3741ab552a,count
tinyimagenet_wrn28_10_proser_fedavg__split01__seed0__d5,tinyimagenet,d5,5,5,reservoir,0.1,S,0,0.0,0.0,,,,,,,d52c4aacd2334cd67ec255752596a9b0f68c650611a7224f14cc9e3741ab552a,count
tinyimagenet_wrn28_10_proser_fedavg__split01__seed0__d5,tinyimagenet,d5,5,5,reservoir,0.1,B,0,0.0,0.0,,,,,,,d52c4aacd2334cd67ec255752596a9b0f68c650611a7224f14cc9e3741ab552a,count
tinyimagenet_wrn28_10_proser_fedavg__split01__seed0__d5,tinyimagenet,d5,5,5,reservoir,0.15,H,0,0.0,0.0,,,,,,,7f21dfb2d31bc5d0314567fc35d9c9b884414c283228320d402bbbd147f9fed2,count
tinyimagenet_wrn28_10_proser_fedavg__split01__seed0__d5,tinyimagenet,d5,5,5,reservoir,0.15,S,0,0.0,0.0,,,,,,,7f21dfb2d31bc5d0314567fc35d9c9b884414c283228320d402bbbd147f9fed2,count
tinyimagenet_wrn28_10_proser_fedavg__split01__seed0__d5,tinyimagenet,d5,5,5,reservoir,0.15,B,0,0.0,0.0,,,,,,,7f21dfb2d31bc5d0314567fc35d9c9b884414c283228320d402bbbd147f9fed2,count
tinyimagenet_wrn28_10_proser_fedavg__split01__seed0__d5,tinyimagenet,d5,5,5,reservoir,0.2,H,0,0.0,0.0,,,,,,,da6e21309ba1cf2cfe72763aaca338ab72532647869e11aca2cc3d1088567649,count
tinyimagenet_wrn28_10_proser_fedavg__split01__seed0__d5,tinyimagenet,d5,5,5,reservoir,0.2,S,0,0.0,0.0,,,,,,,da6e21309ba1cf2cfe72763aaca338ab72532647869e11aca2cc3d1088567649,count
tinyimagenet_wrn28_10_proser_fedavg__split01__seed0__d5,tinyimagenet,d5,5,5,reservoir,0.2,B,0,0.0,0.0,,,,,,,da6e21309ba1cf2cfe72763aaca338ab72532647869e11aca2cc3d1088567649,count
tinyimagenet_wrn28_10_proser_fedavg__split01__seed0__d5,tinyimagenet,d5,5,5,reservoir,0.25,H,0,0.0,0.0,,,,,,,be9ad3d721fc956b2767cd7d853fc74c80113c84ba62a6ec0776d3695ffe872a,count
tinyimagenet_wrn28_10_proser_fedavg__split01__seed0__d5,tinyimagenet,d5,5,5,reservoir,0.25,S,0,0.0,0.0,,,,,,,be9ad3d721fc956b2767cd7d853fc74c80113c84ba62a6ec0776d3695ffe872a,count
tinyimagenet_wrn28_10_proser_fedavg__split01__seed0__d5,tinyimagenet,d5,5,5,reservoir,0.25,B,0,0.0,0.0,,,,,,,be9ad3d721fc956b2767cd7d853fc74c80113c84ba62a6ec0776d3695ffe872a,count
tinyimagenet_wrn28_10_proser_fedavg__split01__seed0__d5,tinyimagenet,d5,5,5,reservoir,0.3,H,0,0.0,0.0,,,,,,,7eb3921318b10869e98382e6dd1dc39bb1d10f2b626a7c40dfc569625798c458,empirical-risk
tinyimagenet_wrn28_10_proser_fedavg__split01__seed0__d5,tinyimagenet,d5,5,5,reservoir,0.3,S,0,0.0,0.0,,,,,,,7eb3921318b10869e98382e6dd1dc39bb1d10f2b626a7c40dfc569625798c458,empirical-risk
tinyimagenet_wrn28_10_proser_fedavg__split01__seed0__d5,tinyimagenet,d5,5,5,reservoir,0.3,B,0,0.0,0.0,,,,,,,7eb3921318b10869e98382e6dd1dc39bb1d10f2b626a7c40dfc569625798c458,empirical-risk
tinyimagenet_wrn28_10_proser_fedavg__split01__seed1__d5,tinyimagenet,d5,5,5,reservoir,0.05,H,0,0.0,0.0,,,,,,,79beee3bec77cb1fff191c7758b64ae22cfddd24d62a1f383ca48d735db6dddf,count
tinyimagenet_wrn28_10_proser_fedavg__split01__seed1__d5,tinyimagenet,d5,5,5,reservoir,0.05,S,0,0.0,0.0,,,,,,,79beee3bec77cb1fff191c7758b64ae22cfddd24d62a1f383ca48d735db6dddf,count
tinyimagenet_wrn28_10_proser_fedavg__split01__seed1__d5,tinyimagenet,d5,5,5,reservoir,0.05,B,0,0.0,0.0,,,,,,,79beee3bec77cb1fff191c7758b64ae22cfddd24d62a1f383ca48d735db6dddf,count
tinyimagenet_wrn28_10_proser_fedavg__split01__seed1__d5,tinyimagenet,d5,5,5,reservoir,0.1,H,0,0.0,0.0,,,,,,,573d6b3a483de57b6c8219e67afa3c74937339eb6420c1c14163437b62e1ecf2,count
tinyimagenet_wrn28_10_proser_fedavg__split01__seed1__d5,tinyimagenet,d5,5,5,reservoir,0.1,S,0,0.0,0.0,,,,,,,573d6b3a483de57b6c8219e67afa3c74937339eb6420c1c14163437b62e1ecf2,count
tinyimagenet_wrn28_10_proser_fedavg__split01__seed1__d5,tinyimagenet,d5,5,5,reservoir,0.1,B,0,0.0,0.0,,,,,,,573d6b3a483de57b6c8219e67afa3c74937339eb6420c1c14163437b62e1ecf2,count
tinyimagenet_wrn28_10_proser_fedavg__split01__seed1__d5,tinyimagenet,d5,5,5,reservoir,0.15,H,0,0.0,0.0,,,,,,,0dab5ad417b41341dd769bd7b26e780317de86dc26d9cdb4c3485de72a274a48,count
tinyimagenet_wrn28_10_proser_fedavg__split01__seed1__d5,tinyimagenet,d5,5,5,reservoir,0.15,S,0,0.0,0.0,,,,,,,0dab5ad417b41341dd769bd7b26e780317de86dc26d9cdb4c3485de72a274a48,count
tinyimagenet_wrn28_10_proser_fedavg__split01__seed1__d5,tinyimagenet,d5,5,5,reservoir,0.15,B,0,0.0,0.0,,,,,,,0dab5ad417b41341dd769bd7b26e780317de86dc26d9cdb4c3485de72a274a48,count
tinyimagenet_wrn28_10_proser_fedavg__split01__seed1__d5,tinyimagenet,d5,5,5,reservoir,0.2,H,0,0.0,0.0,,,,,,,55ee6c5e3276fe6dc3ed4e881d61a6379fbb9001b102669f5437abb0fb95e090,empirical-risk
tinyimagenet_wrn28_10_proser_fedavg__split01__seed1__d5,tinyimagenet,d5,5,5,reservoir,0.2,S,0,0.0,0.0,,,,,,,55ee6c5e3276fe6dc3ed4e881d61a6379fbb9001b102669f5437abb0fb95e090,empirical-risk
tinyimagenet_wrn28_10_proser_fedavg__split01__seed1__d5,tinyimagenet,d5,5,5,reservoir,0.2,B,0,0.0,0.0,,,,,,,55ee6c5e3276fe6dc3ed4e881d61a6379fbb9001b102669f5437abb0fb95e090,count
tinyimagenet_wrn28_10_proser_fedavg__split01__seed1__d5,tinyimagenet,d5,5,5,reservoir,0.25,H,0,0.0,0.0,,,,,,,5e810d3d8a2a4cb01dc22db136defa95c0f5294b83713c9c742da99eddc1660c,empirical-risk
tinyimagenet_wrn28_10_proser_fedavg__split01__seed1__d5,tinyimagenet,d5,5,5,reservoir,0.25,S,0,0.0,0.0,,,,,,,5e810d3d8a2a4cb01dc22db136defa95c0f5294b83713c9c742da99eddc1660c,empirical-risk
tinyimagenet_wrn28_10_proser_fedavg__split01__seed1__d5,tinyimagenet,d5,5,5,reservoir,0.25,B,0,0.0,0.0,,,,,,,5e810d3d8a2a4cb01dc22db136defa95c0f5294b83713c9c742da99eddc1660c,empirical-risk
tinyimagenet_wrn28_10_proser_fedavg__split01__seed1__d5,tinyimagenet,d5,5,5,reservoir,0.3,H,0,0.0,0.0,,,,,,,d1c974de1eed0dc57a51c3ddf05c51e74b84823ea29a83287e33982f643f2728,empirical-risk
tinyimagenet_wrn28_10_proser_fedavg__split01__seed1__d5,tinyimagenet,d5,5,5,reservoir,0.3,S,0,0.0,0.0,,,,,,,d1c974de1eed0dc57a51c3ddf05c51e74b84823ea29a83287e33982f643f2728,empirical-risk
tinyimagenet_wrn28_10_proser_fedavg__split01__seed1__d5,tinyimagenet,d5,5,5,reservoir,0.3,B,0,0.0,0.0,,,,,,,d1c974de1eed0dc57a51c3ddf05c51e74b84823ea29a83287e33982f643f2728,empirical-risk
tinyimagenet_wrn28_10_proser_fedavg__split01__seed2__d5,tinyimagenet,d5,5,5,reservoir,0.05,H,0,0.0,0.0,,,,,,,9e13cafdb5ceb0112348c60bfc7eb341d9087232806c49c79d311cdf04bd7d2d,count
tinyimagenet_wrn28_10_proser_fedavg__split01__seed2__d5,tinyimagenet,d5,5,5,reservoir,0.05,S,0,0.0,0.0,,,,,,,9e13cafdb5ceb0112348c60bfc7eb341d9087232806c49c79d311cdf04bd7d2d,count
tinyimagenet_wrn28_10_proser_fedavg__split01__seed2__d5,tinyimagenet,d5,5,5,reservoir,0.05,B,0,0.0,0.0,,,,,,,9e13cafdb5ceb0112348c60bfc7eb341d9087232806c49c79d311cdf04bd7d2d,count
tinyimagenet_wrn28_10_proser_fedavg__split01__seed2__d5,tinyimagenet,d5,5,5,reservoir,0.1,H,0,0.0,0.0,,,,,,,ab4336740d1b42666a35e2f953361b7c5d211ea099600f5911b16e79f8d73d5b,count
tinyimagenet_wrn28_10_proser_fedavg__split01__seed2__d5,tinyimagenet,d5,5,5,reservoir,0.1,S,0,0.0,0.0,,,,,,,ab4336740d1b42666a35e2f953361b7c5d211ea099600f5911b16e79f8d73d5b,count
tinyimagenet_wrn28_10_proser_fedavg__split01__seed2__d5,tinyimagenet,d5,5,5,reservoir,0.1,B,0,0.0,0.0,,,,,,,ab4336740d1b42666a35e2f953361b7c5d211ea099600f5911b16e79f8d73d5b,count
tinyimagenet_wrn28_10_proser_fedavg__split01__seed2__d5,tinyimagenet,d5,5,5,reservoir,0.15,H,0,0.0,0.0,,,,,,,b9f3021ceeb935dd9e418925387fcdd890505204dfcc3be62b30d162fee41b73,count
tinyimagenet_wrn28_10_proser_fedavg__split01__seed2__d5,tinyimagenet,d5,5,5,reservoir,0.15,S,0,0.0,0.0,,,,,,,b9f3021ceeb935dd9e418925387fcdd890505204dfcc3be62b30d162fee41b73,count
tinyimagenet_wrn28_10_proser_fedavg__split01__seed2__d5,tinyimagenet,d5,5,5,reservoir,0.15,B,0,0.0,0.0,,,,,,,b9f3021ceeb935dd9e418925387fcdd890505204dfcc3be62b30d162fee41b73,count
tinyimagenet_wrn28_10_proser_fedavg__split01__seed2__d5,tinyimagenet,d5,5,5,reservoir,0.2,H,0,0.0,0.0,,,,,,,87815ecee6cb7cd1d5e479ade98fd6b70ee6ca2a1fb4bc986bd3b216498f4dfa,empirical-risk
tinyimagenet_wrn28_10_proser_fedavg__split01__seed2__d5,tinyimagenet,d5,5,5,reservoir,0.2,S,0,0.0,0.0,,,,,,,87815ecee6cb7cd1d5e479ade98fd6b70ee6ca2a1fb4bc986bd3b216498f4dfa,empirical-risk
tinyimagenet_wrn28_10_proser_fedavg__split01__seed2__d5,tinyimagenet,d5,5,5,reservoir,0.2,B,0,0.0,0.0,,,,,,,87815ecee6cb7cd1d5e479ade98fd6b70ee6ca2a1fb4bc986bd3b216498f4dfa,empirical-risk
tinyimagenet_wrn28_10_proser_fedavg__split01__seed2__d5,tinyimagenet,d5,5,5,reservoir,0.25,H,0,0.0,0.0,,,,,,,3416d870a2e4831d8e5eb387dcfd8a4e5fb05073beb08c6083b958875356abdd,empirical-risk
tinyimagenet_wrn28_10_proser_fedavg__split01__seed2__d5,tinyimagenet,d5,5,5,reservoir,0.25,S,0,0.0,0.0,,,,,,,3416d870a2e4831d8e5eb387dcfd8a4e5fb05073beb08c6083b958875356abdd,empirical-risk
tinyimagenet_wrn28_10_proser_fedavg__split01__seed2__d5,tinyimagenet,d5,5,5,reservoir,0.25,B,0,0.0,0.0,,,,,,,3416d870a2e4831d8e5eb387dcfd8a4e5fb05073beb08c6083b958875356abdd,empirical-risk
tinyimagenet_wrn28_10_proser_fedavg__split01__seed2__d5,tinyimagenet,d5,5,5,reservoir,0.3,H,0,0.0,0.0,,,,,,,e86f65f7405075fbd43d2ec360370c9b64129051444e1fa97575b3106e4e536e,empirical-risk
tinyimagenet_wrn28_10_proser_fedavg__split01__seed2__d5,tinyimagenet,d5,5,5,reservoir,0.3,S,0,0.0,0.0,,,,,,,e86f65f7405075fbd43d2ec360370c9b64129051444e1fa97575b3106e4e536e,empirical-risk
tinyimagenet_wrn28_10_proser_fedavg__split01__seed2__d5,tinyimagenet,d5,5,5,reservoir,0.3,B,0,0.0,0.0,,,,,,,e86f65f7405075fbd43d2ec360370c9b64129051444e1fa97575b3106e4e536e,empirical-risk
tinyimagenet_wrn28_10_proser_fedavg__split01__seed3__d5,tinyimagenet,d5,5,5,reservoir,0.05,H,0,0.0,0.0,,,,,,,cd789e57ca4589759dca35b171dac800f902ec876d55e3e98c89b8388eeb4d76,count
tinyimagenet_wrn28_10_proser_fedavg__split01__seed3__d5,tinyimagenet,d5,5,5,reservoir,0.05,S,0,0.0,0.0,,,,,,,cd789e57ca4589759dca35b171dac800f902ec876d55e3e98c89b8388eeb4d76,count
tinyimagenet_wrn28_10_proser_fedavg__split01__seed3__d5,tinyimagenet,d5,5,5,reservoir,0.05,B,0,0.0,0.0,,,,,,,cd789e57ca4589759dca35b171dac800f902ec876d55e3e98c89b8388eeb4d76,count
tinyimagenet_wrn28_10_proser_fedavg__split01__seed3__d5,tinyimagenet,d5,5,5,reservoir,0.1,H,0,0.0,0.0,,,,,,,a33bbd6170d85d3f446d59ae118e34c9eb974176cce0a4d4216c521b93d2e7c6,count
tinyimagenet_wrn28_10_proser_fedavg__split01__seed3__d5,tinyimagenet,d5,5,5,reservoir,0.1,S,0,0.0,0.0,,,,,,,a33bbd6170d85d3f446d59ae118e34c9eb974176cce0a4d4216c521b93d2e7c6,count
tinyimagenet_wrn28_10_proser_fedavg__split01__seed3__d5,tinyimagenet,d5,5,5,reservoir,0.1,B,0,0.0,0.0,,,,,,,a33bbd6170d85d3f446d59ae118e34c9eb974176cce0a4d4216c521b93d2e7c6,count
tinyimagenet_wrn28_10_proser_fedavg__split01__seed3__d5,tinyimagenet,d5,5,5,reservoir,0.15,H,0,0.0,0.0,,,,,,,853e82b6ce6504baefda47ca5f11bb70c288a5050d776652bb8970317f5e5252,count
tinyimagenet_wrn28_10_proser_fedavg__split01__seed3__d5,tinyimagenet,d5,5,5,reservoir,0.15,S,0,0.0,0.0,,,,,,,853e82b6ce6504baefda47ca5f11bb70c288a5050d776652bb8970317f5e5252,count
tinyimagenet_wrn28_10_proser_fedavg__split01__seed3__d5,tinyimagenet,d5,5,5,reservoir,0.15,B,0,0.0,0.0,,,,,,,853e82b6ce6504baefda47ca5f11bb70c288a5050d776652bb8970317f5e5252,count
tinyimagenet_wrn28_10_proser_fedavg__split01__seed3__d5,tinyimagenet,d5,5,5,reservoir,0.2,H,0,0.0,0.0,,,,,,,8025639e6e293785f3efc640b3bfac3a29731890dffdaa18143d4978bf985cbf,count
tinyimagenet_wrn28_10_proser_fedavg__split01__seed3__d5,tinyimagenet,d5,5,5,reservoir,0.2,S,0,0.0,0.0,,,,,,,8025639e6e293785f3efc640b3bfac3a29731890dffdaa18143d4978bf985cbf,count
tinyimagenet_wrn28_10_proser_fedavg__split01__seed3__d5,tinyimagenet,d5,5,5,reservoir,0.2,B,0,0.0,0.0,,,,,,,8025639e6e293785f3efc640b3bfac3a29731890dffdaa18143d4978bf985cbf,count
tinyimagenet_wrn28_10_proser_fedavg__split01__seed3__d5,tinyimagenet,d5,5,5,reservoir,0.25,H,0,0.0,0.0,,,,,,,625a1a2b154b366469ce7923aa502aaee3959abb2733bf6cc2ea88869382df8e,empirical-risk
tinyimagenet_wrn28_10_proser_fedavg__split01__seed3__d5,tinyimagenet,d5,5,5,reservoir,0.25,S,0,0.0,0.0,,,,,,,625a1a2b154b366469ce7923aa502aaee3959abb2733bf6cc2ea88869382df8e,empirical-risk
tinyimagenet_wrn28_10_proser_fedavg__split01__seed3__d5,tinyimagenet,d5,5,5,reservoir,0.25,B,0,0.0,0.0,,,,,,,625a1a2b154b366469ce7923aa502aaee3959abb2733bf6cc2ea88869382df8e,empirical-risk
tinyimagenet_wrn28_10_proser_fedavg__split01__seed3__d5,tinyimagenet,d5,5,5,reservoir,0.3,H,0,0.0,0.0,,,,,,,cae9cd588b0dd71f39691ce3628e36d794b168c40c20581ce28be6d8c8b75298,width
tinyimagenet_wrn28_10_proser_fedavg__split01__seed3__d5,tinyimagenet,d5,5,5,reservoir,0.3,S,0,0.0,0.0,,,,,,,cae9cd588b0dd71f39691ce3628e36d794b168c40c20581ce28be6d8c8b75298,width
tinyimagenet_wrn28_10_proser_fedavg__split01__seed3__d5,tinyimagenet,d5,5,5,reservoir,0.3,B,0,0.0,0.0,,,,,,,cae9cd588b0dd71f39691ce3628e36d794b168c40c20581ce28be6d8c8b75298,empirical-risk
tinyimagenet_wrn28_10_proser_fedavg__split01__seed4__d5,tinyimagenet,d5,5,5,reservoir,0.05,H,0,0.0,0.0,,,,,,,f6024fef7168f385098ffb8653c1f6d0ce48d180cbf8b6cc982d5a08b1c7494f,count
tinyimagenet_wrn28_10_proser_fedavg__split01__seed4__d5,tinyimagenet,d5,5,5,reservoir,0.05,S,0,0.0,0.0,,,,,,,f6024fef7168f385098ffb8653c1f6d0ce48d180cbf8b6cc982d5a08b1c7494f,count
tinyimagenet_wrn28_10_proser_fedavg__split01__seed4__d5,tinyimagenet,d5,5,5,reservoir,0.05,B,0,0.0,0.0,,,,,,,f6024fef7168f385098ffb8653c1f6d0ce48d180cbf8b6cc982d5a08b1c7494f,count
tinyimagenet_wrn28_10_proser_fedavg__split01__seed4__d5,tinyimagenet,d5,5,5,reservoir,0.1,H,0,0.0,0.0,,,,,,,013bf8b35af9b8c00a885ecf812eb1c48030c24677df2b01a9fdbeebb8e07b3f,count
tinyimagenet_wrn28_10_proser_fedavg__split01__seed4__d5,tinyimagenet,d5,5,5,reservoir,0.1,S,0,0.0,0.0,,,,,,,013bf8b35af9b8c00a885ecf812eb1c48030c24677df2b01a9fdbeebb8e07b3f,count
tinyimagenet_wrn28_10_proser_fedavg__split01__seed4__d5,tinyimagenet,d5,5,5,reservoir,0.1,B,0,0.0,0.0,,,,,,,013bf8b35af9b8c00a885ecf812eb1c48030c24677df2b01a9fdbeebb8e07b3f,count
tinyimagenet_wrn28_10_proser_fedavg__split01__seed4__d5,tinyimagenet,d5,5,5,reservoir,0.15,H,0,0.0,0.0,,,,,,,b539953bc26d77dfb7bc284cdfb39274281003975f7f046d540101532dad61f2,count
tinyimagenet_wrn28_10_proser_fedavg__split01__seed4__d5,tinyimagenet,d5,5,5,reservoir,0.15,S,0,0.0,0.0,,,,,,,b539953bc26d77dfb7bc284cdfb39274281003975f7f046d540101532dad61f2,count
tinyimagenet_wrn28_10_proser_fedavg__split01__seed4__d5,tinyimagenet,d5,5,5,reservoir,0.15,B,0,0.0,0.0,,,,,,,b539953bc26d77dfb7bc284cdfb39274281003975f7f046d540101532dad61f2,count
tinyimagenet_wrn28_10_proser_fedavg__split01__seed4__d5,tinyimagenet,d5,5,5,reservoir,0.2,H,0,0.0,0.0,,,,,,,97cbbcb0250a882ccf45c0fef62067fa4a7792092b3a5a732e10f3a3ad22ef5d,count
tinyimagenet_wrn28_10_proser_fedavg__split01__seed4__d5,tinyimagenet,d5,5,5,reservoir,0.2,S,0,0.0,0.0,,,,,,,97cbbcb0250a882ccf45c0fef62067fa4a7792092b3a5a732e10f3a3ad22ef5d,count
tinyimagenet_wrn28_10_proser_fedavg__split01__seed4__d5,tinyimagenet,d5,5,5,reservoir,0.2,B,0,0.0,0.0,,,,,,,97cbbcb0250a882ccf45c0fef62067fa4a7792092b3a5a732e10f3a3ad22ef5d,count
tinyimagenet_wrn28_10_proser_fedavg__split01__seed4__d5,tinyimagenet,d5,5,5,reservoir,0.25,H,0,0.0,0.0,,,,,,,e171aafad231daf1e188e2ab83b01895bc755d96fb84a878644667f501fd687d,empirical-risk
tinyimagenet_wrn28_10_proser_fedavg__split01__seed4__d5,tinyimagenet,d5,5,5,reservoir,0.25,S,0,0.0,0.0,,,,,,,e171aafad231daf1e188e2ab83b01895bc755d96fb84a878644667f501fd687d,empirical-risk
tinyimagenet_wrn28_10_proser_fedavg__split01__seed4__d5,tinyimagenet,d5,5,5,reservoir,0.25,B,0,0.0,0.0,,,,,,,e171aafad231daf1e188e2ab83b01895bc755d96fb84a878644667f501fd687d,empirical-risk
tinyimagenet_wrn28_10_proser_fedavg__split01__seed4__d5,tinyimagenet,d5,5,5,reservoir,0.3,H,0,0.0,0.0,,,,,,,5962bf59245b377f6050195c60344d7ffaa611200590da7902c8f2f2ca2f5cf6,width
tinyimagenet_wrn28_10_proser_fedavg__split01__seed4__d5,tinyimagenet,d5,5,5,reservoir,0.3,S,0,0.0,0.0,,,,,,,5962bf59245b377f6050195c60344d7ffaa611200590da7902c8f2f2ca2f5cf6,width
tinyimagenet_wrn28_10_proser_fedavg__split01__seed4__d5,tinyimagenet,d5,5,5,reservoir,0.3,B,0,0.0,0.0,,,,,,,5962bf59245b377f6050195c60344d7ffaa611200590da7902c8f2f2ca2f5cf6,width
tinyimagenet_wrn28_10_proser_fedavg__split02__seed0__d5,tinyimagenet,d5,5,5,reservoir,0.05,H,0,0.0,0.0,,,,,,,28381376e7e6622f2d63b53f098257a0bbc2ea35694249a34cea8607c8cd6e10,count
tinyimagenet_wrn28_10_proser_fedavg__split02__seed0__d5,tinyimagenet,d5,5,5,reservoir,0.05,S,0,0.0,0.0,,,,,,,28381376e7e6622f2d63b53f098257a0bbc2ea35694249a34cea8607c8cd6e10,count
tinyimagenet_wrn28_10_proser_fedavg__split02__seed0__d5,tinyimagenet,d5,5,5,reservoir,0.05,B,0,0.0,0.0,,,,,,,28381376e7e6622f2d63b53f098257a0bbc2ea35694249a34cea8607c8cd6e10,count
tinyimagenet_wrn28_10_proser_fedavg__split02__seed0__d5,tinyimagenet,d5,5,5,reservoir,0.1,H,0,0.0,0.0,,,,,,,72bdc23c896524683d5f014f108bc5b9c37ab1db5397c67bcc3e255d264a4a19,count
tinyimagenet_wrn28_10_proser_fedavg__split02__seed0__d5,tinyimagenet,d5,5,5,reservoir,0.1,S,0,0.0,0.0,,,,,,,72bdc23c896524683d5f014f108bc5b9c37ab1db5397c67bcc3e255d264a4a19,count
tinyimagenet_wrn28_10_proser_fedavg__split02__seed0__d5,tinyimagenet,d5,5,5,reservoir,0.1,B,0,0.0,0.0,,,,,,,72bdc23c896524683d5f014f108bc5b9c37ab1db5397c67bcc3e255d264a4a19,count
tinyimagenet_wrn28_10_proser_fedavg__split02__seed0__d5,tinyimagenet,d5,5,5,reservoir,0.15,H,0,0.0,0.0,,,,,,,9b6380706a2d6b099f449265e7e5bf47d1524507b72b95585c84bd4271064b71,count
tinyimagenet_wrn28_10_proser_fedavg__split02__seed0__d5,tinyimagenet,d5,5,5,reservoir,0.15,S,0,0.0,0.0,,,,,,,9b6380706a2d6b099f449265e7e5bf47d1524507b72b95585c84bd4271064b71,count
tinyimagenet_wrn28_10_proser_fedavg__split02__seed0__d5,tinyimagenet,d5,5,5,reservoir,0.15,B,0,0.0,0.0,,,,,,,9b6380706a2d6b099f449265e7e5bf47d1524507b72b95585c84bd4271064b71,count
tinyimagenet_wrn28_10_proser_fedavg__split02__seed0__d5,tinyimagenet,d5,5,5,reservoir,0.2,H,0,0.0,0.0,,,,,,,85f1570a4c5135b6ef3c468e15cb07891d0f178e45cff06095fb7dc2adbce019,empirical-risk
tinyimagenet_wrn28_10_proser_fedavg__split02__seed0__d5,tinyimagenet,d5,5,5,reservoir,0.2,S,0,0.0,0.0,,,,,,,85f1570a4c5135b6ef3c468e15cb07891d0f178e45cff06095fb7dc2adbce019,empirical-risk
tinyimagenet_wrn28_10_proser_fedavg__split02__seed0__d5,tinyimagenet,d5,5,5,reservoir,0.2,B,0,0.0,0.0,,,,,,,85f1570a4c5135b6ef3c468e15cb07891d0f178e45cff06095fb7dc2adbce019,count
tinyimagenet_wrn28_10_proser_fedavg__split02__seed0__d5,tinyimagenet,d5,5,5,reservoir,0.25,H,0,0.0,0.0,,,,,,,b008cefd6d7331aac9ea8fcfde0d84396e47d670ff01bd994128b28aec1e86fd,empirical-risk
tinyimagenet_wrn28_10_proser_fedavg__split02__seed0__d5,tinyimagenet,d5,5,5,reservoir,0.25,S,0,0.0,0.0,,,,,,,b008cefd6d7331aac9ea8fcfde0d84396e47d670ff01bd994128b28aec1e86fd,empirical-risk
tinyimagenet_wrn28_10_proser_fedavg__split02__seed0__d5,tinyimagenet,d5,5,5,reservoir,0.25,B,0,0.0,0.0,,,,,,,b008cefd6d7331aac9ea8fcfde0d84396e47d670ff01bd994128b28aec1e86fd,empirical-risk
tinyimagenet_wrn28_10_proser_fedavg__split02__seed0__d5,tinyimagenet,d5,5,5,reservoir,0.3,H,0,0.0,0.0,,,,,,,e142d246addaf09744cc356cd5669b3b72b72db2bf8cb5df22eb0e6d213f33b3,width
tinyimagenet_wrn28_10_proser_fedavg__split02__seed0__d5,tinyimagenet,d5,5,5,reservoir,0.3,S,0,0.0,0.0,,,,,,,e142d246addaf09744cc356cd5669b3b72b72db2bf8cb5df22eb0e6d213f33b3,width
tinyimagenet_wrn28_10_proser_fedavg__split02__seed0__d5,tinyimagenet,d5,5,5,reservoir,0.3,B,0,0.0,0.0,,,,,,,e142d246addaf09744cc356cd5669b3b72b72db2bf8cb5df22eb0e6d213f33b3,width
tinyimagenet_wrn28_10_proser_fedavg__split02__seed1__d5,tinyimagenet,d5,5,5,reservoir,0.05,H,0,0.0,0.0,,,,,,,e0ced6067850e3cd6793816ff5030f73ce2c7df1a6d992779a61e6943132162b,count
tinyimagenet_wrn28_10_proser_fedavg__split02__seed1__d5,tinyimagenet,d5,5,5,reservoir,0.05,S,0,0.0,0.0,,,,,,,e0ced6067850e3cd6793816ff5030f73ce2c7df1a6d992779a61e6943132162b,count
tinyimagenet_wrn28_10_proser_fedavg__split02__seed1__d5,tinyimagenet,d5,5,5,reservoir,0.05,B,0,0.0,0.0,,,,,,,e0ced6067850e3cd6793816ff5030f73ce2c7df1a6d992779a61e6943132162b,count
tinyimagenet_wrn28_10_proser_fedavg__split02__seed1__d5,tinyimagenet,d5,5,5,reservoir,0.1,H,0,0.0,0.0,,,,,,,0ffc22f04d71347d15fb69cab4077031a6326526a549e5e4928c78cfcde4ea54,count
tinyimagenet_wrn28_10_proser_fedavg__split02__seed1__d5,tinyimagenet,d5,5,5,reservoir,0.1,S,0,0.0,0.0,,,,,,,0ffc22f04d71347d15fb69cab4077031a6326526a549e5e4928c78cfcde4ea54,count
tinyimagenet_wrn28_10_proser_fedavg__split02__seed1__d5,tinyimagenet,d5,5,5,reservoir,0.1,B,0,0.0,0.0,,,,,,,0ffc22f04d71347d15fb69cab4077031a6326526a549e5e4928c78cfcde4ea54,count
tinyimagenet_wrn28_10_proser_fedavg__split02__seed1__d5,tinyimagenet,d5,5,5,reservoir,0.15,H,0,0.0,0.0,,,,,,,354130f90289ffcc169cde81412d957ae2641fee95034104e039954311ec51b1,count
tinyimagenet_wrn28_10_proser_fedavg__split02__seed1__d5,tinyimagenet,d5,5,5,reservoir,0.15,S,0,0.0,0.0,,,,,,,354130f90289ffcc169cde81412d957ae2641fee95034104e039954311ec51b1,count
tinyimagenet_wrn28_10_proser_fedavg__split02__seed1__d5,tinyimagenet,d5,5,5,reservoir,0.15,B,0,0.0,0.0,,,,,,,354130f90289ffcc169cde81412d957ae2641fee95034104e039954311ec51b1,count
tinyimagenet_wrn28_10_proser_fedavg__split02__seed1__d5,tinyimagenet,d5,5,5,reservoir,0.2,H,0,0.0,0.0,,,,,,,e4025a24207285da112579f844faecc48123b26552eaa3e3841d68da5cffdd85,count
tinyimagenet_wrn28_10_proser_fedavg__split02__seed1__d5,tinyimagenet,d5,5,5,reservoir,0.2,S,0,0.0,0.0,,,,,,,e4025a24207285da112579f844faecc48123b26552eaa3e3841d68da5cffdd85,count
tinyimagenet_wrn28_10_proser_fedavg__split02__seed1__d5,tinyimagenet,d5,5,5,reservoir,0.2,B,0,0.0,0.0,,,,,,,e4025a24207285da112579f844faecc48123b26552eaa3e3841d68da5cffdd85,count
tinyimagenet_wrn28_10_proser_fedavg__split02__seed1__d5,tinyimagenet,d5,5,5,reservoir,0.25,H,0,0.0,0.0,,,,,,,1c3f6fd31dabd99f3e09a2502f9e4cc53c688bbb788c74b7502f1f7b7d15245e,empirical-risk
tinyimagenet_wrn28_10_proser_fedavg__split02__seed1__d5,tinyimagenet,d5,5,5,reservoir,0.25,S,0,0.0,0.0,,,,,,,1c3f6fd31dabd99f3e09a2502f9e4cc53c688bbb788c74b7502f1f7b7d15245e,empirical-risk
tinyimagenet_wrn28_10_proser_fedavg__split02__seed1__d5,tinyimagenet,d5,5,5,reservoir,0.25,B,0,0.0,0.0,,,,,,,1c3f6fd31dabd99f3e09a2502f9e4cc53c688bbb788c74b7502f1f7b7d15245e,empirical-risk
tinyimagenet_wrn28_10_proser_fedavg__split02__seed1__d5,tinyimagenet,d5,5,5,reservoir,0.3,H,0,0.0,0.0,,,,,,,2c5315ecb81f6bd5943358356b1076253ddca75c04871e2873b41f601de4438d,empirical-risk
tinyimagenet_wrn28_10_proser_fedavg__split02__seed1__d5,tinyimagenet,d5,5,5,reservoir,0.3,S,0,0.0,0.0,,,,,,,2c5315ecb81f6bd5943358356b1076253ddca75c04871e2873b41f601de4438d,empirical-risk
tinyimagenet_wrn28_10_proser_fedavg__split02__seed1__d5,tinyimagenet,d5,5,5,reservoir,0.3,B,0,0.0,0.0,,,,,,,2c5315ecb81f6bd5943358356b1076253ddca75c04871e2873b41f601de4438d,empirical-risk
tinyimagenet_wrn28_10_proser_fedavg__split02__seed2__d5,tinyimagenet,d5,5,5,reservoir,0.05,H,0,0.0,0.0,,,,,,,ec63ce3032d414dbcdf91e2e4138459c8084a9efac6f86ce7339f146843e1b67,count
tinyimagenet_wrn28_10_proser_fedavg__split02__seed2__d5,tinyimagenet,d5,5,5,reservoir,0.05,S,0,0.0,0.0,,,,,,,ec63ce3032d414dbcdf91e2e4138459c8084a9efac6f86ce7339f146843e1b67,count
tinyimagenet_wrn28_10_proser_fedavg__split02__seed2__d5,tinyimagenet,d5,5,5,reservoir,0.05,B,0,0.0,0.0,,,,,,,ec63ce3032d414dbcdf91e2e4138459c8084a9efac6f86ce7339f146843e1b67,count
tinyimagenet_wrn28_10_proser_fedavg__split02__seed2__d5,tinyimagenet,d5,5,5,reservoir,0.1,H,0,0.0,0.0,,,,,,,a48ecb9559ba46fbd17ba64888fbb081340853c4ea2849af1168ca52e846cbf0,count
tinyimagenet_wrn28_10_proser_fedavg__split02__seed2__d5,tinyimagenet,d5,5,5,reservoir,0.1,S,0,0.0,0.0,,,,,,,a48ecb9559ba46fbd17ba64888fbb081340853c4ea2849af1168ca52e846cbf0,count
tinyimagenet_wrn28_10_proser_fedavg__split02__seed2__d5,tinyimagenet,d5,5,5,reservoir,0.1,B,0,0.0,0.0,,,,,,,a48ecb9559ba46fbd17ba64888fbb081340853c4ea2849af1168ca52e846cbf0,count
tinyimagenet_wrn28_10_proser_fedavg__split02__seed2__d5,tinyimagenet,d5,5,5,reservoir,0.15,H,0,0.0,0.0,,,,,,,e57671f67e8a1293a5a4081f5b3210247853d649d99af8152114c216ad0962d0,count
tinyimagenet_wrn28_10_proser_fedavg__split02__seed2__d5,tinyimagenet,d5,5,5,reservoir,0.15,S,0,0.0,0.0,,,,,,,e57671f67e8a1293a5a4081f5b3210247853d649d99af8152114c216ad0962d0,count
tinyimagenet_wrn28_10_proser_fedavg__split02__seed2__d5,tinyimagenet,d5,5,5,reservoir,0.15,B,0,0.0,0.0,,,,,,,e57671f67e8a1293a5a4081f5b3210247853d649d99af8152114c216ad0962d0,count
tinyimagenet_wrn28_10_proser_fedavg__split02__seed2__d5,tinyimagenet,d5,5,5,reservoir,0.2,H,0,0.0,0.0,,,,,,,b6a0be79f5ad9b4f5f236379bc9e5649b3e8f23672a54e009f4cefe4bfff9dd7,count
tinyimagenet_wrn28_10_proser_fedavg__split02__seed2__d5,tinyimagenet,d5,5,5,reservoir,0.2,S,0,0.0,0.0,,,,,,,b6a0be79f5ad9b4f5f236379bc9e5649b3e8f23672a54e009f4cefe4bfff9dd7,count
tinyimagenet_wrn28_10_proser_fedavg__split02__seed2__d5,tinyimagenet,d5,5,5,reservoir,0.2,B,0,0.0,0.0,,,,,,,b6a0be79f5ad9b4f5f236379bc9e5649b3e8f23672a54e009f4cefe4bfff9dd7,count
tinyimagenet_wrn28_10_proser_fedavg__split02__seed2__d5,tinyimagenet,d5,5,5,reservoir,0.25,H,0,0.0,0.0,,,,,,,56dc850260c682e80b8159dcf42cd80c7fbeed39876470a5c30f728a4414a39b,empirical-risk
tinyimagenet_wrn28_10_proser_fedavg__split02__seed2__d5,tinyimagenet,d5,5,5,reservoir,0.25,S,0,0.0,0.0,,,,,,,56dc850260c682e80b8159dcf42cd80c7fbeed39876470a5c30f728a4414a39b,empirical-risk
tinyimagenet_wrn28_10_proser_fedavg__split02__seed2__d5,tinyimagenet,d5,5,5,reservoir,0.25,B,0,0.0,0.0,,,,,,,56dc850260c682e80b8159dcf42cd80c7fbeed39876470a5c30f728a4414a39b,empirical-risk
tinyimagenet_wrn28_10_proser_fedavg__split02__seed2__d5,tinyimagenet,d5,5,5,reservoir,0.3,H,0,0.0,0.0,,,,,,,e3dffe8de77e73d97036a52cd67ba1bc39b6b09b427405c106befc75d71c4276,width
tinyimagenet_wrn28_10_proser_fedavg__split02__seed2__d5,tinyimagenet,d5,5,5,reservoir,0.3,S,0,0.0,0.0,,,,,,,e3dffe8de77e73d97036a52cd67ba1bc39b6b09b427405c106befc75d71c4276,width
tinyimagenet_wrn28_10_proser_fedavg__split02__seed2__d5,tinyimagenet,d5,5,5,reservoir,0.3,B,0,0.0,0.0,,,,,,,e3dffe8de77e73d97036a52cd67ba1bc39b6b09b427405c106befc75d71c4276,empirical-risk
tinyimagenet_wrn28_10_proser_fedavg__split02__seed3__d5,tinyimagenet,d5,5,5,reservoir,0.05,H,0,0.0,0.0,,,,,,,9f13a6d7e9c2f20ef888c45b5adda9c5c202a4d8b4cd4e881da0a658d946432f,count
tinyimagenet_wrn28_10_proser_fedavg__split02__seed3__d5,tinyimagenet,d5,5,5,reservoir,0.05,S,0,0.0,0.0,,,,,,,9f13a6d7e9c2f20ef888c45b5adda9c5c202a4d8b4cd4e881da0a658d946432f,count
tinyimagenet_wrn28_10_proser_fedavg__split02__seed3__d5,tinyimagenet,d5,5,5,reservoir,0.05,B,0,0.0,0.0,,,,,,,9f13a6d7e9c2f20ef888c45b5adda9c5c202a4d8b4cd4e881da0a658d946432f,count
tinyimagenet_wrn28_10_proser_fedavg__split02__seed3__d5,tinyimagenet,d5,5,5,reservoir,0.1,H,0,0.0,0.0,,,,,,,17ddf4a75cc0ac9f201aaac8c0ae7ccf7d9796d13f634322a474ee8e3df61f8f,count
tinyimagenet_wrn28_10_proser_fedavg__split02__seed3__d5,tinyimagenet,d5,5,5,reservoir,0.1,S,0,0.0,0.0,,,,,,,17ddf4a75cc0ac9f201aaac8c0ae7ccf7d9796d13f634322a474ee8e3df61f8f,count
tinyimagenet_wrn28_10_proser_fedavg__split02__seed3__d5,tinyimagenet,d5,5,5,reservoir,0.1,B,0,0.0,0.0,,,,,,,17ddf4a75cc0ac9f201aaac8c0ae7ccf7d9796d13f634322a474ee8e3df61f8f,count
tinyimagenet_wrn28_10_proser_fedavg__split02__seed3__d5,tinyimagenet,d5,5,5,reservoir,0.15,H,0,0.0,0.0,,,,,,,65a72dd598a7e294f1b22eda8c3e8ddaf14b0e3341b6fbd74304b278712930a6,count
tinyimagenet_wrn28_10_proser_fedavg__split02__seed3__d5,tinyimagenet,d5,5,5,reservoir,0.15,S,0,0.0,0.0,,,,,,,65a72dd598a7e294f1b22eda8c3e8ddaf14b0e3341b6fbd74304b278712930a6,count
tinyimagenet_wrn28_10_proser_fedavg__split02__seed3__d5,tinyimagenet,d5,5,5,reservoir,0.15,B,0,0.0,0.0,,,,,,,65a72dd598a7e294f1b22eda8c3e8ddaf14b0e3341b6fbd74304b278712930a6,count
tinyimagenet_wrn28_10_proser_fedavg__split02__seed3__d5,tinyimagenet,d5,5,5,reservoir,0.2,H,0,0.0,0.0,,,,,,,ce4bd71c7c4e8081148e5f11602a1f96013f10d76f1338278537c27c28b03d2f,empirical-risk
tinyimagenet_wrn28_10_proser_fedavg__split02__seed3__d5,tinyimagenet,d5,5,5,reservoir,0.2,S,0,0.0,0.0,,,,,,,ce4bd71c7c4e8081148e5f11602a1f96013f10d76f1338278537c27c28b03d2f,empirical-risk
tinyimagenet_wrn28_10_proser_fedavg__split02__seed3__d5,tinyimagenet,d5,5,5,reservoir,0.2,B,0,0.0,0.0,,,,,,,ce4bd71c7c4e8081148e5f11602a1f96013f10d76f1338278537c27c28b03d2f,empirical-risk
tinyimagenet_wrn28_10_proser_fedavg__split02__seed3__d5,tinyimagenet,d5,5,5,reservoir,0.25,H,0,0.0,0.0,,,,,,,1f44daf66f75ea8899d6fe6abf36cb9946b86c15132bf9ddb2f88db23d7efacd,empirical-risk
tinyimagenet_wrn28_10_proser_fedavg__split02__seed3__d5,tinyimagenet,d5,5,5,reservoir,0.25,S,0,0.0,0.0,,,,,,,1f44daf66f75ea8899d6fe6abf36cb9946b86c15132bf9ddb2f88db23d7efacd,empirical-risk
tinyimagenet_wrn28_10_proser_fedavg__split02__seed3__d5,tinyimagenet,d5,5,5,reservoir,0.25,B,0,0.0,0.0,,,,,,,1f44daf66f75ea8899d6fe6abf36cb9946b86c15132bf9ddb2f88db23d7efacd,empirical-risk
tinyimagenet_wrn28_10_proser_fedavg__split02__seed3__d5,tinyimagenet,d5,5,5,reservoir,0.3,H,0,0.0,0.0,,,,,,,d7e576a448338622f2910216741897262d18ebb166af4f18d6b1d4a079a5aaee,empirical-risk
tinyimagenet_wrn28_10_proser_fedavg__split02__seed3__d5,tinyimagenet,d5,5,5,reservoir,0.3,S,0,0.0,0.0,,,,,,,d7e576a448338622f2910216741897262d18ebb166af4f18d6b1d4a079a5aaee,empirical-risk
tinyimagenet_wrn28_10_proser_fedavg__split02__seed3__d5,tinyimagenet,d5,5,5,reservoir,0.3,B,0,0.0,0.0,,,,,,,d7e576a448338622f2910216741897262d18ebb166af4f18d6b1d4a079a5aaee,empirical-risk
tinyimagenet_wrn28_10_proser_fedavg__split02__seed4__d5,tinyimagenet,d5,5,5,reservoir,0.05,H,0,0.0,0.0,,,,,,,19405e97f1b56ac4a4659c1bd59beea2dbcbc2cc7dacf8daa264c0b9163b3cc1,count
tinyimagenet_wrn28_10_proser_fedavg__split02__seed4__d5,tinyimagenet,d5,5,5,reservoir,0.05,S,0,0.0,0.0,,,,,,,19405e97f1b56ac4a4659c1bd59beea2dbcbc2cc7dacf8daa264c0b9163b3cc1,count
tinyimagenet_wrn28_10_proser_fedavg__split02__seed4__d5,tinyimagenet,d5,5,5,reservoir,0.05,B,0,0.0,0.0,,,,,,,19405e97f1b56ac4a4659c1bd59beea2dbcbc2cc7dacf8daa264c0b9163b3cc1,count
tinyimagenet_wrn28_10_proser_fedavg__split02__seed4__d5,tinyimagenet,d5,5,5,reservoir,0.1,H,0,0.0,0.0,,,,,,,0d96e148c1906d7e61dcddf96443b507505df5f25b596e4f31a0f01e502a6b09,count
tinyimagenet_wrn28_10_proser_fedavg__split02__seed4__d5,tinyimagenet,d5,5,5,reservoir,0.1,S,0,0.0,0.0,,,,,,,0d96e148c1906d7e61dcddf96443b507505df5f25b596e4f31a0f01e502a6b09,count
tinyimagenet_wrn28_10_proser_fedavg__split02__seed4__d5,tinyimagenet,d5,5,5,reservoir,0.1,B,0,0.0,0.0,,,,,,,0d96e148c1906d7e61dcddf96443b507505df5f25b596e4f31a0f01e502a6b09,count
tinyimagenet_wrn28_10_proser_fedavg__split02__seed4__d5,tinyimagenet,d5,5,5,reservoir,0.15,H,0,0.0,0.0,,,,,,,8168cc5d691f0dc63f793c632bb71f2a11aa46a17de51cbde9c1f8a2a83851c7,count
tinyimagenet_wrn28_10_proser_fedavg__split02__seed4__d5,tinyimagenet,d5,5,5,reservoir,0.15,S,0,0.0,0.0,,,,,,,8168cc5d691f0dc63f793c632bb71f2a11aa46a17de51cbde9c1f8a2a83851c7,count
tinyimagenet_wrn28_10_proser_fedavg__split02__seed4__d5,tinyimagenet,d5,5,5,reservoir,0.15,B,0,0.0,0.0,,,,,,,8168cc5d691f0dc63f793c632bb71f2a11aa46a17de51cbde9c1f8a2a83851c7,count
tinyimagenet_wrn28_10_proser_fedavg__split02__seed4__d5,tinyimagenet,d5,5,5,reservoir,0.2,H,0,0.0,0.0,,,,,,,af1b6ca59465b375bf7772acf50565736ba28564cf62c920f51dc170cf3a6f09,count
tinyimagenet_wrn28_10_proser_fedavg__split02__seed4__d5,tinyimagenet,d5,5,5,reservoir,0.2,S,0,0.0,0.0,,,,,,,af1b6ca59465b375bf7772acf50565736ba28564cf62c920f51dc170cf3a6f09,count
tinyimagenet_wrn28_10_proser_fedavg__split02__seed4__d5,tinyimagenet,d5,5,5,reservoir,0.2,B,0,0.0,0.0,,,,,,,af1b6ca59465b375bf7772acf50565736ba28564cf62c920f51dc170cf3a6f09,count
tinyimagenet_wrn28_10_proser_fedavg__split02__seed4__d5,tinyimagenet,d5,5,5,reservoir,0.25,H,0,0.0,0.0,,,,,,,386a2e4f5a7c3bcae0b56f82fb5803c492b225fcb8d205744feeeba4a322d6c8,empirical-risk
tinyimagenet_wrn28_10_proser_fedavg__split02__seed4__d5,tinyimagenet,d5,5,5,reservoir,0.25,S,0,0.0,0.0,,,,,,,386a2e4f5a7c3bcae0b56f82fb5803c492b225fcb8d205744feeeba4a322d6c8,empirical-risk
tinyimagenet_wrn28_10_proser_fedavg__split02__seed4__d5,tinyimagenet,d5,5,5,reservoir,0.25,B,0,0.0,0.0,,,,,,,386a2e4f5a7c3bcae0b56f82fb5803c492b225fcb8d205744feeeba4a322d6c8,count
tinyimagenet_wrn28_10_proser_fedavg__split02__seed4__d5,tinyimagenet,d5,5,5,reservoir,0.3,H,0,0.0,0.0,,,,,,,71d0b7f47487431036a41c43947670b38dcf3c6810ffef4247d38d4dc623e4ba,width
tinyimagenet_wrn28_10_proser_fedavg__split02__seed4__d5,tinyimagenet,d5,5,5,reservoir,0.3,S,0,0.0,0.0,,,,,,,71d0b7f47487431036a41c43947670b38dcf3c6810ffef4247d38d4dc623e4ba,width
tinyimagenet_wrn28_10_proser_fedavg__split02__seed4__d5,tinyimagenet,d5,5,5,reservoir,0.3,B,0,0.0,0.0,,,,,,,71d0b7f47487431036a41c43947670b38dcf3c6810ffef4247d38d4dc623e4ba,width
tinyimagenet_wrn28_10_proser_fedavg__split03__seed0__d5,tinyimagenet,d5,5,5,reservoir,0.05,H,0,0.0,0.0,,,,,,,3e33860f10ff6e92b3bab44aed88df60a4c02f3ed02568b05e4ccb44dd33ca37,count
tinyimagenet_wrn28_10_proser_fedavg__split03__seed0__d5,tinyimagenet,d5,5,5,reservoir,0.05,S,0,0.0,0.0,,,,,,,3e33860f10ff6e92b3bab44aed88df60a4c02f3ed02568b05e4ccb44dd33ca37,count
tinyimagenet_wrn28_10_proser_fedavg__split03__seed0__d5,tinyimagenet,d5,5,5,reservoir,0.05,B,0,0.0,0.0,,,,,,,3e33860f10ff6e92b3bab44aed88df60a4c02f3ed02568b05e4ccb44dd33ca37,count
tinyimagenet_wrn28_10_proser_fedavg__split03__seed0__d5,tinyimagenet,d5,5,5,reservoir,0.1,H,0,0.0,0.0,,,,,,,7d4bca358111277fec85e5a30f69598a7b14486b8665936da6c7db23adaedd78,count
tinyimagenet_wrn28_10_proser_fedavg__split03__seed0__d5,tinyimagenet,d5,5,5,reservoir,0.1,S,0,0.0,0.0,,,,,,,7d4bca358111277fec85e5a30f69598a7b14486b8665936da6c7db23adaedd78,count
tinyimagenet_wrn28_10_proser_fedavg__split03__seed0__d5,tinyimagenet,d5,5,5,reservoir,0.1,B,0,0.0,0.0,,,,,,,7d4bca358111277fec85e5a30f69598a7b14486b8665936da6c7db23adaedd78,count
tinyimagenet_wrn28_10_proser_fedavg__split03__seed0__d5,tinyimagenet,d5,5,5,reservoir,0.15,H,0,0.0,0.0,,,,,,,8df3dd4baa9fd0ea48c69387d44ff8789b33fd59ed03389dabeef511359e4d8c,count
tinyimagenet_wrn28_10_proser_fedavg__split03__seed0__d5,tinyimagenet,d5,5,5,reservoir,0.15,S,0,0.0,0.0,,,,,,,8df3dd4baa9fd0ea48c69387d44ff8789b33fd59ed03389dabeef511359e4d8c,count
tinyimagenet_wrn28_10_proser_fedavg__split03__seed0__d5,tinyimagenet,d5,5,5,reservoir,0.15,B,0,0.0,0.0,,,,,,,8df3dd4baa9fd0ea48c69387d44ff8789b33fd59ed03389dabeef511359e4d8c,count
tinyimagenet_wrn28_10_proser_fedavg__split03__seed0__d5,tinyimagenet,d5,5,5,reservoir,0.2,H,0,0.0,0.0,,,,,,,7693e03e296374157a9be094e356b599062e14824941f0ac9d608646cb664777,count
tinyimagenet_wrn28_10_proser_fedavg__split03__seed0__d5,tinyimagenet,d5,5,5,reservoir,0.2,S,0,0.0,0.0,,,,,,,7693e03e296374157a9be094e356b599062e14824941f0ac9d608646cb664777,count
tinyimagenet_wrn28_10_proser_fedavg__split03__seed0__d5,tinyimagenet,d5,5,5,reservoir,0.2,B,0,0.0,0.0,,,,,,,7693e03e296374157a9be094e356b599062e14824941f0ac9d608646cb664777,count
tinyimagenet_wrn28_10_proser_fedavg__split03__seed0__d5,tinyimagenet,d5,5,5,reservoir,0.25,H,0,0.0,0.0,,,,,,,36af3e5894e41db00691ef488be13a3ecf27c87e16d926cacce3c51e9627fe63,width
tinyimagenet_wrn28_10_proser_fedavg__split03__seed0__d5,tinyimagenet,d5,5,5,reservoir,0.25,S,0,0.0,0.0,,,,,,,36af3e5894e41db00691ef488be13a3ecf27c87e16d926cacce3c51e9627fe63,width
tinyimagenet_wrn28_10_proser_fedavg__split03__seed0__d5,tinyimagenet,d5,5,5,reservoir,0.25,B,0,0.0,0.0,,,,,,,36af3e5894e41db00691ef488be13a3ecf27c87e16d926cacce3c51e9627fe63,empirical-risk
tinyimagenet_wrn28_10_proser_fedavg__split03__seed0__d5,tinyimagenet,d5,5,5,reservoir,0.3,H,0,0.0,0.0,,,,,,,9e98ab86861302055854a43358c0765c23cb64af86d91270c267c30740c80951,width
tinyimagenet_wrn28_10_proser_fedavg__split03__seed0__d5,tinyimagenet,d5,5,5,reservoir,0.3,S,0,0.0,0.0,,,,,,,9e98ab86861302055854a43358c0765c23cb64af86d91270c267c30740c80951,width
tinyimagenet_wrn28_10_proser_fedavg__split03__seed0__d5,tinyimagenet,d5,5,5,reservoir,0.3,B,0,0.0,0.0,,,,,,,9e98ab86861302055854a43358c0765c23cb64af86d91270c267c30740c80951,width
tinyimagenet_wrn28_10_proser_fedavg__split03__seed1__d5,tinyimagenet,d5,5,5,reservoir,0.05,H,0,0.0,0.0,,,,,,,a922468a7498aaca9e66f7aa18947d510ea4f48a1e468a4f60c7f615a6875d1c,count
tinyimagenet_wrn28_10_proser_fedavg__split03__seed1__d5,tinyimagenet,d5,5,5,reservoir,0.05,S,0,0.0,0.0,,,,,,,a922468a7498aaca9e66f7aa18947d510ea4f48a1e468a4f60c7f615a6875d1c,count
tinyimagenet_wrn28_10_proser_fedavg__split03__seed1__d5,tinyimagenet,d5,5,5,reservoir,0.05,B,0,0.0,0.0,,,,,,,a922468a7498aaca9e66f7aa18947d510ea4f48a1e468a4f60c7f615a6875d1c,count
tinyimagenet_wrn28_10_proser_fedavg__split03__seed1__d5,tinyimagenet,d5,5,5,reservoir,0.1,H,0,0.0,0.0,,,,,,,39ef54a5212ecfcb4d4c5297cb83838896a62c32e3b0e3af0c23d5d15f7b71f6,count
tinyimagenet_wrn28_10_proser_fedavg__split03__seed1__d5,tinyimagenet,d5,5,5,reservoir,0.1,S,0,0.0,0.0,,,,,,,39ef54a5212ecfcb4d4c5297cb83838896a62c32e3b0e3af0c23d5d15f7b71f6,count
tinyimagenet_wrn28_10_proser_fedavg__split03__seed1__d5,tinyimagenet,d5,5,5,reservoir,0.1,B,0,0.0,0.0,,,,,,,39ef54a5212ecfcb4d4c5297cb83838896a62c32e3b0e3af0c23d5d15f7b71f6,count
tinyimagenet_wrn28_10_proser_fedavg__split03__seed1__d5,tinyimagenet,d5,5,5,reservoir,0.15,H,0,0.0,0.0,,,,,,,f5522101d56b74f8ca3cbae85157c466d397b745a90b5a3f1e4815da054052bb,count
tinyimagenet_wrn28_10_proser_fedavg__split03__seed1__d5,tinyimagenet,d5,5,5,reservoir,0.15,S,0,0.0,0.0,,,,,,,f5522101d56b74f8ca3cbae85157c466d397b745a90b5a3f1e4815da054052bb,count
tinyimagenet_wrn28_10_proser_fedavg__split03__seed1__d5,tinyimagenet,d5,5,5,reservoir,0.15,B,0,0.0,0.0,,,,,,,f5522101d56b74f8ca3cbae85157c466d397b745a90b5a3f1e4815da054052bb,count
tinyimagenet_wrn28_10_proser_fedavg__split03__seed1__d5,tinyimagenet,d5,5,5,reservoir,0.2,H,0,0.0,0.0,,,,,,,3018e9ce7d61e9ac6448fc7869737a27a7f6588cc039c63f60774b3de483b22c,empirical-risk
tinyimagenet_wrn28_10_proser_fedavg__split03__seed1__d5,tinyimagenet,d5,5,5,reservoir,0.2,S,0,0.0,0.0,,,,,,,3018e9ce7d61e9ac6448fc7869737a27a7f6588cc039c63f60774b3de483b22c,empirical-risk
tinyimagenet_wrn28_10_proser_fedavg__split03__seed1__d5,tinyimagenet,d5,5,5,reservoir,0.2,B,0,0.0,0.0,,,,,,,3018e9ce7d61e9ac6448fc7869737a27a7f6588cc039c63f60774b3de483b22c,count
tinyimagenet_wrn28_10_proser_fedavg__split03__seed1__d5,tinyimagenet,d5,5,5,reservoir,0.25,H,0,0.0,0.0,,,,,,,86eb293a14fd94873636ad51eeabc1199b8302da2884c117f1bfd33dffc328c5,empirical-risk
tinyimagenet_wrn28_10_proser_fedavg__split03__seed1__d5,tinyimagenet,d5,5,5,reservoir,0.25,S,0,0.0,0.0,,,,,,,86eb293a14fd94873636ad51eeabc1199b8302da2884c117f1bfd33dffc328c5,empirical-risk
tinyimagenet_wrn28_10_proser_fedavg__split03__seed1__d5,tinyimagenet,d5,5,5,reservoir,0.25,B,0,0.0,0.0,,,,,,,86eb293a14fd94873636ad51eeabc1199b8302da2884c117f1bfd33dffc328c5,empirical-risk
tinyimagenet_wrn28_10_proser_fedavg__split03__seed1__d5,tinyimagenet,d5,5,5,reservoir,0.3,H,0,0.0,0.0,,,,,,,e0b6daf0001c9dc5c127fd58ae545f5c6d11eaac62cb24a75d7f1930a59b30ba,width
tinyimagenet_wrn28_10_proser_fedavg__split03__seed1__d5,tinyimagenet,d5,5,5,reservoir,0.3,S,0,0.0,0.0,,,,,,,e0b6daf0001c9dc5c127fd58ae545f5c6d11eaac62cb24a75d7f1930a59b30ba,width
tinyimagenet_wrn28_10_proser_fedavg__split03__seed1__d5,tinyimagenet,d5,5,5,reservoir,0.3,B,0,0.0,0.0,,,,,,,e0b6daf0001c9dc5c127fd58ae545f5c6d11eaac62cb24a75d7f1930a59b30ba,width
tinyimagenet_wrn28_10_proser_fedavg__split03__seed2__d5,tinyimagenet,d5,5,5,reservoir,0.05,H,0,0.0,0.0,,,,,,,9a1f18b794e9c4d575795707cef2e0d7b2c741227bbc3048b2bb8a183e87e17b,count
tinyimagenet_wrn28_10_proser_fedavg__split03__seed2__d5,tinyimagenet,d5,5,5,reservoir,0.05,S,0,0.0,0.0,,,,,,,9a1f18b794e9c4d575795707cef2e0d7b2c741227bbc3048b2bb8a183e87e17b,count
tinyimagenet_wrn28_10_proser_fedavg__split03__seed2__d5,tinyimagenet,d5,5,5,reservoir,0.05,B,0,0.0,0.0,,,,,,,9a1f18b794e9c4d575795707cef2e0d7b2c741227bbc3048b2bb8a183e87e17b,count
tinyimagenet_wrn28_10_proser_fedavg__split03__seed2__d5,tinyimagenet,d5,5,5,reservoir,0.1,H,0,0.0,0.0,,,,,,,f4ff0e5e4c90f0989e71b7bd76d0d2997b82920acf1ee1e8113dcbbd4a374f6c,count
tinyimagenet_wrn28_10_proser_fedavg__split03__seed2__d5,tinyimagenet,d5,5,5,reservoir,0.1,S,0,0.0,0.0,,,,,,,f4ff0e5e4c90f0989e71b7bd76d0d2997b82920acf1ee1e8113dcbbd4a374f6c,count
tinyimagenet_wrn28_10_proser_fedavg__split03__seed2__d5,tinyimagenet,d5,5,5,reservoir,0.1,B,0,0.0,0.0,,,,,,,f4ff0e5e4c90f0989e71b7bd76d0d2997b82920acf1ee1e8113dcbbd4a374f6c,count
tinyimagenet_wrn28_10_proser_fedavg__split03__seed2__d5,tinyimagenet,d5,5,5,reservoir,0.15,H,0,0.0,0.0,,,,,,,c7216b892f6134d11d486585bf727541b802943eb29192bb9701e594a48b2f74,count
tinyimagenet_wrn28_10_proser_fedavg__split03__seed2__d5,tinyimagenet,d5,5,5,reservoir,0.15,S,0,0.0,0.0,,,,,,,c7216b892f6134d11d486585bf727541b802943eb29192bb9701e594a48b2f74,count
tinyimagenet_wrn28_10_proser_fedavg__split03__seed2__d5,tinyimagenet,d5,5,5,reservoir,0.15,B,0,0.0,0.0,,,,,,,c7216b892f6134d11d486585bf727541b802943eb29192bb9701e594a48b2f74,count
tinyimagenet_wrn28_10_proser_fedavg__split03__seed2__d5,tinyimagenet,d5,5,5,reservoir,0.2,H,0,0.0,0.0,,,,,,,62b4f4235eb94690475cc0d359e9db92c621bd3824c902e2f39563ccf867374e,empirical-risk
tinyimagenet_wrn28_10_proser_fedavg__split03__seed2__d5,tinyimagenet,d5,5,5,reservoir,0.2,S,0,0.0,0.0,,,,,,,62b4f4235eb94690475cc0d359e9db92c621bd3824c902e2f39563ccf867374e,empirical-risk
tinyimagenet_wrn28_10_proser_fedavg__split03__seed2__d5,tinyimagenet,d5,5,5,reservoir,0.2,B,0,0.0,0.0,,,,,,,62b4f4235eb94690475cc0d359e9db92c621bd3824c902e2f39563ccf867374e,count
tinyimagenet_wrn28_10_proser_fedavg__split03__seed2__d5,tinyimagenet,d5,5,5,reservoir,0.25,H,0,0.0,0.0,,,,,,,d801663498cf09f2eb167020feba2b7f481b1c0054e68d5d3149773f6235c710,empirical-risk
tinyimagenet_wrn28_10_proser_fedavg__split03__seed2__d5,tinyimagenet,d5,5,5,reservoir,0.25,S,0,0.0,0.0,,,,,,,d801663498cf09f2eb167020feba2b7f481b1c0054e68d5d3149773f6235c710,empirical-risk
tinyimagenet_wrn28_10_proser_fedavg__split03__seed2__d5,tinyimagenet,d5,5,5,reservoir,0.25,B,0,0.0,0.0,,,,,,,d801663498cf09f2eb167020feba2b7f481b1c0054e68d5d3149773f6235c710,empirical-risk
tinyimagenet_wrn28_10_proser_fedavg__split03__seed2__d5,tinyimagenet,d5,5,5,reservoir,0.3,H,0,0.0,0.0,,,,,,,a0463eabb70da86ffa7fa938d41da87d845bc3725415119b77f27db650a82720,empirical-risk
tinyimagenet_wrn28_10_proser_fedavg__split03__seed2__d5,tinyimagenet,d5,5,5,reservoir,0.3,S,0,0.0,0.0,,,,,,,a0463eabb70da86ffa7fa938d41da87d845bc3725415119b77f27db650a82720,empirical-risk
tinyimagenet_wrn28_10_proser_fedavg__split03__seed2__d5,tinyimagenet,d5,5,5,reservoir,0.3,B,0,0.0,0.0,,,,,,,a0463eabb70da86ffa7fa938d41da87d845bc3725415119b77f27db650a82720,empirical-risk
tinyimagenet_wrn28_10_proser_fedavg__split03__seed3__d5,tinyimagenet,d5,5,5,reservoir,0.05,H,0,0.0,0.0,,,,,,,331d826fb38cc4299783eb5c41af4309be0617a6857ab149103e953b72cf1275,count
tinyimagenet_wrn28_10_proser_fedavg__split03__seed3__d5,tinyimagenet,d5,5,5,reservoir,0.05,S,0,0.0,0.0,,,,,,,331d826fb38cc4299783eb5c41af4309be0617a6857ab149103e953b72cf1275,count
tinyimagenet_wrn28_10_proser_fedavg__split03__seed3__d5,tinyimagenet,d5,5,5,reservoir,0.05,B,0,0.0,0.0,,,,,,,331d826fb38cc4299783eb5c41af4309be0617a6857ab149103e953b72cf1275,count
tinyimagenet_wrn28_10_proser_fedavg__split03__seed3__d5,tinyimagenet,d5,5,5,reservoir,0.1,H,0,0.0,0.0,,,,,,,b6c52fe5d5cb2ad3a1e7beddd0d14b925789c793c52945cc8a962c6a6c0c3c6b,count
tinyimagenet_wrn28_10_proser_fedavg__split03__seed3__d5,tinyimagenet,d5,5,5,reservoir,0.1,S,0,0.0,0.0,,,,,,,b6c52fe5d5cb2ad3a1e7beddd0d14b925789c793c52945cc8a962c6a6c0c3c6b,count
tinyimagenet_wrn28_10_proser_fedavg__split03__seed3__d5,tinyimagenet,d5,5,5,reservoir,0.1,B,0,0.0,0.0,,,,,,,b6c52fe5d5cb2ad3a1e7beddd0d14b925789c793c52945cc8a962c6a6c0c3c6b,count
tinyimagenet_wrn28_10_proser_fedavg__split03__seed3__d5,tinyimagenet,d5,5,5,reservoir,0.15,H,0,0.0,0.0,,,,,,,88267dcff920bbcfb3c283607f3bd826b3b12a0c2f29b470c1b1a71fccf0348c,count
tinyimagenet_wrn28_10_proser_fedavg__split03__seed3__d5,tinyimagenet,d5,5,5,reservoir,0.15,S,0,0.0,0.0,,,,,,,88267dcff920bbcfb3c283607f3bd826b3b12a0c2f29b470c1b1a71fccf0348c,count
tinyimagenet_wrn28_10_proser_fedavg__split03__seed3__d5,tinyimagenet,d5,5,5,reservoir,0.15,B,0,0.0,0.0,,,,,,,88267dcff920bbcfb3c283607f3bd826b3b12a0c2f29b470c1b1a71fccf0348c,count
tinyimagenet_wrn28_10_proser_fedavg__split03__seed3__d5,tinyimagenet,d5,5,5,reservoir,0.2,H,0,0.0,0.0,,,,,,,36528f4108c32aa29b30855d479c0ee06f29a0576408857be4f82d0753e9b6fa,count
tinyimagenet_wrn28_10_proser_fedavg__split03__seed3__d5,tinyimagenet,d5,5,5,reservoir,0.2,S,0,0.0,0.0,,,,,,,36528f4108c32aa29b30855d479c0ee06f29a0576408857be4f82d0753e9b6fa,count
tinyimagenet_wrn28_10_proser_fedavg__split03__seed3__d5,tinyimagenet,d5,5,5,reservoir,0.2,B,0,0.0,0.0,,,,,,,36528f4108c32aa29b30855d479c0ee06f29a0576408857be4f82d0753e9b6fa,count
tinyimagenet_wrn28_10_proser_fedavg__split03__seed3__d5,tinyimagenet,d5,5,5,reservoir,0.25,H,0,0.0,0.0,,,,,,,dcc90eeab717d2242c11c30cb326ddc4971b7ce05e2ef9893cd96ec4013142e9,empirical-risk
tinyimagenet_wrn28_10_proser_fedavg__split03__seed3__d5,tinyimagenet,d5,5,5,reservoir,0.25,S,0,0.0,0.0,,,,,,,dcc90eeab717d2242c11c30cb326ddc4971b7ce05e2ef9893cd96ec4013142e9,empirical-risk
tinyimagenet_wrn28_10_proser_fedavg__split03__seed3__d5,tinyimagenet,d5,5,5,reservoir,0.25,B,0,0.0,0.0,,,,,,,dcc90eeab717d2242c11c30cb326ddc4971b7ce05e2ef9893cd96ec4013142e9,empirical-risk
tinyimagenet_wrn28_10_proser_fedavg__split03__seed3__d5,tinyimagenet,d5,5,5,reservoir,0.3,H,0,0.0,0.0,,,,,,,0900ce9b781753e041bbf55e3e51e8f5ef9bce9e9a29e28d7733da6841f13158,width
tinyimagenet_wrn28_10_proser_fedavg__split03__seed3__d5,tinyimagenet,d5,5,5,reservoir,0.3,S,0,0.0,0.0,,,,,,,0900ce9b781753e041bbf55e3e51e8f5ef9bce9e9a29e28d7733da6841f13158,width
tinyimagenet_wrn28_10_proser_fedavg__split03__seed3__d5,tinyimagenet,d5,5,5,reservoir,0.3,B,0,0.0,0.0,,,,,,,0900ce9b781753e041bbf55e3e51e8f5ef9bce9e9a29e28d7733da6841f13158,width
tinyimagenet_wrn28_10_proser_fedavg__split03__seed4__d5,tinyimagenet,d5,5,5,reservoir,0.05,H,0,0.0,0.0,,,,,,,855e7cb8d9d888f77034b5feaa6ad6322e1111ba1064d279c95f7d6fb94aba1d,count
tinyimagenet_wrn28_10_proser_fedavg__split03__seed4__d5,tinyimagenet,d5,5,5,reservoir,0.05,S,0,0.0,0.0,,,,,,,855e7cb8d9d888f77034b5feaa6ad6322e1111ba1064d279c95f7d6fb94aba1d,count
tinyimagenet_wrn28_10_proser_fedavg__split03__seed4__d5,tinyimagenet,d5,5,5,reservoir,0.05,B,0,0.0,0.0,,,,,,,855e7cb8d9d888f77034b5feaa6ad6322e1111ba1064d279c95f7d6fb94aba1d,count
tinyimagenet_wrn28_10_proser_fedavg__split03__seed4__d5,tinyimagenet,d5,5,5,reservoir,0.1,H,0,0.0,0.0,,,,,,,4c16dbc1f612db7421b0daabfcf6dd68c8bec1a3997b6687ad4bda5aba40787a,count
tinyimagenet_wrn28_10_proser_fedavg__split03__seed4__d5,tinyimagenet,d5,5,5,reservoir,0.1,S,0,0.0,0.0,,,,,,,4c16dbc1f612db7421b0daabfcf6dd68c8bec1a3997b6687ad4bda5aba40787a,count
tinyimagenet_wrn28_10_proser_fedavg__split03__seed4__d5,tinyimagenet,d5,5,5,reservoir,0.1,B,0,0.0,0.0,,,,,,,4c16dbc1f612db7421b0daabfcf6dd68c8bec1a3997b6687ad4bda5aba40787a,count
tinyimagenet_wrn28_10_proser_fedavg__split03__seed4__d5,tinyimagenet,d5,5,5,reservoir,0.15,H,0,0.0,0.0,,,,,,,e7d04a301d619eb1adae8261d5e6f5d1a28b9bcf13707c29ec4bdb88ac934832,count
tinyimagenet_wrn28_10_proser_fedavg__split03__seed4__d5,tinyimagenet,d5,5,5,reservoir,0.15,S,0,0.0,0.0,,,,,,,e7d04a301d619eb1adae8261d5e6f5d1a28b9bcf13707c29ec4bdb88ac934832,count
tinyimagenet_wrn28_10_proser_fedavg__split03__seed4__d5,tinyimagenet,d5,5,5,reservoir,0.15,B,0,0.0,0.0,,,,,,,e7d04a301d619eb1adae8261d5e6f5d1a28b9bcf13707c29ec4bdb88ac934832,count
tinyimagenet_wrn28_10_proser_fedavg__split03__seed4__d5,tinyimagenet,d5,5,5,reservoir,0.2,H,0,0.0,0.0,,,,,,,35f4d92b4e5a031b9b9f12ae9cccb337743e9d20d95ab7ea4cf68fb02e5da65b,count
tinyimagenet_wrn28_10_proser_fedavg__split03__seed4__d5,tinyimagenet,d5,5,5,reservoir,0.2,S,0,0.0,0.0,,,,,,,35f4d92b4e5a031b9b9f12ae9cccb337743e9d20d95ab7ea4cf68fb02e5da65b,count
tinyimagenet_wrn28_10_proser_fedavg__split03__seed4__d5,tinyimagenet,d5,5,5,reservoir,0.2,B,0,0.0,0.0,,,,,,,35f4d92b4e5a031b9b9f12ae9cccb337743e9d20d95ab7ea4cf68fb02e5da65b,count
tinyimagenet_wrn28_10_proser_fedavg__split03__seed4__d5,tinyimagenet,d5,5,5,reservoir,0.25,H,0,0.0,0.0,,,,,,,f0307a5956665a591fbeab9e843684ca27b513c67467e46e87550003c1b34a9f,empirical-risk
tinyimagenet_wrn28_10_proser_fedavg__split03__seed4__d5,tinyimagenet,d5,5,5,reservoir,0.25,S,0,0.0,0.0,,,,,,,f0307a5956665a591fbeab9e843684ca27b513c67467e46e87550003c1b34a9f,empirical-risk
tinyimagenet_wrn28_10_proser_fedavg__split03__seed4__d5,tinyimagenet,d5,5,5,reservoir,0.25,B,0,0.0,0.0,,,,,,,f0307a5956665a591fbeab9e843684ca27b513c67467e46e87550003c1b34a9f,empirical-risk
tinyimagenet_wrn28_10_proser_fedavg__split03__seed4__d5,tinyimagenet,d5,5,5,reservoir,0.3,H,0,0.0,0.0,,,,,,,7d72f127148621fdee18cef8a84fae8d5743d545c7eb453a2bc6bd6e6d015b24,empirical-risk
tinyimagenet_wrn28_10_proser_fedavg__split03__seed4__d5,tinyimagenet,d5,5,5,reservoir,0.3,S,0,0.0,0.0,,,,,,,7d72f127148621fdee18cef8a84fae8d5743d545c7eb453a2bc6bd6e6d015b24,empirical-risk
tinyimagenet_wrn28_10_proser_fedavg__split03__seed4__d5,tinyimagenet,d5,5,5,reservoir,0.3,B,0,0.0,0.0,,,,,,,7d72f127148621fdee18cef8a84fae8d5743d545c7eb453a2bc6bd6e6d015b24,empirical-risk
tinyimagenet_wrn28_10_proser_fedavg__split04__seed0__d5,tinyimagenet,d5,5,5,reservoir,0.05,H,0,0.0,0.0,,,,,,,27c7bf67802240aace94963ff3dbbf9d3917939bf58f20912900304bd6aaf886,count
tinyimagenet_wrn28_10_proser_fedavg__split04__seed0__d5,tinyimagenet,d5,5,5,reservoir,0.05,S,0,0.0,0.0,,,,,,,27c7bf67802240aace94963ff3dbbf9d3917939bf58f20912900304bd6aaf886,count
tinyimagenet_wrn28_10_proser_fedavg__split04__seed0__d5,tinyimagenet,d5,5,5,reservoir,0.05,B,0,0.0,0.0,,,,,,,27c7bf67802240aace94963ff3dbbf9d3917939bf58f20912900304bd6aaf886,count
tinyimagenet_wrn28_10_proser_fedavg__split04__seed0__d5,tinyimagenet,d5,5,5,reservoir,0.1,H,0,0.0,0.0,,,,,,,a8934b18dafdca1a90cba3cf13977ae1b22732a97acd86cb66108c2b8fc094c8,count
tinyimagenet_wrn28_10_proser_fedavg__split04__seed0__d5,tinyimagenet,d5,5,5,reservoir,0.1,S,0,0.0,0.0,,,,,,,a8934b18dafdca1a90cba3cf13977ae1b22732a97acd86cb66108c2b8fc094c8,count
tinyimagenet_wrn28_10_proser_fedavg__split04__seed0__d5,tinyimagenet,d5,5,5,reservoir,0.1,B,0,0.0,0.0,,,,,,,a8934b18dafdca1a90cba3cf13977ae1b22732a97acd86cb66108c2b8fc094c8,count
tinyimagenet_wrn28_10_proser_fedavg__split04__seed0__d5,tinyimagenet,d5,5,5,reservoir,0.15,H,0,0.0,0.0,,,,,,,45558434cbe2c161a13993e41df9fe46b2e73884c2930641d1f3bfe58a1e786b,count
tinyimagenet_wrn28_10_proser_fedavg__split04__seed0__d5,tinyimagenet,d5,5,5,reservoir,0.15,S,0,0.0,0.0,,,,,,,45558434cbe2c161a13993e41df9fe46b2e73884c2930641d1f3bfe58a1e786b,count
tinyimagenet_wrn28_10_proser_fedavg__split04__seed0__d5,tinyimagenet,d5,5,5,reservoir,0.15,B,0,0.0,0.0,,,,,,,45558434cbe2c161a13993e41df9fe46b2e73884c2930641d1f3bfe58a1e786b,count
tinyimagenet_wrn28_10_proser_fedavg__split04__seed0__d5,tinyimagenet,d5,5,5,reservoir,0.2,H,0,0.0,0.0,,,,,,,2beb6d50bc11cda986c996c3c3ab7590d37a9e613c3e54dd068cbc7edf042335,count
tinyimagenet_wrn28_10_proser_fedavg__split04__seed0__d5,tinyimagenet,d5,5,5,reservoir,0.2,S,0,0.0,0.0,,,,,,,2beb6d50bc11cda986c996c3c3ab7590d37a9e613c3e54dd068cbc7edf042335,count
tinyimagenet_wrn28_10_proser_fedavg__split04__seed0__d5,tinyimagenet,d5,5,5,reservoir,0.2,B,0,0.0,0.0,,,,,,,2beb6d50bc11cda986c996c3c3ab7590d37a9e613c3e54dd068cbc7edf042335,count
tinyimagenet_wrn28_10_proser_fedavg__split04__seed0__d5,tinyimagenet,d5,5,5,reservoir,0.25,H,0,0.0,0.0,,,,,,,ad4bd4936153ee828a0464f3a86473e5f45fdfcacdd7f819d9d91c6ad2430c66,empirical-risk
tinyimagenet_wrn28_10_proser_fedavg__split04__seed0__d5,tinyimagenet,d5,5,5,reservoir,0.25,S,0,0.0,0.0,,,,,,,ad4bd4936153ee828a0464f3a86473e5f45fdfcacdd7f819d9d91c6ad2430c66,empirical-risk
tinyimagenet_wrn28_10_proser_fedavg__split04__seed0__d5,tinyimagenet,d5,5,5,reservoir,0.25,B,0,0.0,0.0,,,,,,,ad4bd4936153ee828a0464f3a86473e5f45fdfcacdd7f819d9d91c6ad2430c66,count
tinyimagenet_wrn28_10_proser_fedavg__split04__seed0__d5,tinyimagenet,d5,5,5,reservoir,0.3,H,0,0.0,0.0,,,,,,,8334d6407a9435badbc88027c4c02b5252ae4e9a83fff4a5c9b50a167a7908de,empirical-risk
tinyimagenet_wrn28_10_proser_fedavg__split04__seed0__d5,tinyimagenet,d5,5,5,reservoir,0.3,S,0,0.0,0.0,,,,,,,8334d6407a9435badbc88027c4c02b5252ae4e9a83fff4a5c9b50a167a7908de,empirical-risk
tinyimagenet_wrn28_10_proser_fedavg__split04__seed0__d5,tinyimagenet,d5,5,5,reservoir,0.3,B,0,0.0,0.0,,,,,,,8334d6407a9435badbc88027c4c02b5252ae4e9a83fff4a5c9b50a167a7908de,empirical-risk
tinyimagenet_wrn28_10_proser_fedavg__split04__seed1__d5,tinyimagenet,d5,5,5,reservoir,0.05,H,0,0.0,0.0,,,,,,,7fe837c3104f24e2d7ba459813653ab8b52e3e118df4c3d4be72322708bfef55,count
tinyimagenet_wrn28_10_proser_fedavg__split04__seed1__d5,tinyimagenet,d5,5,5,reservoir,0.05,S,0,0.0,0.0,,,,,,,7fe837c3104f24e2d7ba459813653ab8b52e3e118df4c3d4be72322708bfef55,count
tinyimagenet_wrn28_10_proser_fedavg__split04__seed1__d5,tinyimagenet,d5,5,5,reservoir,0.05,B,0,0.0,0.0,,,,,,,7fe837c3104f24e2d7ba459813653ab8b52e3e118df4c3d4be72322708bfef55,count
tinyimagenet_wrn28_10_proser_fedavg__split04__seed1__d5,tinyimagenet,d5,5,5,reservoir,0.1,H,0,0.0,0.0,,,,,,,ca126d57ca85052bdfe8e0cffd6c72c2495cec72d8a476d73d4e35df7ed4f844,count
tinyimagenet_wrn28_10_proser_fedavg__split04__seed1__d5,tinyimagenet,d5,5,5,reservoir,0.1,S,0,0.0,0.0,,,,,,,ca126d57ca85052bdfe8e0cffd6c72c2495cec72d8a476d73d4e35df7ed4f844,count
tinyimagenet_wrn28_10_proser_fedavg__split04__seed1__d5,tinyimagenet,d5,5,5,reservoir,0.1,B,0,0.0,0.0,,,,,,,ca126d57ca85052bdfe8e0cffd6c72c2495cec72d8a476d73d4e35df7ed4f844,count
tinyimagenet_wrn28_10_proser_fedavg__split04__seed1__d5,tinyimagenet,d5,5,5,reservoir,0.15,H,0,0.0,0.0,,,,,,,dfc8e4fc48d824ede504deb5f3edf4cafdad0b61569909b4d192435f8e39595a,count
tinyimagenet_wrn28_10_proser_fedavg__split04__seed1__d5,tinyimagenet,d5,5,5,reservoir,0.15,S,0,0.0,0.0,,,,,,,dfc8e4fc48d824ede504deb5f3edf4cafdad0b61569909b4d192435f8e39595a,count
tinyimagenet_wrn28_10_proser_fedavg__split04__seed1__d5,tinyimagenet,d5,5,5,reservoir,0.15,B,0,0.0,0.0,,,,,,,dfc8e4fc48d824ede504deb5f3edf4cafdad0b61569909b4d192435f8e39595a,count
tinyimagenet_wrn28_10_proser_fedavg__split04__seed1__d5,tinyimagenet,d5,5,5,reservoir,0.2,H,0,0.0,0.0,,,,,,,2b881002f3d6d963131dc9373a72b5b08f20aa478f5dc0393ee749533fee3fbf,count
tinyimagenet_wrn28_10_proser_fedavg__split04__seed1__d5,tinyimagenet,d5,5,5,reservoir,0.2,S,0,0.0,0.0,,,,,,,2b881002f3d6d963131dc9373a72b5b08f20aa478f5dc0393ee749533fee3fbf,count
tinyimagenet_wrn28_10_proser_fedavg__split04__seed1__d5,tinyimagenet,d5,5,5,reservoir,0.2,B,0,0.0,0.0,,,,,,,2b881002f3d6d963131dc9373a72b5b08f20aa478f5dc0393ee749533fee3fbf,count
tinyimagenet_wrn28_10_proser_fedavg__split04__seed1__d5,tinyimagenet,d5,5,5,reservoir,0.25,H,0,0.0,0.0,,,,,,,0cca2aea2696d08346d5fb3159454b02760a29b5b5a98b162f607a253a4d7dee,empirical-risk
tinyimagenet_wrn28_10_proser_fedavg__split04__seed1__d5,tinyimagenet,d5,5,5,reservoir,0.25,S,0,0.0,0.0,,,,,,,0cca2aea2696d08346d5fb3159454b02760a29b5b5a98b162f607a253a4d7dee,empirical-risk
tinyimagenet_wrn28_10_proser_fedavg__split04__seed1__d5,tinyimagenet,d5,5,5,reservoir,0.25,B,0,0.0,0.0,,,,,,,0cca2aea2696d08346d5fb3159454b02760a29b5b5a98b162f607a253a4d7dee,count
tinyimagenet_wrn28_10_proser_fedavg__split04__seed1__d5,tinyimagenet,d5,5,5,reservoir,0.3,H,0,0.0,0.0,,,,,,,a95f7655ba1bc0bc9cddfa87e053896d53326beccb691ce7207d29e482ae8c1c,empirical-risk
tinyimagenet_wrn28_10_proser_fedavg__split04__seed1__d5,tinyimagenet,d5,5,5,reservoir,0.3,S,0,0.0,0.0,,,,,,,a95f7655ba1bc0bc9cddfa87e053896d53326beccb691ce7207d29e482ae8c1c,empirical-risk
tinyimagenet_wrn28_10_proser_fedavg__split04__seed1__d5,tinyimagenet,d5,5,5,reservoir,0.3,B,0,0.0,0.0,,,,,,,a95f7655ba1bc0bc9cddfa87e053896d53326beccb691ce7207d29e482ae8c1c,empirical-risk
tinyimagenet_wrn28_10_proser_fedavg__split04__seed2__d5,tinyimagenet,d5,5,5,reservoir,0.05,H,0,0.0,0.0,,,,,,,c7ea8328388378fae856b37e8ddb4be438a43b971d1325516dd4ba79078d01ec,count
tinyimagenet_wrn28_10_proser_fedavg__split04__seed2__d5,tinyimagenet,d5,5,5,reservoir,0.05,S,0,0.0,0.0,,,,,,,c7ea8328388378fae856b37e8ddb4be438a43b971d1325516dd4ba79078d01ec,count
tinyimagenet_wrn28_10_proser_fedavg__split04__seed2__d5,tinyimagenet,d5,5,5,reservoir,0.05,B,0,0.0,0.0,,,,,,,c7ea8328388378fae856b37e8ddb4be438a43b971d1325516dd4ba79078d01ec,count
tinyimagenet_wrn28_10_proser_fedavg__split04__seed2__d5,tinyimagenet,d5,5,5,reservoir,0.1,H,0,0.0,0.0,,,,,,,0bb591a6362fbff10b59a942f353c5df2d4815364cfa8ad2593e8640e606899c,count
tinyimagenet_wrn28_10_proser_fedavg__split04__seed2__d5,tinyimagenet,d5,5,5,reservoir,0.1,S,0,0.0,0.0,,,,,,,0bb591a6362fbff10b59a942f353c5df2d4815364cfa8ad2593e8640e606899c,count
tinyimagenet_wrn28_10_proser_fedavg__split04__seed2__d5,tinyimagenet,d5,5,5,reservoir,0.1,B,0,0.0,0.0,,,,,,,0bb591a6362fbff10b59a942f353c5df2d4815364cfa8ad2593e8640e606899c,count
tinyimagenet_wrn28_10_proser_fedavg__split04__seed2__d5,tinyimagenet,d5,5,5,reservoir,0.15,H,0,0.0,0.0,,,,,,,bddea196f4129ca8e4087d1a0569c9f240ef68a9714273449db48010aa5a1e2e,count
tinyimagenet_wrn28_10_proser_fedavg__split04__seed2__d5,tinyimagenet,d5,5,5,reservoir,0.15,S,0,0.0,0.0,,,,,,,bddea196f4129ca8e4087d1a0569c9f240ef68a9714273449db48010aa5a1e2e,count
tinyimagenet_wrn28_10_proser_fedavg__split04__seed2__d5,tinyimagenet,d5,5,5,reservoir,0.15,B,0,0.0,0.0,,,,,,,bddea196f4129ca8e4087d1a0569c9f240ef68a9714273449db48010aa5a1e2e,count
tinyimagenet_wrn28_10_proser_fedavg__split04__seed2__d5,tinyimagenet,d5,5,5,reservoir,0.2,H,0,0.0,0.0,,,,,,,cbb760744168949b30e7cd3189d4342c43121fc7f62243ce6d2084dbe7307b87,empirical-risk
tinyimagenet_wrn28_10_proser_fedavg__split04__seed2__d5,tinyimagenet,d5,5,5,reservoir,0.2,S,0,0.0,0.0,,,,,,,cbb760744168949b30e7cd3189d4342c43121fc7f62243ce6d2084dbe7307b87,empirical-risk
tinyimagenet_wrn28_10_proser_fedavg__split04__seed2__d5,tinyimagenet,d5,5,5,reservoir,0.2,B,0,0.0,0.0,,,,,,,cbb760744168949b30e7cd3189d4342c43121fc7f62243ce6d2084dbe7307b87,count
tinyimagenet_wrn28_10_proser_fedavg__split04__seed2__d5,tinyimagenet,d5,5,5,reservoir,0.25,H,0,0.0,0.0,,,,,,,8e6f3899c1c0902cc6ec682dff2dfa0ceeb6efa441da48df3269d602539340c6,empirical-risk
tinyimagenet_wrn28_10_proser_fedavg__split04__seed2__d5,tinyimagenet,d5,5,5,reservoir,0.25,S,0,0.0,0.0,,,,,,,8e6f3899c1c0902cc6ec682dff2dfa0ceeb6efa441da48df3269d602539340c6,empirical-risk
tinyimagenet_wrn28_10_proser_fedavg__split04__seed2__d5,tinyimagenet,d5,5,5,reservoir,0.25,B,0,0.0,0.0,,,,,,,8e6f3899c1c0902cc6ec682dff2dfa0ceeb6efa441da48df3269d602539340c6,empirical-risk
tinyimagenet_wrn28_10_proser_fedavg__split04__seed2__d5,tinyimagenet,d5,5,5,reservoir,0.3,H,0,0.0,0.0,,,,,,,f960cbb42d321cdcc9dff8036f3eafa573bd8840b90ffd6396f353895c51944a,width
tinyimagenet_wrn28_10_proser_fedavg__split04__seed2__d5,tinyimagenet,d5,5,5,reservoir,0.3,S,0,0.0,0.0,,,,,,,f960cbb42d321cdcc9dff8036f3eafa573bd8840b90ffd6396f353895c51944a,width
tinyimagenet_wrn28_10_proser_fedavg__split04__seed2__d5,tinyimagenet,d5,5,5,reservoir,0.3,B,0,0.0,0.0,,,,,,,f960cbb42d321cdcc9dff8036f3eafa573bd8840b90ffd6396f353895c51944a,empirical-risk
tinyimagenet_wrn28_10_proser_fedavg__split04__seed3__d5,tinyimagenet,d5,5,5,reservoir,0.05,H,0,0.0,0.0,,,,,,,fb5b4aa59f10e757515027c099873e85158309788884006e8121fd0dcd2afdaa,count
tinyimagenet_wrn28_10_proser_fedavg__split04__seed3__d5,tinyimagenet,d5,5,5,reservoir,0.05,S,0,0.0,0.0,,,,,,,fb5b4aa59f10e757515027c099873e85158309788884006e8121fd0dcd2afdaa,count
tinyimagenet_wrn28_10_proser_fedavg__split04__seed3__d5,tinyimagenet,d5,5,5,reservoir,0.05,B,0,0.0,0.0,,,,,,,fb5b4aa59f10e757515027c099873e85158309788884006e8121fd0dcd2afdaa,count
tinyimagenet_wrn28_10_proser_fedavg__split04__seed3__d5,tinyimagenet,d5,5,5,reservoir,0.1,H,0,0.0,0.0,,,,,,,65d712e8c9fe946cab9d68f9903b19ed43fbbf8e1bad2e425c117ac3f32c8f16,count
tinyimagenet_wrn28_10_proser_fedavg__split04__seed3__d5,tinyimagenet,d5,5,5,reservoir,0.1,S,0,0.0,0.0,,,,,,,65d712e8c9fe946cab9d68f9903b19ed43fbbf8e1bad2e425c117ac3f32c8f16,count
tinyimagenet_wrn28_10_proser_fedavg__split04__seed3__d5,tinyimagenet,d5,5,5,reservoir,0.1,B,0,0.0,0.0,,,,,,,65d712e8c9fe946cab9d68f9903b19ed43fbbf8e1bad2e425c117ac3f32c8f16,count
tinyimagenet_wrn28_10_proser_fedavg__split04__seed3__d5,tinyimagenet,d5,5,5,reservoir,0.15,H,0,0.0,0.0,,,,,,,b6063c27296b84c1c5d3b7fefa7984e0751a5f74e248e05254c86b56e04d0982,count
tinyimagenet_wrn28_10_proser_fedavg__split04__seed3__d5,tinyimagenet,d5,5,5,reservoir,0.15,S,0,0.0,0.0,,,,,,,b6063c27296b84c1c5d3b7fefa7984e0751a5f74e248e05254c86b56e04d0982,count
tinyimagenet_wrn28_10_proser_fedavg__split04__seed3__d5,tinyimagenet,d5,5,5,reservoir,0.15,B,0,0.0,0.0,,,,,,,b6063c27296b84c1c5d3b7fefa7984e0751a5f74e248e05254c86b56e04d0982,count
tinyimagenet_wrn28_10_proser_fedavg__split04__seed3__d5,tinyimagenet,d5,5,5,reservoir,0.2,H,0,0.0,0.0,,,,,,,b52b1189564ef775ccc28f3769bf1ca9d870e3f0901d3e1404b0e8dcb310a8d0,count
tinyimagenet_wrn28_10_proser_fedavg__split04__seed3__d5,tinyimagenet,d5,5,5,reservoir,0.2,S,0,0.0,0.0,,,,,,,b52b1189564ef775ccc28f3769bf1ca9d870e3f0901d3e1404b0e8dcb310a8d0,count
tinyimagenet_wrn28_10_proser_fedavg__split04__seed3__d5,tinyimagenet,d5,5,5,reservoir,0.2,B,0,0.0,0.0,,,,,,,b52b1189564ef775ccc28f3769bf1ca9d870e3f0901d3e1404b0e8dcb310a8d0,count
tinyimagenet_wrn28_10_proser_fedavg__split04__seed3__d5,tinyimagenet,d5,5,5,reservoir,0.25,H,0,0.0,0.0,,,,,,,14d27026b22603b682570dbabc86f4fbe066fdcece773b4ebafd8cc7fede644c,count
tinyimagenet_wrn28_10_proser_fedavg__split04__seed3__d5,tinyimagenet,d5,5,5,reservoir,0.25,S,0,0.0,0.0,,,,,,,14d27026b22603b682570dbabc86f4fbe066fdcece773b4ebafd8cc7fede644c,count
tinyimagenet_wrn28_10_proser_fedavg__split04__seed3__d5,tinyimagenet,d5,5,5,reservoir,0.25,B,0,0.0,0.0,,,,,,,14d27026b22603b682570dbabc86f4fbe066fdcece773b4ebafd8cc7fede644c,count
tinyimagenet_wrn28_10_proser_fedavg__split04__seed3__d5,tinyimagenet,d5,5,5,reservoir,0.3,H,0,0.0,0.0,,,,,,,9882c7249e44cfa2d6b7d931afb47153db5f739b30ce4e7016f84447aa7f8ef2,empirical-risk
tinyimagenet_wrn28_10_proser_fedavg__split04__seed3__d5,tinyimagenet,d5,5,5,reservoir,0.3,S,0,0.0,0.0,,,,,,,9882c7249e44cfa2d6b7d931afb47153db5f739b30ce4e7016f84447aa7f8ef2,empirical-risk
tinyimagenet_wrn28_10_proser_fedavg__split04__seed3__d5,tinyimagenet,d5,5,5,reservoir,0.3,B,0,0.0,0.0,,,,,,,9882c7249e44cfa2d6b7d931afb47153db5f739b30ce4e7016f84447aa7f8ef2,empirical-risk
tinyimagenet_wrn28_10_proser_fedavg__split04__seed4__d5,tinyimagenet,d5,5,5,reservoir,0.05,H,0,0.0,0.0,,,,,,,2c7dfcc1a3ba4d8648d7d59090352799797568f1eef87be021394495d127e1b4,count
tinyimagenet_wrn28_10_proser_fedavg__split04__seed4__d5,tinyimagenet,d5,5,5,reservoir,0.05,S,0,0.0,0.0,,,,,,,2c7dfcc1a3ba4d8648d7d59090352799797568f1eef87be021394495d127e1b4,count
tinyimagenet_wrn28_10_proser_fedavg__split04__seed4__d5,tinyimagenet,d5,5,5,reservoir,0.05,B,0,0.0,0.0,,,,,,,2c7dfcc1a3ba4d8648d7d59090352799797568f1eef87be021394495d127e1b4,count
tinyimagenet_wrn28_10_proser_fedavg__split04__seed4__d5,tinyimagenet,d5,5,5,reservoir,0.1,H,0,0.0,0.0,,,,,,,586646e581094b7c3bf5075f7ba939d6841e572d69b7b3337a4949852079533b,count
tinyimagenet_wrn28_10_proser_fedavg__split04__seed4__d5,tinyimagenet,d5,5,5,reservoir,0.1,S,0,0.0,0.0,,,,,,,586646e581094b7c3bf5075f7ba939d6841e572d69b7b3337a4949852079533b,count
tinyimagenet_wrn28_10_proser_fedavg__split04__seed4__d5,tinyimagenet,d5,5,5,reservoir,0.1,B,0,0.0,0.0,,,,,,,586646e581094b7c3bf5075f7ba939d6841e572d69b7b3337a4949852079533b,count
tinyimagenet_wrn28_10_proser_fedavg__split04__seed4__d5,tinyimagenet,d5,5,5,reservoir,0.15,H,0,0.0,0.0,,,,,,,00bc93bee256e6961dc7ac306ade60433c75bdebc3be2515c5b8bc21a70144cf,count
tinyimagenet_wrn28_10_proser_fedavg__split04__seed4__d5,tinyimagenet,d5,5,5,reservoir,0.15,S,0,0.0,0.0,,,,,,,00bc93bee256e6961dc7ac306ade60433c75bdebc3be2515c5b8bc21a70144cf,count
tinyimagenet_wrn28_10_proser_fedavg__split04__seed4__d5,tinyimagenet,d5,5,5,reservoir,0.15,B,0,0.0,0.0,,,,,,,00bc93bee256e6961dc7ac306ade60433c75bdebc3be2515c5b8bc21a70144cf,count
tinyimagenet_wrn28_10_proser_fedavg__split04__seed4__d5,tinyimagenet,d5,5,5,reservoir,0.2,H,0,0.0,0.0,,,,,,,dbb17a6e858f49963337f13ab9ecd1808740658f8a8f2e36cb5376b364acf16d,count
tinyimagenet_wrn28_10_proser_fedavg__split04__seed4__d5,tinyimagenet,d5,5,5,reservoir,0.2,S,0,0.0,0.0,,,,,,,dbb17a6e858f49963337f13ab9ecd1808740658f8a8f2e36cb5376b364acf16d,count
tinyimagenet_wrn28_10_proser_fedavg__split04__seed4__d5,tinyimagenet,d5,5,5,reservoir,0.2,B,0,0.0,0.0,,,,,,,dbb17a6e858f49963337f13ab9ecd1808740658f8a8f2e36cb5376b364acf16d,count
tinyimagenet_wrn28_10_proser_fedavg__split04__seed4__d5,tinyimagenet,d5,5,5,reservoir,0.25,H,0,0.0,0.0,,,,,,,fbc2532f9e186e544882e1967bfd001dbca03639c3765b8d0ada1c83a9a56790,empirical-risk
tinyimagenet_wrn28_10_proser_fedavg__split04__seed4__d5,tinyimagenet,d5,5,5,reservoir,0.25,S,0,0.0,0.0,,,,,,,fbc2532f9e186e544882e1967bfd001dbca03639c3765b8d0ada1c83a9a56790,empirical-risk
tinyimagenet_wrn28_10_proser_fedavg__split04__seed4__d5,tinyimagenet,d5,5,5,reservoir,0.25,B,0,0.0,0.0,,,,,,,fbc2532f9e186e544882e1967bfd001dbca03639c3765b8d0ada1c83a9a56790,empirical-risk
tinyimagenet_wrn28_10_proser_fedavg__split04__seed4__d5,tinyimagenet,d5,5,5,reservoir,0.3,H,0,0.0,0.0,,,,,,,cead52ebbfa6c3b0705438da7cc7ee14b521f32b254f08e2ee201933b3aeda2f,width
tinyimagenet_wrn28_10_proser_fedavg__split04__seed4__d5,tinyimagenet,d5,5,5,reservoir,0.3,S,0,0.0,0.0,,,,,,,cead52ebbfa6c3b0705438da7cc7ee14b521f32b254f08e2ee201933b3aeda2f,width
tinyimagenet_wrn28_10_proser_fedavg__split04__seed4__d5,tinyimagenet,d5,5,5,reservoir,0.3,B,0,0.0,0.0,,,,,,,cead52ebbfa6c3b0705438da7cc7ee14b521f32b254f08e2ee201933b3aeda2f,empirical-risk
