cohort,model,comparator,budget,protection_t,joint_eca_percent,comparator_eca_percent,delta_pp
Legacy exports,fedoss_cifar10_d5_seed0,bottleneck,1024,1.0,17.315175097276263,17.315175097276263,0.0
Legacy exports,fedoss_cifar10_d5_seed1,bottleneck,1024,1.0,29.57198443579766,21.57587548638132,7.996108949416339
Legacy exports,fedoss_cifar10_d5_seed2,bottleneck,1024,1.0,0.0,0.0,0.0
Legacy exports,fedpd_cifar10_d5_seed0,bottleneck,1024,1.0,46.14785992217899,38.69649805447471,7.4513618677042786
Legacy exports,fedpd_cifar10_d5_seed1,bottleneck,1024,1.0,49.824902723735406,13.560311284046694,36.264591439688715
Legacy exports,fedpd_cifar10_d5_seed2,bottleneck,1024,1.0,29.182879377431902,1.3424124513618676,27.840466926070036
Legacy exports,foogd_cifar10_d5_seed0,bottleneck,1024,1.0,30.933852140077818,31.809338521400775,-0.8754863813229576
Legacy exports,foogd_cifar10_d5_seed1,bottleneck,1024,1.0,37.93774319066148,21.011673151750973,16.926070038910506
Legacy exports,foogd_cifar10_d5_seed2,bottleneck,1024,1.0,29.76653696498054,18.540856031128406,11.225680933852132
Legacy exports,fedoss_cifar10_d5_seed0,matched_single,1024,1.0,17.315175097276263,17.315175097276263,0.0
Legacy exports,fedoss_cifar10_d5_seed1,matched_single,1024,1.0,29.57198443579766,29.10505836575875,0.46692607003890885
Legacy exports,fedoss_cifar10_d5_seed2,matched_single,1024,1.0,0.0,0.0,0.0
Legacy exports,fedpd_cifar10_d5_seed0,matched_single,1024,1.0,46.14785992217899,45.719844357976655,0.4280155642023331
Legacy exports,fedpd_cifar10_d5_seed1,matched_single,1024,1.0,49.824902723735406,48.38521400778211,1.4396887159532952
Legacy exports,fedpd_cifar10_d5_seed2,matched_single,1024,1.0,29.182879377431902,23.30739299610895,5.875486381322954
Legacy exports,foogd_cifar10_d5_seed0,matched_single,1024,1.0,30.933852140077818,30.933852140077818,0.0
Legacy exports,foogd_cifar10_d5_seed1,matched_single,1024,1.0,37.93774319066148,37.35408560311284,0.5836575875486361
Legacy exports,foogd_cifar10_d5_seed2,matched_single,1024,1.0,29.76653696498054,29.76653696498054,0.0
Legacy exports,fedoss_cifar10_d5_seed0,deficit_greedy,1024,1.0,17.315175097276263,17.315175097276263,0.0
Legacy exports,fedoss_cifar10_d5_seed1,deficit_greedy,1024,1.0,29.57198443579766,29.57198443579766,0.0
Legacy exports,fedoss_cifar10_d5_seed2,deficit_greedy,1024,1.0,0.0,0.0,0.0
Legacy exports,fedpd_cifar10_d5_seed0,deficit_greedy,1024,1.0,46.14785992217899,44.64980544747082,1.4980544747081694
Legacy exports,fedpd_cifar10_d5_seed1,deficit_greedy,1024,1.0,49.824902723735406,49.88326848249027,-0.05836575875486716
Legacy exports,fedpd_cifar10_d5_seed2,deficit_greedy,1024,1.0,29.182879377431902,29.182879377431902,0.0
Legacy exports,foogd_cifar10_d5_seed0,deficit_greedy,1024,1.0,30.933852140077818,30.933852140077818,0.0
Legacy exports,foogd_cifar10_d5_seed1,deficit_greedy,1024,1.0,37.93774319066148,35.73929961089494,2.19844357976654
Legacy exports,foogd_cifar10_d5_seed2,deficit_greedy,1024,1.0,29.76653696498054,28.73540856031128,1.031128404669257
New images,cifar10_proser_fedavg__split00__seed0__d5.0,bottleneck,512,0.5,6.075,2.43,3.645
New images,cifar10_proser_fedavg__split00__seed1__d5.0,bottleneck,512,0.5,15.100000000000001,0.0,15.100000000000001
New images,cifar10_proser_fedavg__split00__seed2__d5.0,bottleneck,512,0.5,3.499999999999999,2.8,0.6999999999999993
New images,cifar10_proser_fedavg__split00__seed0__d5.0,matched_single,512,0.5,6.075,6.075,0.0
New images,cifar10_proser_fedavg__split00__seed1__d5.0,matched_single,512,0.5,15.100000000000001,15.100000000000001,0.0
New images,cifar10_proser_fedavg__split00__seed2__d5.0,matched_single,512,0.5,3.499999999999999,3.499999999999999,0.0
New images,cifar10_proser_fedavg__split00__seed0__d5.0,deficit_greedy,512,0.5,6.075,6.075,0.0
New images,cifar10_proser_fedavg__split00__seed1__d5.0,deficit_greedy,512,0.5,15.100000000000001,15.100000000000001,0.0
New images,cifar10_proser_fedavg__split00__seed2__d5.0,deficit_greedy,512,0.5,3.499999999999999,3.499999999999999,0.0
