semantic_id,client,seed
cifar100_proser_fedavg__split00__seed0__d0.1,0,3560745687
cifar100_proser_fedavg__split00__seed0__d0.1,1,1931313361
cifar100_proser_fedavg__split00__seed0__d0.1,2,25447122
cifar100_proser_fedavg__split00__seed0__d0.1,3,2146085250
cifar100_proser_fedavg__split00__seed0__d0.1,4,3363838332
cifar100_proser_fedavg__split00__seed0__d0.5,0,216696279
cifar100_proser_fedavg__split00__seed0__d0.5,1,1780887004
cifar100_proser_fedavg__split00__seed0__d0.5,2,3167809328
cifar100_proser_fedavg__split00__seed0__d0.5,3,4059320193
cifar100_proser_fedavg__split00__seed0__d0.5,4,1108622854
cifar100_proser_fedavg__split00__seed0__d5.0,0,4054442425
cifar100_proser_fedavg__split00__seed0__d5.0,1,3974105726
cifar100_proser_fedavg__split00__seed0__d5.0,2,775691221
cifar100_proser_fedavg__split00__seed0__d5.0,3,3384272559
cifar100_proser_fedavg__split00__seed0__d5.0,4,1645687212
cifar100_proser_fedavg__split00__seed1__d0.1,0,973169832
cifar100_proser_fedavg__split00__seed1__d0.1,1,1577236043
cifar100_proser_fedavg__split00__seed1__d0.1,2,1115035400
cifar100_proser_fedavg__split00__seed1__d0.1,3,2119958119
cifar100_proser_fedavg__split00__seed1__d0.1,4,213460383
cifar100_proser_fedavg__split00__seed1__d0.5,0,3178983850
cifar100_proser_fedavg__split00__seed1__d0.5,1,3555312054
cifar100_proser_fedavg__split00__seed1__d0.5,2,2840077403
cifar100_proser_fedavg__split00__seed1__d0.5,3,1826087812
cifar100_proser_fedavg__split00__seed1__d0.5,4,1294519903
cifar100_proser_fedavg__split00__seed1__d5.0,0,4042964068
cifar100_proser_fedavg__split00__seed1__d5.0,1,4167252680
cifar100_proser_fedavg__split00__seed1__d5.0,2,4173275149
cifar100_proser_fedavg__split00__seed1__d5.0,3,1830140152
cifar100_proser_fedavg__split00__seed1__d5.0,4,1411587989
cifar100_proser_fedavg__split00__seed2__d0.1,0,982951791
cifar100_proser_fedavg__split00__seed2__d0.1,1,4190082310
cifar100_proser_fedavg__split00__seed2__d0.1,2,1267642931
cifar100_proser_fedavg__split00__seed2__d0.1,3,1529991855
cifar100_proser_fedavg__split00__seed2__d0.1,4,3096818670
cifar100_proser_fedavg__split00__seed2__d0.5,0,3041624030
cifar100_proser_fedavg__split00__seed2__d0.5,1,3080600661
cifar100_proser_fedavg__split00__seed2__d0.5,2,128144904
cifar100_proser_fedavg__split00__seed2__d0.5,3,248515492
cifar100_proser_fedavg__split00__seed2__d0.5,4,652769387
cifar100_proser_fedavg__split00__seed2__d5.0,0,3807762679
cifar100_proser_fedavg__split00__seed2__d5.0,1,3240747060
cifar100_proser_fedavg__split00__seed2__d5.0,2,857908600
cifar100_proser_fedavg__split00__seed2__d5.0,3,2558279811
cifar100_proser_fedavg__split00__seed2__d5.0,4,223604665
cifar100_proser_fedavg__split00__seed3__d0.1,0,3832418548
cifar100_proser_fedavg__split00__seed3__d0.1,1,2396056143
cifar100_proser_fedavg__split00__seed3__d0.1,2,1411815839
cifar100_proser_fedavg__split00__seed3__d0.1,3,3727283436
cifar100_proser_fedavg__split00__seed3__d0.1,4,4008330868
cifar100_proser_fedavg__split00__seed3__d0.5,0,33697206
cifar100_proser_fedavg__split00__seed3__d0.5,1,3192685591
cifar100_proser_fedavg__split00__seed3__d0.5,2,3708230719
cifar100_proser_fedavg__split00__seed3__d0.5,3,73044869
cifar100_proser_fedavg__split00__seed3__d0.5,4,2674217183
cifar100_proser_fedavg__split00__seed3__d5.0,0,3769800297
cifar100_proser_fedavg__split00__seed3__d5.0,1,2083243117
cifar100_proser_fedavg__split00__seed3__d5.0,2,556525470
cifar100_proser_fedavg__split00__seed3__d5.0,3,2836965293
cifar100_proser_fedavg__split00__seed3__d5.0,4,2050293338
cifar100_proser_fedavg__split00__seed4__d0.1,0,3574570620
cifar100_proser_fedavg__split00__seed4__d0.1,1,2629690029
cifar100_proser_fedavg__split00__seed4__d0.1,2,4283403631
cifar100_proser_fedavg__split00__seed4__d0.1,3,1723796230
cifar100_proser_fedavg__split00__seed4__d0.1,4,2804774608
cifar100_proser_fedavg__split00__seed4__d0.5,0,3116035681
cifar100_proser_fedavg__split00__seed4__d0.5,1,3260077784
cifar100_proser_fedavg__split00__seed4__d0.5,2,3950608633
cifar100_proser_fedavg__split00__seed4__d0.5,3,656693227
cifar100_proser_fedavg__split00__seed4__d0.5,4,3504806130
cifar100_proser_fedavg__split00__seed4__d5.0,0,1215756328
cifar100_proser_fedavg__split00__seed4__d5.0,1,2982348510
cifar100_proser_fedavg__split00__seed4__d5.0,2,1624794868
cifar100_proser_fedavg__split00__seed4__d5.0,3,1708899671
cifar100_proser_fedavg__split00__seed4__d5.0,4,494617948
cifar100_proser_fedavg__split01__seed0__d0.1,0,2512337788
cifar100_proser_fedavg__split01__seed0__d0.1,1,2974067368
cifar100_proser_fedavg__split01__seed0__d0.1,2,1866649856
cifar100_proser_fedavg__split01__seed0__d0.1,3,1477381904
cifar100_proser_fedavg__split01__seed0__d0.1,4,3605053174
cifar100_proser_fedavg__split01__seed0__d0.5,0,1881295388
cifar100_proser_fedavg__split01__seed0__d0.5,1,3427133957
cifar100_proser_fedavg__split01__seed0__d0.5,2,1333636493
cifar100_proser_fedavg__split01__seed0__d0.5,3,721288375
cifar100_proser_fedavg__split01__seed0__d0.5,4,826774981
cifar100_proser_fedavg__split01__seed0__d5.0,0,1814201448
cifar100_proser_fedavg__split01__seed0__d5.0,1,4108604015
cifar100_proser_fedavg__split01__seed0__d5.0,2,1528988230
cifar100_proser_fedavg__split01__seed0__d5.0,3,2978530902
cifar100_proser_fedavg__split01__seed0__d5.0,4,2733263051
cifar100_proser_fedavg__split01__seed1__d0.1,0,3529907036
cifar100_proser_fedavg__split01__seed1__d0.1,1,2559542619
cifar100_proser_fedavg__split01__seed1__d0.1,2,3959936971
cifar100_proser_fedavg__split01__seed1__d0.1,3,3703935972
cifar100_proser_fedavg__split01__seed1__d0.1,4,1884312775
cifar100_proser_fedavg__split01__seed1__d0.5,0,2785083463
cifar100_proser_fedavg__split01__seed1__d0.5,1,1137718336
cifar100_proser_fedavg__split01__seed1__d0.5,2,473901667
cifar100_proser_fedavg__split01__seed1__d0.5,3,1642978526
cifar100_proser_fedavg__split01__seed1__d0.5,4,466925198
cifar100_proser_fedavg__split01__seed1__d5.0,0,53447630
cifar100_proser_fedavg__split01__seed1__d5.0,1,3076888762
cifar100_proser_fedavg__split01__seed1__d5.0,2,3252438031
cifar100_proser_fedavg__split01__seed1__d5.0,3,395276437
cifar100_proser_fedavg__split01__seed1__d5.0,4,2208610016
cifar100_proser_fedavg__split01__seed2__d0.1,0,741519621
cifar100_proser_fedavg__split01__seed2__d0.1,1,3551033943
cifar100_proser_fedavg__split01__seed2__d0.1,2,554469351
cifar100_proser_fedavg__split01__seed2__d0.1,3,2779651911
cifar100_proser_fedavg__split01__seed2__d0.1,4,2338543508
cifar100_proser_fedavg__split01__seed2__d0.5,0,2838071953
cifar100_proser_fedavg__split01__seed2__d0.5,1,1033041926
cifar100_proser_fedavg__split01__seed2__d0.5,2,3172178439
cifar100_proser_fedavg__split01__seed2__d0.5,3,4263936518
cifar100_proser_fedavg__split01__seed2__d0.5,4,127390438
cifar100_proser_fedavg__split01__seed2__d5.0,0,417703633
cifar100_proser_fedavg__split01__seed2__d5.0,1,1484425168
cifar100_proser_fedavg__split01__seed2__d5.0,2,2473295812
cifar100_proser_fedavg__split01__seed2__d5.0,3,22947824
cifar100_proser_fedavg__split01__seed2__d5.0,4,1265361588
cifar100_proser_fedavg__split01__seed3__d0.1,0,1626879965
cifar100_proser_fedavg__split01__seed3__d0.1,1,4041357342
cifar100_proser_fedavg__split01__seed3__d0.1,2,2147790460
cifar100_proser_fedavg__split01__seed3__d0.1,3,855062968
cifar100_proser_fedavg__split01__seed3__d0.1,4,2470778807
cifar100_proser_fedavg__split01__seed3__d0.5,0,1441722250
cifar100_proser_fedavg__split01__seed3__d0.5,1,3434686303
cifar100_proser_fedavg__split01__seed3__d0.5,2,4063773253
cifar100_proser_fedavg__split01__seed3__d0.5,3,311332138
cifar100_proser_fedavg__split01__seed3__d0.5,4,66733554
cifar100_proser_fedavg__split01__seed3__d5.0,0,1142028686
cifar100_proser_fedavg__split01__seed3__d5.0,1,2840938080
cifar100_proser_fedavg__split01__seed3__d5.0,2,2082268273
cifar100_proser_fedavg__split01__seed3__d5.0,3,2381478739
cifar100_proser_fedavg__split01__seed3__d5.0,4,789977025
cifar100_proser_fedavg__split01__seed4__d0.1,0,3727141755
cifar100_proser_fedavg__split01__seed4__d0.1,1,3977087587
cifar100_proser_fedavg__split01__seed4__d0.1,2,770412653
cifar100_proser_fedavg__split01__seed4__d0.1,3,1280115858
cifar100_proser_fedavg__split01__seed4__d0.1,4,735675721
cifar100_proser_fedavg__split01__seed4__d0.5,0,1450651791
cifar100_proser_fedavg__split01__seed4__d0.5,1,1835229022
cifar100_proser_fedavg__split01__seed4__d0.5,2,3679204780
cifar100_proser_fedavg__split01__seed4__d0.5,3,667028119
cifar100_proser_fedavg__split01__seed4__d0.5,4,765815614
cifar100_proser_fedavg__split01__seed4__d5.0,0,3960120017
cifar100_proser_fedavg__split01__seed4__d5.0,1,3038211545
cifar100_proser_fedavg__split01__seed4__d5.0,2,25165471
cifar100_proser_fedavg__split01__seed4__d5.0,3,4180991291
cifar100_proser_fedavg__split01__seed4__d5.0,4,443985333
cifar100_proser_fedavg__split02__seed0__d0.1,0,28518621
cifar100_proser_fedavg__split02__seed0__d0.1,1,20033795
cifar100_proser_fedavg__split02__seed0__d0.1,2,3031671814
cifar100_proser_fedavg__split02__seed0__d0.1,3,4090311989
cifar100_proser_fedavg__split02__seed0__d0.1,4,1333898906
cifar100_proser_fedavg__split02__seed0__d0.5,0,4105939763
cifar100_proser_fedavg__split02__seed0__d0.5,1,3419911574
cifar100_proser_fedavg__split02__seed0__d0.5,2,1153265677
cifar100_proser_fedavg__split02__seed0__d0.5,3,201690487
cifar100_proser_fedavg__split02__seed0__d0.5,4,2537369252
cifar100_proser_fedavg__split02__seed0__d5.0,0,1970234401
cifar100_proser_fedavg__split02__seed0__d5.0,1,2859956535
cifar100_proser_fedavg__split02__seed0__d5.0,2,358834468
cifar100_proser_fedavg__split02__seed0__d5.0,3,2580339231
cifar100_proser_fedavg__split02__seed0__d5.0,4,507246157
cifar100_proser_fedavg__split02__seed1__d0.1,0,966181097
cifar100_proser_fedavg__split02__seed1__d0.1,1,181099719
cifar100_proser_fedavg__split02__seed1__d0.1,2,1663805284
cifar100_proser_fedavg__split02__seed1__d0.1,3,4148284723
cifar100_proser_fedavg__split02__seed1__d0.1,4,4029239725
cifar100_proser_fedavg__split02__seed1__d0.5,0,2782050668
cifar100_proser_fedavg__split02__seed1__d0.5,1,991831092
cifar100_proser_fedavg__split02__seed1__d0.5,2,1120070594
cifar100_proser_fedavg__split02__seed1__d0.5,3,2020864384
cifar100_proser_fedavg__split02__seed1__d0.5,4,2265710721
cifar100_proser_fedavg__split02__seed1__d5.0,0,4035282519
cifar100_proser_fedavg__split02__seed1__d5.0,1,2154513991
cifar100_proser_fedavg__split02__seed1__d5.0,2,3881501675
cifar100_proser_fedavg__split02__seed1__d5.0,3,4199356045
cifar100_proser_fedavg__split02__seed1__d5.0,4,4054576588
cifar100_proser_fedavg__split02__seed2__d0.1,0,4215880014
cifar100_proser_fedavg__split02__seed2__d0.1,1,3183625187
cifar100_proser_fedavg__split02__seed2__d0.1,2,3597994102
cifar100_proser_fedavg__split02__seed2__d0.1,3,3035954629
cifar100_proser_fedavg__split02__seed2__d0.1,4,2235322668
cifar100_proser_fedavg__split02__seed2__d0.5,0,1225241407
cifar100_proser_fedavg__split02__seed2__d0.5,1,2777234322
cifar100_proser_fedavg__split02__seed2__d0.5,2,2838784647
cifar100_proser_fedavg__split02__seed2__d0.5,3,1400739852
cifar100_proser_fedavg__split02__seed2__d0.5,4,638449082
cifar100_proser_fedavg__split02__seed2__d5.0,0,895535849
cifar100_proser_fedavg__split02__seed2__d5.0,1,2676945422
cifar100_proser_fedavg__split02__seed2__d5.0,2,2449485930
cifar100_proser_fedavg__split02__seed2__d5.0,3,3003048508
cifar100_proser_fedavg__split02__seed2__d5.0,4,2811493910
cifar100_proser_fedavg__split02__seed3__d0.1,0,3403288388
cifar100_proser_fedavg__split02__seed3__d0.1,1,3510351368
cifar100_proser_fedavg__split02__seed3__d0.1,2,3383144594
cifar100_proser_fedavg__split02__seed3__d0.1,3,1272688406
cifar100_proser_fedavg__split02__seed3__d0.1,4,1604236173
cifar100_proser_fedavg__split02__seed3__d0.5,0,675217594
cifar100_proser_fedavg__split02__seed3__d0.5,1,110072435
cifar100_proser_fedavg__split02__seed3__d0.5,2,873499211
cifar100_proser_fedavg__split02__seed3__d0.5,3,1605777096
cifar100_proser_fedavg__split02__seed3__d0.5,4,3605006875
cifar100_proser_fedavg__split02__seed3__d5.0,0,678962871
cifar100_proser_fedavg__split02__seed3__d5.0,1,3593311116
cifar100_proser_fedavg__split02__seed3__d5.0,2,608385494
cifar100_proser_fedavg__split02__seed3__d5.0,3,632607735
cifar100_proser_fedavg__split02__seed3__d5.0,4,3442484727
cifar100_proser_fedavg__split02__seed4__d0.1,0,568922014
cifar100_proser_fedavg__split02__seed4__d0.1,1,50605010
cifar100_proser_fedavg__split02__seed4__d0.1,2,3989600403
cifar100_proser_fedavg__split02__seed4__d0.1,3,968122061
cifar100_proser_fedavg__split02__seed4__d0.1,4,4146849570
cifar100_proser_fedavg__split02__seed4__d0.5,0,4008790
cifar100_proser_fedavg__split02__seed4__d0.5,1,3290722387
cifar100_proser_fedavg__split02__seed4__d0.5,2,2006761726
cifar100_proser_fedavg__split02__seed4__d0.5,3,2217658748
cifar100_proser_fedavg__split02__seed4__d0.5,4,3416613252
cifar100_proser_fedavg__split02__seed4__d5.0,0,3208749805
cifar100_proser_fedavg__split02__seed4__d5.0,1,1592874944
cifar100_proser_fedavg__split02__seed4__d5.0,2,709369041
cifar100_proser_fedavg__split02__seed4__d5.0,3,4028329110
cifar100_proser_fedavg__split02__seed4__d5.0,4,781940039
cifar100_proser_fedavg__split03__seed0__d0.1,0,2180609716
cifar100_proser_fedavg__split03__seed0__d0.1,1,3477807840
cifar100_proser_fedavg__split03__seed0__d0.1,2,1583467389
cifar100_proser_fedavg__split03__seed0__d0.1,3,2387449939
cifar100_proser_fedavg__split03__seed0__d0.1,4,1591106211
cifar100_proser_fedavg__split03__seed0__d0.5,0,2539222131
cifar100_proser_fedavg__split03__seed0__d0.5,1,3954582725
cifar100_proser_fedavg__split03__seed0__d0.5,2,4273131011
cifar100_proser_fedavg__split03__seed0__d0.5,3,835787881
cifar100_proser_fedavg__split03__seed0__d0.5,4,3925795680
cifar100_proser_fedavg__split03__seed0__d5.0,0,968490040
cifar100_proser_fedavg__split03__seed0__d5.0,1,3615852563
cifar100_proser_fedavg__split03__seed0__d5.0,2,3151491103
cifar100_proser_fedavg__split03__seed0__d5.0,3,742635363
cifar100_proser_fedavg__split03__seed0__d5.0,4,4103058373
cifar100_proser_fedavg__split03__seed1__d0.1,0,1863863768
cifar100_proser_fedavg__split03__seed1__d0.1,1,1527696871
cifar100_proser_fedavg__split03__seed1__d0.1,2,4249561317
cifar100_proser_fedavg__split03__seed1__d0.1,3,2816098615
cifar100_proser_fedavg__split03__seed1__d0.1,4,147991804
cifar100_proser_fedavg__split03__seed1__d0.5,0,2688518641
cifar100_proser_fedavg__split03__seed1__d0.5,1,2461787538
cifar100_proser_fedavg__split03__seed1__d0.5,2,104749528
cifar100_proser_fedavg__split03__seed1__d0.5,3,560452874
cifar100_proser_fedavg__split03__seed1__d0.5,4,3503329711
cifar100_proser_fedavg__split03__seed1__d5.0,0,1639392179
cifar100_proser_fedavg__split03__seed1__d5.0,1,4262689342
cifar100_proser_fedavg__split03__seed1__d5.0,2,3665755136
cifar100_proser_fedavg__split03__seed1__d5.0,3,4011723799
cifar100_proser_fedavg__split03__seed1__d5.0,4,4033777107
cifar100_proser_fedavg__split03__seed2__d0.1,0,878005188
cifar100_proser_fedavg__split03__seed2__d0.1,1,2245804421
cifar100_proser_fedavg__split03__seed2__d0.1,2,3155869631
cifar100_proser_fedavg__split03__seed2__d0.1,3,617813666
cifar100_proser_fedavg__split03__seed2__d0.1,4,2340821698
cifar100_proser_fedavg__split03__seed2__d0.5,0,344561648
cifar100_proser_fedavg__split03__seed2__d0.5,1,1059981679
cifar100_proser_fedavg__split03__seed2__d0.5,2,667055484
cifar100_proser_fedavg__split03__seed2__d0.5,3,2574386193
cifar100_proser_fedavg__split03__seed2__d0.5,4,2198641380
cifar100_proser_fedavg__split03__seed2__d5.0,0,3033848046
cifar100_proser_fedavg__split03__seed2__d5.0,1,2147520816
cifar100_proser_fedavg__split03__seed2__d5.0,2,4180651066
cifar100_proser_fedavg__split03__seed2__d5.0,3,2230384081
cifar100_proser_fedavg__split03__seed2__d5.0,4,1064919986
cifar100_proser_fedavg__split03__seed3__d0.1,0,1279679818
cifar100_proser_fedavg__split03__seed3__d0.1,1,542168759
cifar100_proser_fedavg__split03__seed3__d0.1,2,1234857083
cifar100_proser_fedavg__split03__seed3__d0.1,3,932387921
cifar100_proser_fedavg__split03__seed3__d0.1,4,2760470334
cifar100_proser_fedavg__split03__seed3__d0.5,0,4222023767
cifar100_proser_fedavg__split03__seed3__d0.5,1,499712900
cifar100_proser_fedavg__split03__seed3__d0.5,2,4251439291
cifar100_proser_fedavg__split03__seed3__d0.5,3,842290667
cifar100_proser_fedavg__split03__seed3__d0.5,4,3545538414
cifar100_proser_fedavg__split03__seed3__d5.0,0,3928208880
cifar100_proser_fedavg__split03__seed3__d5.0,1,2427606710
cifar100_proser_fedavg__split03__seed3__d5.0,2,2727763841
cifar100_proser_fedavg__split03__seed3__d5.0,3,2653955867
cifar100_proser_fedavg__split03__seed3__d5.0,4,2128098579
cifar100_proser_fedavg__split03__seed4__d0.1,0,4088036778
cifar100_proser_fedavg__split03__seed4__d0.1,1,2911284153
cifar100_proser_fedavg__split03__seed4__d0.1,2,2888627371
cifar100_proser_fedavg__split03__seed4__d0.1,3,807530802
cifar100_proser_fedavg__split03__seed4__d0.1,4,207581468
cifar100_proser_fedavg__split03__seed4__d0.5,0,1730859118
cifar100_proser_fedavg__split03__seed4__d0.5,1,1954600990
cifar100_proser_fedavg__split03__seed4__d0.5,2,4162684700
cifar100_proser_fedavg__split03__seed4__d0.5,3,2357474867
cifar100_proser_fedavg__split03__seed4__d0.5,4,661858797
cifar100_proser_fedavg__split03__seed4__d5.0,0,1234534337
cifar100_proser_fedavg__split03__seed4__d5.0,1,4209080345
cifar100_proser_fedavg__split03__seed4__d5.0,2,2461054025
cifar100_proser_fedavg__split03__seed4__d5.0,3,108665739
cifar100_proser_fedavg__split03__seed4__d5.0,4,3822789475
cifar100_proser_fedavg__split04__seed0__d0.1,0,3975294850
cifar100_proser_fedavg__split04__seed0__d0.1,1,411372677
cifar100_proser_fedavg__split04__seed0__d0.1,2,4102658023
cifar100_proser_fedavg__split04__seed0__d0.1,3,570834386
cifar100_proser_fedavg__split04__seed0__d0.1,4,3258780899
cifar100_proser_fedavg__split04__seed0__d0.5,0,418050995
cifar100_proser_fedavg__split04__seed0__d0.5,1,1660998188
cifar100_proser_fedavg__split04__seed0__d0.5,2,2376506641
cifar100_proser_fedavg__split04__seed0__d0.5,3,687340523
cifar100_proser_fedavg__split04__seed0__d0.5,4,1907756683
cifar100_proser_fedavg__split04__seed0__d5.0,0,3949858129
cifar100_proser_fedavg__split04__seed0__d5.0,1,1818757420
cifar100_proser_fedavg__split04__seed0__d5.0,2,3730919967
cifar100_proser_fedavg__split04__seed0__d5.0,3,3110709585
cifar100_proser_fedavg__split04__seed0__d5.0,4,2050149717
cifar100_proser_fedavg__split04__seed1__d0.1,0,2170149851
cifar100_proser_fedavg__split04__seed1__d0.1,1,2537445459
cifar100_proser_fedavg__split04__seed1__d0.1,2,2448058844
cifar100_proser_fedavg__split04__seed1__d0.1,3,2659495773
cifar100_proser_fedavg__split04__seed1__d0.1,4,769396980
cifar100_proser_fedavg__split04__seed1__d0.5,0,2167077975
cifar100_proser_fedavg__split04__seed1__d0.5,1,3597645898
cifar100_proser_fedavg__split04__seed1__d0.5,2,2331662676
cifar100_proser_fedavg__split04__seed1__d0.5,3,1677920047
cifar100_proser_fedavg__split04__seed1__d0.5,4,3583796540
cifar100_proser_fedavg__split04__seed1__d5.0,0,3217789744
cifar100_proser_fedavg__split04__seed1__d5.0,1,162294325
cifar100_proser_fedavg__split04__seed1__d5.0,2,1632454584
cifar100_proser_fedavg__split04__seed1__d5.0,3,2331783098
cifar100_proser_fedavg__split04__seed1__d5.0,4,2993565833
cifar100_proser_fedavg__split04__seed2__d0.1,0,39431531
cifar100_proser_fedavg__split04__seed2__d0.1,1,2219936001
cifar100_proser_fedavg__split04__seed2__d0.1,2,4281523022
cifar100_proser_fedavg__split04__seed2__d0.1,3,4274062017
cifar100_proser_fedavg__split04__seed2__d0.1,4,1852479772
cifar100_proser_fedavg__split04__seed2__d0.5,0,3826794416
cifar100_proser_fedavg__split04__seed2__d0.5,1,4014976683
cifar100_proser_fedavg__split04__seed2__d0.5,2,2346405053
cifar100_proser_fedavg__split04__seed2__d0.5,3,1680174246
cifar100_proser_fedavg__split04__seed2__d0.5,4,2975520547
cifar100_proser_fedavg__split04__seed2__d5.0,0,3148572838
cifar100_proser_fedavg__split04__seed2__d5.0,1,3170575738
cifar100_proser_fedavg__split04__seed2__d5.0,2,1467238085
cifar100_proser_fedavg__split04__seed2__d5.0,3,487606192
cifar100_proser_fedavg__split04__seed2__d5.0,4,1330331515
cifar100_proser_fedavg__split04__seed3__d0.1,0,2414416665
cifar100_proser_fedavg__split04__seed3__d0.1,1,1406070207
cifar100_proser_fedavg__split04__seed3__d0.1,2,1168091781
cifar100_proser_fedavg__split04__seed3__d0.1,3,20843030
cifar100_proser_fedavg__split04__seed3__d0.1,4,95528604
cifar100_proser_fedavg__split04__seed3__d0.5,0,2786306717
cifar100_proser_fedavg__split04__seed3__d0.5,1,3852718159
cifar100_proser_fedavg__split04__seed3__d0.5,2,3165643137
cifar100_proser_fedavg__split04__seed3__d0.5,3,2317118241
cifar100_proser_fedavg__split04__seed3__d0.5,4,2353774193
cifar100_proser_fedavg__split04__seed3__d5.0,0,3323404057
cifar100_proser_fedavg__split04__seed3__d5.0,1,1474906859
cifar100_proser_fedavg__split04__seed3__d5.0,2,2855390973
cifar100_proser_fedavg__split04__seed3__d5.0,3,2859123752
cifar100_proser_fedavg__split04__seed3__d5.0,4,26619643
cifar100_proser_fedavg__split04__seed4__d0.1,0,2989589432
cifar100_proser_fedavg__split04__seed4__d0.1,1,2570332989
cifar100_proser_fedavg__split04__seed4__d0.1,2,1077081336
cifar100_proser_fedavg__split04__seed4__d0.1,3,1333310521
cifar100_proser_fedavg__split04__seed4__d0.1,4,3531098074
cifar100_proser_fedavg__split04__seed4__d0.5,0,425042875
cifar100_proser_fedavg__split04__seed4__d0.5,1,3923776611
cifar100_proser_fedavg__split04__seed4__d0.5,2,601663812
cifar100_proser_fedavg__split04__seed4__d0.5,3,791680411
cifar100_proser_fedavg__split04__seed4__d0.5,4,2613409509
cifar100_proser_fedavg__split04__seed4__d5.0,0,3815170666
cifar100_proser_fedavg__split04__seed4__d5.0,1,933611972
cifar100_proser_fedavg__split04__seed4__d5.0,2,314906059
cifar100_proser_fedavg__split04__seed4__d5.0,3,1805651611
cifar100_proser_fedavg__split04__seed4__d5.0,4,3524156584
cifar100_proser_fedavg__split05__seed0__d0.1,0,1395641039
cifar100_proser_fedavg__split05__seed0__d0.1,1,162962742
cifar100_proser_fedavg__split05__seed0__d0.1,2,2864470649
cifar100_proser_fedavg__split05__seed0__d0.1,3,3739309898
cifar100_proser_fedavg__split05__seed0__d0.1,4,1724700792
cifar100_proser_fedavg__split05__seed0__d0.5,0,1137400521
cifar100_proser_fedavg__split05__seed0__d0.5,1,2917650321
cifar100_proser_fedavg__split05__seed0__d0.5,2,529972236
cifar100_proser_fedavg__split05__seed0__d0.5,3,3131102465
cifar100_proser_fedavg__split05__seed0__d0.5,4,472174135
cifar100_proser_fedavg__split05__seed0__d5.0,0,2567042589
cifar100_proser_fedavg__split05__seed0__d5.0,1,2477400737
cifar100_proser_fedavg__split05__seed0__d5.0,2,2729594928
cifar100_proser_fedavg__split05__seed0__d5.0,3,112881962
cifar100_proser_fedavg__split05__seed0__d5.0,4,2818642977
cifar100_proser_fedavg__split05__seed1__d0.1,0,1317483844
cifar100_proser_fedavg__split05__seed1__d0.1,1,3727539110
cifar100_proser_fedavg__split05__seed1__d0.1,2,3228671665
cifar100_proser_fedavg__split05__seed1__d0.1,3,2352222919
cifar100_proser_fedavg__split05__seed1__d0.1,4,1967078787
cifar100_proser_fedavg__split05__seed1__d0.5,0,1048097963
cifar100_proser_fedavg__split05__seed1__d0.5,1,3026607912
cifar100_proser_fedavg__split05__seed1__d0.5,2,528933427
cifar100_proser_fedavg__split05__seed1__d0.5,3,2588853142
cifar100_proser_fedavg__split05__seed1__d0.5,4,1067186346
cifar100_proser_fedavg__split05__seed1__d5.0,0,2234859721
cifar100_proser_fedavg__split05__seed1__d5.0,1,2166843879
cifar100_proser_fedavg__split05__seed1__d5.0,2,1127244976
cifar100_proser_fedavg__split05__seed1__d5.0,3,2097804588
cifar100_proser_fedavg__split05__seed1__d5.0,4,1087336179
cifar100_proser_fedavg__split05__seed2__d0.1,0,1394035442
cifar100_proser_fedavg__split05__seed2__d0.1,1,2875663775
cifar100_proser_fedavg__split05__seed2__d0.1,2,2667706047
cifar100_proser_fedavg__split05__seed2__d0.1,3,60134198
cifar100_proser_fedavg__split05__seed2__d0.1,4,2887593290
cifar100_proser_fedavg__split05__seed2__d0.5,0,1566099283
cifar100_proser_fedavg__split05__seed2__d0.5,1,178204734
cifar100_proser_fedavg__split05__seed2__d0.5,2,2087306920
cifar100_proser_fedavg__split05__seed2__d0.5,3,881023075
cifar100_proser_fedavg__split05__seed2__d0.5,4,2870303279
cifar100_proser_fedavg__split05__seed2__d5.0,0,4225589418
cifar100_proser_fedavg__split05__seed2__d5.0,1,2059040004
cifar100_proser_fedavg__split05__seed2__d5.0,2,3224968052
cifar100_proser_fedavg__split05__seed2__d5.0,3,3640944305
cifar100_proser_fedavg__split05__seed2__d5.0,4,679950528
cifar100_proser_fedavg__split05__seed3__d0.1,0,1077984657
cifar100_proser_fedavg__split05__seed3__d0.1,1,210317620
cifar100_proser_fedavg__split05__seed3__d0.1,2,152405927
cifar100_proser_fedavg__split05__seed3__d0.1,3,2238126311
cifar100_proser_fedavg__split05__seed3__d0.1,4,1684755204
cifar100_proser_fedavg__split05__seed3__d0.5,0,3867384714
cifar100_proser_fedavg__split05__seed3__d0.5,1,132876001
cifar100_proser_fedavg__split05__seed3__d0.5,2,3688946966
cifar100_proser_fedavg__split05__seed3__d0.5,3,1849038218
cifar100_proser_fedavg__split05__seed3__d0.5,4,1962462012
cifar100_proser_fedavg__split05__seed3__d5.0,0,3955299685
cifar100_proser_fedavg__split05__seed3__d5.0,1,1692647195
cifar100_proser_fedavg__split05__seed3__d5.0,2,401668250
cifar100_proser_fedavg__split05__seed3__d5.0,3,866610383
cifar100_proser_fedavg__split05__seed3__d5.0,4,3039408136
cifar100_proser_fedavg__split05__seed4__d0.1,0,2327723813
cifar100_proser_fedavg__split05__seed4__d0.1,1,1133637861
cifar100_proser_fedavg__split05__seed4__d0.1,2,733623004
cifar100_proser_fedavg__split05__seed4__d0.1,3,1690682390
cifar100_proser_fedavg__split05__seed4__d0.1,4,3804488137
cifar100_proser_fedavg__split05__seed4__d0.5,0,4172412387
cifar100_proser_fedavg__split05__seed4__d0.5,1,4007776229
cifar100_proser_fedavg__split05__seed4__d0.5,2,772643152
cifar100_proser_fedavg__split05__seed4__d0.5,3,2662813762
cifar100_proser_fedavg__split05__seed4__d0.5,4,31874626
cifar100_proser_fedavg__split05__seed4__d5.0,0,3284042892
cifar100_proser_fedavg__split05__seed4__d5.0,1,4179572828
cifar100_proser_fedavg__split05__seed4__d5.0,2,3654561732
cifar100_proser_fedavg__split05__seed4__d5.0,3,2113138862
cifar100_proser_fedavg__split05__seed4__d5.0,4,4079450244
cifar100_proser_fedavg__split06__seed0__d0.1,0,936593777
cifar100_proser_fedavg__split06__seed0__d0.1,1,495995097
cifar100_proser_fedavg__split06__seed0__d0.1,2,3267829424
cifar100_proser_fedavg__split06__seed0__d0.1,3,3675490891
cifar100_proser_fedavg__split06__seed0__d0.1,4,1467744791
cifar100_proser_fedavg__split06__seed0__d0.5,0,2785113449
cifar100_proser_fedavg__split06__seed0__d0.5,1,3073348630
cifar100_proser_fedavg__split06__seed0__d0.5,2,3183684070
cifar100_proser_fedavg__split06__seed0__d0.5,3,2776561801
cifar100_proser_fedavg__split06__seed0__d0.5,4,1930725656
cifar100_proser_fedavg__split06__seed0__d5.0,0,1800675012
cifar100_proser_fedavg__split06__seed0__d5.0,1,3118403245
cifar100_proser_fedavg__split06__seed0__d5.0,2,1464172111
cifar100_proser_fedavg__split06__seed0__d5.0,3,181747673
cifar100_proser_fedavg__split06__seed0__d5.0,4,978779656
cifar100_proser_fedavg__split06__seed1__d0.1,0,2284215501
cifar100_proser_fedavg__split06__seed1__d0.1,1,4261647784
cifar100_proser_fedavg__split06__seed1__d0.1,2,298965447
cifar100_proser_fedavg__split06__seed1__d0.1,3,3613712754
cifar100_proser_fedavg__split06__seed1__d0.1,4,883128278
cifar100_proser_fedavg__split06__seed1__d0.5,0,1839519080
cifar100_proser_fedavg__split06__seed1__d0.5,1,1046772966
cifar100_proser_fedavg__split06__seed1__d0.5,2,3521622238
cifar100_proser_fedavg__split06__seed1__d0.5,3,3635000855
cifar100_proser_fedavg__split06__seed1__d0.5,4,2859398582
cifar100_proser_fedavg__split06__seed1__d5.0,0,846086653
cifar100_proser_fedavg__split06__seed1__d5.0,1,1993572096
cifar100_proser_fedavg__split06__seed1__d5.0,2,2165625110
cifar100_proser_fedavg__split06__seed1__d5.0,3,3712755173
cifar100_proser_fedavg__split06__seed1__d5.0,4,2424574898
cifar100_proser_fedavg__split06__seed2__d0.1,0,287628093
cifar100_proser_fedavg__split06__seed2__d0.1,1,425872497
cifar100_proser_fedavg__split06__seed2__d0.1,2,746273778
cifar100_proser_fedavg__split06__seed2__d0.1,3,568525469
cifar100_proser_fedavg__split06__seed2__d0.1,4,122535217
cifar100_proser_fedavg__split06__seed2__d0.5,0,739669915
cifar100_proser_fedavg__split06__seed2__d0.5,1,374935995
cifar100_proser_fedavg__split06__seed2__d0.5,2,137955560
cifar100_proser_fedavg__split06__seed2__d0.5,3,71219387
cifar100_proser_fedavg__split06__seed2__d0.5,4,3639694938
cifar100_proser_fedavg__split06__seed2__d5.0,0,2277763058
cifar100_proser_fedavg__split06__seed2__d5.0,1,3231459428
cifar100_proser_fedavg__split06__seed2__d5.0,2,4255229646
cifar100_proser_fedavg__split06__seed2__d5.0,3,3849992928
cifar100_proser_fedavg__split06__seed2__d5.0,4,4075829163
cifar100_proser_fedavg__split06__seed3__d0.1,0,3039960687
cifar100_proser_fedavg__split06__seed3__d0.1,1,3284942881
cifar100_proser_fedavg__split06__seed3__d0.1,2,1846874788
cifar100_proser_fedavg__split06__seed3__d0.1,3,3659837793
cifar100_proser_fedavg__split06__seed3__d0.1,4,3874855966
cifar100_proser_fedavg__split06__seed3__d0.5,0,2605255623
cifar100_proser_fedavg__split06__seed3__d0.5,1,3277381265
cifar100_proser_fedavg__split06__seed3__d0.5,2,3707413131
cifar100_proser_fedavg__split06__seed3__d0.5,3,549163223
cifar100_proser_fedavg__split06__seed3__d0.5,4,3151930852
cifar100_proser_fedavg__split06__seed3__d5.0,0,690889594
cifar100_proser_fedavg__split06__seed3__d5.0,1,941155881
cifar100_proser_fedavg__split06__seed3__d5.0,2,494222915
cifar100_proser_fedavg__split06__seed3__d5.0,3,1741832101
cifar100_proser_fedavg__split06__seed3__d5.0,4,1878771776
cifar100_proser_fedavg__split06__seed4__d0.1,0,2562266318
cifar100_proser_fedavg__split06__seed4__d0.1,1,1786210860
cifar100_proser_fedavg__split06__seed4__d0.1,2,2144779298
cifar100_proser_fedavg__split06__seed4__d0.1,3,1140458133
cifar100_proser_fedavg__split06__seed4__d0.1,4,2998600948
cifar100_proser_fedavg__split06__seed4__d0.5,0,138314514
cifar100_proser_fedavg__split06__seed4__d0.5,1,106689197
cifar100_proser_fedavg__split06__seed4__d0.5,2,627772226
cifar100_proser_fedavg__split06__seed4__d0.5,3,538922613
cifar100_proser_fedavg__split06__seed4__d0.5,4,3405671020
cifar100_proser_fedavg__split06__seed4__d5.0,0,3894546188
cifar100_proser_fedavg__split06__seed4__d5.0,1,2273484762
cifar100_proser_fedavg__split06__seed4__d5.0,2,1529802314
cifar100_proser_fedavg__split06__seed4__d5.0,3,2103401908
cifar100_proser_fedavg__split06__seed4__d5.0,4,2771972932
cifar100_proser_fedavg__split07__seed0__d0.1,0,818221184
cifar100_proser_fedavg__split07__seed0__d0.1,1,2997465780
cifar100_proser_fedavg__split07__seed0__d0.1,2,3014235510
cifar100_proser_fedavg__split07__seed0__d0.1,3,1488869052
cifar100_proser_fedavg__split07__seed0__d0.1,4,92599908
cifar100_proser_fedavg__split07__seed0__d0.5,0,4244511826
cifar100_proser_fedavg__split07__seed0__d0.5,1,449141061
cifar100_proser_fedavg__split07__seed0__d0.5,2,2377616267
cifar100_proser_fedavg__split07__seed0__d0.5,3,3165299318
cifar100_proser_fedavg__split07__seed0__d0.5,4,1723292385
cifar100_proser_fedavg__split07__seed0__d5.0,0,969797299
cifar100_proser_fedavg__split07__seed0__d5.0,1,3563449569
cifar100_proser_fedavg__split07__seed0__d5.0,2,4281055606
cifar100_proser_fedavg__split07__seed0__d5.0,3,666492510
cifar100_proser_fedavg__split07__seed0__d5.0,4,48879487
cifar100_proser_fedavg__split07__seed1__d0.1,0,2803435856
cifar100_proser_fedavg__split07__seed1__d0.1,1,2227682587
cifar100_proser_fedavg__split07__seed1__d0.1,2,347431177
cifar100_proser_fedavg__split07__seed1__d0.1,3,2213160275
cifar100_proser_fedavg__split07__seed1__d0.1,4,3442698176
cifar100_proser_fedavg__split07__seed1__d0.5,0,4234830278
cifar100_proser_fedavg__split07__seed1__d0.5,1,3336912044
cifar100_proser_fedavg__split07__seed1__d0.5,2,1398090062
cifar100_proser_fedavg__split07__seed1__d0.5,3,2739957137
cifar100_proser_fedavg__split07__seed1__d0.5,4,4238562602
cifar100_proser_fedavg__split07__seed1__d5.0,0,3180221004
cifar100_proser_fedavg__split07__seed1__d5.0,1,1290040446
cifar100_proser_fedavg__split07__seed1__d5.0,2,626351171
cifar100_proser_fedavg__split07__seed1__d5.0,3,4062597671
cifar100_proser_fedavg__split07__seed1__d5.0,4,3131889083
cifar100_proser_fedavg__split07__seed2__d0.1,0,2650150399
cifar100_proser_fedavg__split07__seed2__d0.1,1,3751114825
cifar100_proser_fedavg__split07__seed2__d0.1,2,3225289837
cifar100_proser_fedavg__split07__seed2__d0.1,3,2443274243
cifar100_proser_fedavg__split07__seed2__d0.1,4,4189497115
cifar100_proser_fedavg__split07__seed2__d0.5,0,54482813
cifar100_proser_fedavg__split07__seed2__d0.5,1,848229850
cifar100_proser_fedavg__split07__seed2__d0.5,2,10299111
cifar100_proser_fedavg__split07__seed2__d0.5,3,341715776
cifar100_proser_fedavg__split07__seed2__d0.5,4,1187383561
cifar100_proser_fedavg__split07__seed2__d5.0,0,3440186271
cifar100_proser_fedavg__split07__seed2__d5.0,1,1385318248
cifar100_proser_fedavg__split07__seed2__d5.0,2,383597497
cifar100_proser_fedavg__split07__seed2__d5.0,3,4009440370
cifar100_proser_fedavg__split07__seed2__d5.0,4,3557936069
cifar100_proser_fedavg__split07__seed3__d0.1,0,2271275851
cifar100_proser_fedavg__split07__seed3__d0.1,1,3556375418
cifar100_proser_fedavg__split07__seed3__d0.1,2,2740013100
cifar100_proser_fedavg__split07__seed3__d0.1,3,1908405160
cifar100_proser_fedavg__split07__seed3__d0.1,4,2468285688
cifar100_proser_fedavg__split07__seed3__d0.5,0,4186555430
cifar100_proser_fedavg__split07__seed3__d0.5,1,41815338
cifar100_proser_fedavg__split07__seed3__d0.5,2,413145150
cifar100_proser_fedavg__split07__seed3__d0.5,3,2627542714
cifar100_proser_fedavg__split07__seed3__d0.5,4,3755599435
cifar100_proser_fedavg__split07__seed3__d5.0,0,542619939
cifar100_proser_fedavg__split07__seed3__d5.0,1,2395635709
cifar100_proser_fedavg__split07__seed3__d5.0,2,2966595545
cifar100_proser_fedavg__split07__seed3__d5.0,3,2617585424
cifar100_proser_fedavg__split07__seed3__d5.0,4,4221498029
cifar100_proser_fedavg__split07__seed4__d0.1,0,2268403134
cifar100_proser_fedavg__split07__seed4__d0.1,1,1833876848
cifar100_proser_fedavg__split07__seed4__d0.1,2,314644862
cifar100_proser_fedavg__split07__seed4__d0.1,3,4161238044
cifar100_proser_fedavg__split07__seed4__d0.1,4,1629880329
cifar100_proser_fedavg__split07__seed4__d0.5,0,1389176311
cifar100_proser_fedavg__split07__seed4__d0.5,1,3250850362
cifar100_proser_fedavg__split07__seed4__d0.5,2,2063706227
cifar100_proser_fedavg__split07__seed4__d0.5,3,848937087
cifar100_proser_fedavg__split07__seed4__d0.5,4,3480575942
cifar100_proser_fedavg__split07__seed4__d5.0,0,946856021
cifar100_proser_fedavg__split07__seed4__d5.0,1,972349284
cifar100_proser_fedavg__split07__seed4__d5.0,2,780749531
cifar100_proser_fedavg__split07__seed4__d5.0,3,1098095716
cifar100_proser_fedavg__split07__seed4__d5.0,4,84076024
cifar100_proser_fedavg__split08__seed0__d0.1,0,4205678312
cifar100_proser_fedavg__split08__seed0__d0.1,1,3300741648
cifar100_proser_fedavg__split08__seed0__d0.1,2,2660348276
cifar100_proser_fedavg__split08__seed0__d0.1,3,291871834
cifar100_proser_fedavg__split08__seed0__d0.1,4,4134934666
cifar100_proser_fedavg__split08__seed0__d0.5,0,2258518180
cifar100_proser_fedavg__split08__seed0__d0.5,1,480762830
cifar100_proser_fedavg__split08__seed0__d0.5,2,3803242104
cifar100_proser_fedavg__split08__seed0__d0.5,3,28298183
cifar100_proser_fedavg__split08__seed0__d0.5,4,1084848857
cifar100_proser_fedavg__split08__seed0__d5.0,0,1870379410
cifar100_proser_fedavg__split08__seed0__d5.0,1,4108615062
cifar100_proser_fedavg__split08__seed0__d5.0,2,2586411063
cifar100_proser_fedavg__split08__seed0__d5.0,3,2864462562
cifar100_proser_fedavg__split08__seed0__d5.0,4,2879346596
cifar100_proser_fedavg__split08__seed1__d0.1,0,492904799
cifar100_proser_fedavg__split08__seed1__d0.1,1,944210521
cifar100_proser_fedavg__split08__seed1__d0.1,2,1613365159
cifar100_proser_fedavg__split08__seed1__d0.1,3,2388894657
cifar100_proser_fedavg__split08__seed1__d0.1,4,1392779399
cifar100_proser_fedavg__split08__seed1__d0.5,0,435952858
cifar100_proser_fedavg__split08__seed1__d0.5,1,556187112
cifar100_proser_fedavg__split08__seed1__d0.5,2,2180984358
cifar100_proser_fedavg__split08__seed1__d0.5,3,490879011
cifar100_proser_fedavg__split08__seed1__d0.5,4,2340211077
cifar100_proser_fedavg__split08__seed1__d5.0,0,710489862
cifar100_proser_fedavg__split08__seed1__d5.0,1,875228199
cifar100_proser_fedavg__split08__seed1__d5.0,2,598860337
cifar100_proser_fedavg__split08__seed1__d5.0,3,3008359284
cifar100_proser_fedavg__split08__seed1__d5.0,4,2056796846
cifar100_proser_fedavg__split08__seed2__d0.1,0,4150504180
cifar100_proser_fedavg__split08__seed2__d0.1,1,3665701924
cifar100_proser_fedavg__split08__seed2__d0.1,2,2504520547
cifar100_proser_fedavg__split08__seed2__d0.1,3,3568676527
cifar100_proser_fedavg__split08__seed2__d0.1,4,3702612214
cifar100_proser_fedavg__split08__seed2__d0.5,0,1266093362
cifar100_proser_fedavg__split08__seed2__d0.5,1,20881977
cifar100_proser_fedavg__split08__seed2__d0.5,2,2289185748
cifar100_proser_fedavg__split08__seed2__d0.5,3,2289522482
cifar100_proser_fedavg__split08__seed2__d0.5,4,4234419849
cifar100_proser_fedavg__split08__seed2__d5.0,0,4221268543
cifar100_proser_fedavg__split08__seed2__d5.0,1,1106344903
cifar100_proser_fedavg__split08__seed2__d5.0,2,1620075010
cifar100_proser_fedavg__split08__seed2__d5.0,3,3523735223
cifar100_proser_fedavg__split08__seed2__d5.0,4,1580429458
cifar100_proser_fedavg__split08__seed3__d0.1,0,1263862790
cifar100_proser_fedavg__split08__seed3__d0.1,1,4137075266
cifar100_proser_fedavg__split08__seed3__d0.1,2,159683469
cifar100_proser_fedavg__split08__seed3__d0.1,3,3609844261
cifar100_proser_fedavg__split08__seed3__d0.1,4,1021814971
cifar100_proser_fedavg__split08__seed3__d0.5,0,3354031925
cifar100_proser_fedavg__split08__seed3__d0.5,1,1709060316
cifar100_proser_fedavg__split08__seed3__d0.5,2,814197106
cifar100_proser_fedavg__split08__seed3__d0.5,3,2598895226
cifar100_proser_fedavg__split08__seed3__d0.5,4,2532616656
cifar100_proser_fedavg__split08__seed3__d5.0,0,1776618043
cifar100_proser_fedavg__split08__seed3__d5.0,1,2730156046
cifar100_proser_fedavg__split08__seed3__d5.0,2,258671906
cifar100_proser_fedavg__split08__seed3__d5.0,3,1330347217
cifar100_proser_fedavg__split08__seed3__d5.0,4,3976185405
cifar100_proser_fedavg__split08__seed4__d0.1,0,1678898465
cifar100_proser_fedavg__split08__seed4__d0.1,1,2457488579
cifar100_proser_fedavg__split08__seed4__d0.1,2,488550873
cifar100_proser_fedavg__split08__seed4__d0.1,3,3705181719
cifar100_proser_fedavg__split08__seed4__d0.1,4,1538543820
cifar100_proser_fedavg__split08__seed4__d0.5,0,958177721
cifar100_proser_fedavg__split08__seed4__d0.5,1,4250839
cifar100_proser_fedavg__split08__seed4__d0.5,2,3328644285
cifar100_proser_fedavg__split08__seed4__d0.5,3,2551469498
cifar100_proser_fedavg__split08__seed4__d0.5,4,4221380901
cifar100_proser_fedavg__split08__seed4__d5.0,0,4257745472
cifar100_proser_fedavg__split08__seed4__d5.0,1,972108774
cifar100_proser_fedavg__split08__seed4__d5.0,2,438069772
cifar100_proser_fedavg__split08__seed4__d5.0,3,2075087568
cifar100_proser_fedavg__split08__seed4__d5.0,4,3607481352
cifar100_proser_fedavg__split09__seed0__d0.1,0,2253258933
cifar100_proser_fedavg__split09__seed0__d0.1,1,2163274160
cifar100_proser_fedavg__split09__seed0__d0.1,2,391563840
cifar100_proser_fedavg__split09__seed0__d0.1,3,3705400764
cifar100_proser_fedavg__split09__seed0__d0.1,4,3392141053
cifar100_proser_fedavg__split09__seed0__d0.5,0,1127447295
cifar100_proser_fedavg__split09__seed0__d0.5,1,1277685886
cifar100_proser_fedavg__split09__seed0__d0.5,2,2810466808
cifar100_proser_fedavg__split09__seed0__d0.5,3,1474052309
cifar100_proser_fedavg__split09__seed0__d0.5,4,2331887612
cifar100_proser_fedavg__split09__seed0__d5.0,0,3490713299
cifar100_proser_fedavg__split09__seed0__d5.0,1,1785003505
cifar100_proser_fedavg__split09__seed0__d5.0,2,720611591
cifar100_proser_fedavg__split09__seed0__d5.0,3,4155878556
cifar100_proser_fedavg__split09__seed0__d5.0,4,2988497442
cifar100_proser_fedavg__split09__seed1__d0.1,0,3595148685
cifar100_proser_fedavg__split09__seed1__d0.1,1,1881442845
cifar100_proser_fedavg__split09__seed1__d0.1,2,160169788
cifar100_proser_fedavg__split09__seed1__d0.1,3,2027079997
cifar100_proser_fedavg__split09__seed1__d0.1,4,77389565
cifar100_proser_fedavg__split09__seed1__d0.5,0,2288488747
cifar100_proser_fedavg__split09__seed1__d0.5,1,541257024
cifar100_proser_fedavg__split09__seed1__d0.5,2,865353348
cifar100_proser_fedavg__split09__seed1__d0.5,3,735546464
cifar100_proser_fedavg__split09__seed1__d0.5,4,3738656090
cifar100_proser_fedavg__split09__seed1__d5.0,0,2222057351
cifar100_proser_fedavg__split09__seed1__d5.0,1,1183023238
cifar100_proser_fedavg__split09__seed1__d5.0,2,2175943538
cifar100_proser_fedavg__split09__seed1__d5.0,3,2670368474
cifar100_proser_fedavg__split09__seed1__d5.0,4,1451572382
cifar100_proser_fedavg__split09__seed2__d0.1,0,2066639955
cifar100_proser_fedavg__split09__seed2__d0.1,1,1234075490
cifar100_proser_fedavg__split09__seed2__d0.1,2,3866604833
cifar100_proser_fedavg__split09__seed2__d0.1,3,1484660554
cifar100_proser_fedavg__split09__seed2__d0.1,4,2747469252
cifar100_proser_fedavg__split09__seed2__d0.5,0,3989555654
cifar100_proser_fedavg__split09__seed2__d0.5,1,534752719
cifar100_proser_fedavg__split09__seed2__d0.5,2,116776867
cifar100_proser_fedavg__split09__seed2__d0.5,3,885697079
cifar100_proser_fedavg__split09__seed2__d0.5,4,1160103136
cifar100_proser_fedavg__split09__seed2__d5.0,0,327722949
cifar100_proser_fedavg__split09__seed2__d5.0,1,4136698727
cifar100_proser_fedavg__split09__seed2__d5.0,2,2258173030
cifar100_proser_fedavg__split09__seed2__d5.0,3,1901401746
cifar100_proser_fedavg__split09__seed2__d5.0,4,1904798502
cifar100_proser_fedavg__split09__seed3__d0.1,0,1637681810
cifar100_proser_fedavg__split09__seed3__d0.1,1,1131260393
cifar100_proser_fedavg__split09__seed3__d0.1,2,418107766
cifar100_proser_fedavg__split09__seed3__d0.1,3,554945331
cifar100_proser_fedavg__split09__seed3__d0.1,4,2732459940
cifar100_proser_fedavg__split09__seed3__d0.5,0,273051395
cifar100_proser_fedavg__split09__seed3__d0.5,1,3736183397
cifar100_proser_fedavg__split09__seed3__d0.5,2,4166406372
cifar100_proser_fedavg__split09__seed3__d0.5,3,20606971
cifar100_proser_fedavg__split09__seed3__d0.5,4,2277860559
cifar100_proser_fedavg__split09__seed3__d5.0,0,3752509902
cifar100_proser_fedavg__split09__seed3__d5.0,1,817659572
cifar100_proser_fedavg__split09__seed3__d5.0,2,1133394497
cifar100_proser_fedavg__split09__seed3__d5.0,3,3726714763
cifar100_proser_fedavg__split09__seed3__d5.0,4,2262750674
cifar100_proser_fedavg__split09__seed4__d0.1,0,977030615
cifar100_proser_fedavg__split09__seed4__d0.1,1,1624541102
cifar100_proser_fedavg__split09__seed4__d0.1,2,731047683
cifar100_proser_fedavg__split09__seed4__d0.1,3,4210448201
cifar100_proser_fedavg__split09__seed4__d0.1,4,3555725256
cifar100_proser_fedavg__split09__seed4__d0.5,0,1674155064
cifar100_proser_fedavg__split09__seed4__d0.5,1,4103428657
cifar100_proser_fedavg__split09__seed4__d0.5,2,514257163
cifar100_proser_fedavg__split09__seed4__d0.5,3,2969155860
cifar100_proser_fedavg__split09__seed4__d0.5,4,1093596987
cifar100_proser_fedavg__split09__seed4__d5.0,0,3135779427
cifar100_proser_fedavg__split09__seed4__d5.0,1,984560370
cifar100_proser_fedavg__split09__seed4__d5.0,2,4151581606
cifar100_proser_fedavg__split09__seed4__d5.0,3,2731523301
cifar100_proser_fedavg__split09__seed4__d5.0,4,1910157276
cifar10_proser_fedavg__split00__seed0__d0.1,0,3717916314
cifar10_proser_fedavg__split00__seed0__d0.1,1,3733829577
cifar10_proser_fedavg__split00__seed0__d0.1,2,2441277574
cifar10_proser_fedavg__split00__seed0__d0.1,3,332301371
cifar10_proser_fedavg__split00__seed0__d0.1,4,3225196076
cifar10_proser_fedavg__split00__seed0__d0.5,0,1253847173
cifar10_proser_fedavg__split00__seed0__d0.5,1,3689674352
cifar10_proser_fedavg__split00__seed0__d0.5,2,3714839548
cifar10_proser_fedavg__split00__seed0__d0.5,3,469323710
cifar10_proser_fedavg__split00__seed0__d0.5,4,59236488
cifar10_proser_fedavg__split00__seed0__d5.0,0,1640434550
cifar10_proser_fedavg__split00__seed0__d5.0,1,2101026889
cifar10_proser_fedavg__split00__seed0__d5.0,2,1136900596
cifar10_proser_fedavg__split00__seed0__d5.0,3,124198752
cifar10_proser_fedavg__split00__seed0__d5.0,4,1081207500
cifar10_proser_fedavg__split00__seed1__d0.1,0,2657919835
cifar10_proser_fedavg__split00__seed1__d0.1,1,3202112694
cifar10_proser_fedavg__split00__seed1__d0.1,2,24168375
cifar10_proser_fedavg__split00__seed1__d0.1,3,4202293903
cifar10_proser_fedavg__split00__seed1__d0.1,4,3348889287
cifar10_proser_fedavg__split00__seed1__d0.5,0,107807516
cifar10_proser_fedavg__split00__seed1__d0.5,1,1151665822
cifar10_proser_fedavg__split00__seed1__d0.5,2,604355903
cifar10_proser_fedavg__split00__seed1__d0.5,3,901903166
cifar10_proser_fedavg__split00__seed1__d0.5,4,3772582627
cifar10_proser_fedavg__split00__seed1__d5.0,0,568446966
cifar10_proser_fedavg__split00__seed1__d5.0,1,148846431
cifar10_proser_fedavg__split00__seed1__d5.0,2,3517729940
cifar10_proser_fedavg__split00__seed1__d5.0,3,2501365266
cifar10_proser_fedavg__split00__seed1__d5.0,4,1912218273
cifar10_proser_fedavg__split00__seed2__d0.1,0,2529137971
cifar10_proser_fedavg__split00__seed2__d0.1,1,2571935511
cifar10_proser_fedavg__split00__seed2__d0.1,2,1113031787
cifar10_proser_fedavg__split00__seed2__d0.1,3,965111305
cifar10_proser_fedavg__split00__seed2__d0.1,4,4099491141
cifar10_proser_fedavg__split00__seed2__d0.5,0,3298979257
cifar10_proser_fedavg__split00__seed2__d0.5,1,1515483944
cifar10_proser_fedavg__split00__seed2__d0.5,2,1222146982
cifar10_proser_fedavg__split00__seed2__d0.5,3,408150580
cifar10_proser_fedavg__split00__seed2__d0.5,4,2004225505
cifar10_proser_fedavg__split00__seed2__d5.0,0,1076814473
cifar10_proser_fedavg__split00__seed2__d5.0,1,3754829107
cifar10_proser_fedavg__split00__seed2__d5.0,2,2014131390
cifar10_proser_fedavg__split00__seed2__d5.0,3,3097193326
cifar10_proser_fedavg__split00__seed2__d5.0,4,962015018
cifar10_proser_fedavg__split00__seed3__d0.1,0,2377789326
cifar10_proser_fedavg__split00__seed3__d0.1,1,1766443840
cifar10_proser_fedavg__split00__seed3__d0.1,2,742223397
cifar10_proser_fedavg__split00__seed3__d0.1,3,603992338
cifar10_proser_fedavg__split00__seed3__d0.1,4,827802524
cifar10_proser_fedavg__split00__seed3__d0.5,0,3753941916
cifar10_proser_fedavg__split00__seed3__d0.5,1,999387660
cifar10_proser_fedavg__split00__seed3__d0.5,2,3638484038
cifar10_proser_fedavg__split00__seed3__d0.5,3,1389111939
cifar10_proser_fedavg__split00__seed3__d0.5,4,4159247665
cifar10_proser_fedavg__split00__seed3__d5.0,0,1456778455
cifar10_proser_fedavg__split00__seed3__d5.0,1,1125616624
cifar10_proser_fedavg__split00__seed3__d5.0,2,3312281276
cifar10_proser_fedavg__split00__seed3__d5.0,3,4089149129
cifar10_proser_fedavg__split00__seed3__d5.0,4,1475436395
cifar10_proser_fedavg__split00__seed4__d0.1,0,2329452276
cifar10_proser_fedavg__split00__seed4__d0.1,1,850503188
cifar10_proser_fedavg__split00__seed4__d0.1,2,4211727831
cifar10_proser_fedavg__split00__seed4__d0.1,3,3947421384
cifar10_proser_fedavg__split00__seed4__d0.1,4,3807393608
cifar10_proser_fedavg__split00__seed4__d0.5,0,2948006318
cifar10_proser_fedavg__split00__seed4__d0.5,1,2064076470
cifar10_proser_fedavg__split00__seed4__d0.5,2,1086774763
cifar10_proser_fedavg__split00__seed4__d0.5,3,3007138991
cifar10_proser_fedavg__split00__seed4__d0.5,4,2447676327
cifar10_proser_fedavg__split00__seed4__d5.0,0,2354008661
cifar10_proser_fedavg__split00__seed4__d5.0,1,2288166096
cifar10_proser_fedavg__split00__seed4__d5.0,2,4220718213
cifar10_proser_fedavg__split00__seed4__d5.0,3,3869576815
cifar10_proser_fedavg__split00__seed4__d5.0,4,4162913721
cifar10_proser_fedavg__split01__seed0__d0.1,0,3781436494
cifar10_proser_fedavg__split01__seed0__d0.1,1,2094958530
cifar10_proser_fedavg__split01__seed0__d0.1,2,3687902037
cifar10_proser_fedavg__split01__seed0__d0.1,3,1174204366
cifar10_proser_fedavg__split01__seed0__d0.1,4,497918171
cifar10_proser_fedavg__split01__seed0__d0.5,0,2131703293
cifar10_proser_fedavg__split01__seed0__d0.5,1,2256640442
cifar10_proser_fedavg__split01__seed0__d0.5,2,2705708678
cifar10_proser_fedavg__split01__seed0__d0.5,3,2112347747
cifar10_proser_fedavg__split01__seed0__d0.5,4,1229259359
cifar10_proser_fedavg__split01__seed0__d5.0,0,2832110107
cifar10_proser_fedavg__split01__seed0__d5.0,1,2283811205
cifar10_proser_fedavg__split01__seed0__d5.0,2,2278585723
cifar10_proser_fedavg__split01__seed0__d5.0,3,3817484671
cifar10_proser_fedavg__split01__seed0__d5.0,4,2514281272
cifar10_proser_fedavg__split01__seed1__d0.1,0,1184376201
cifar10_proser_fedavg__split01__seed1__d0.1,1,473896996
cifar10_proser_fedavg__split01__seed1__d0.1,2,2700123983
cifar10_proser_fedavg__split01__seed1__d0.1,3,358506616
cifar10_proser_fedavg__split01__seed1__d0.1,4,754656000
cifar10_proser_fedavg__split01__seed1__d0.5,0,283299072
cifar10_proser_fedavg__split01__seed1__d0.5,1,4141273421
cifar10_proser_fedavg__split01__seed1__d0.5,2,3786129757
cifar10_proser_fedavg__split01__seed1__d0.5,3,10333771
cifar10_proser_fedavg__split01__seed1__d0.5,4,2040438766
cifar10_proser_fedavg__split01__seed1__d5.0,0,2386329439
cifar10_proser_fedavg__split01__seed1__d5.0,1,3350137090
cifar10_proser_fedavg__split01__seed1__d5.0,2,3439094471
cifar10_proser_fedavg__split01__seed1__d5.0,3,2208623104
cifar10_proser_fedavg__split01__seed1__d5.0,4,4149100068
cifar10_proser_fedavg__split01__seed2__d0.1,0,312520990
cifar10_proser_fedavg__split01__seed2__d0.1,1,422822764
cifar10_proser_fedavg__split01__seed2__d0.1,2,2590000021
cifar10_proser_fedavg__split01__seed2__d0.1,3,1609600777
cifar10_proser_fedavg__split01__seed2__d0.1,4,3039030090
cifar10_proser_fedavg__split01__seed2__d0.5,0,3050217822
cifar10_proser_fedavg__split01__seed2__d0.5,1,1949553637
cifar10_proser_fedavg__split01__seed2__d0.5,2,3971746532
cifar10_proser_fedavg__split01__seed2__d0.5,3,2345570511
cifar10_proser_fedavg__split01__seed2__d0.5,4,1284441927
cifar10_proser_fedavg__split01__seed2__d5.0,0,1550227055
cifar10_proser_fedavg__split01__seed2__d5.0,1,2260219460
cifar10_proser_fedavg__split01__seed2__d5.0,2,2755308726
cifar10_proser_fedavg__split01__seed2__d5.0,3,3580855881
cifar10_proser_fedavg__split01__seed2__d5.0,4,3361883139
cifar10_proser_fedavg__split01__seed3__d0.1,0,2178222377
cifar10_proser_fedavg__split01__seed3__d0.1,1,2920903376
cifar10_proser_fedavg__split01__seed3__d0.1,2,1700258381
cifar10_proser_fedavg__split01__seed3__d0.1,3,2610948493
cifar10_proser_fedavg__split01__seed3__d0.1,4,612479539
cifar10_proser_fedavg__split01__seed3__d0.5,0,3346462642
cifar10_proser_fedavg__split01__seed3__d0.5,1,3878790185
cifar10_proser_fedavg__split01__seed3__d0.5,2,3010924447
cifar10_proser_fedavg__split01__seed3__d0.5,3,846745304
cifar10_proser_fedavg__split01__seed3__d0.5,4,621210772
cifar10_proser_fedavg__split01__seed3__d5.0,0,3060439701
cifar10_proser_fedavg__split01__seed3__d5.0,1,1865793065
cifar10_proser_fedavg__split01__seed3__d5.0,2,1580824835
cifar10_proser_fedavg__split01__seed3__d5.0,3,2232508062
cifar10_proser_fedavg__split01__seed3__d5.0,4,90136631
cifar10_proser_fedavg__split01__seed4__d0.1,0,1921846518
cifar10_proser_fedavg__split01__seed4__d0.1,1,1110505111
cifar10_proser_fedavg__split01__seed4__d0.1,2,3543829196
cifar10_proser_fedavg__split01__seed4__d0.1,3,809139281
cifar10_proser_fedavg__split01__seed4__d0.1,4,1634613615
cifar10_proser_fedavg__split01__seed4__d0.5,0,3721921529
cifar10_proser_fedavg__split01__seed4__d0.5,1,2436648059
cifar10_proser_fedavg__split01__seed4__d0.5,2,2988638624
cifar10_proser_fedavg__split01__seed4__d0.5,3,431687798
cifar10_proser_fedavg__split01__seed4__d0.5,4,3879517193
cifar10_proser_fedavg__split01__seed4__d5.0,0,2696447106
cifar10_proser_fedavg__split01__seed4__d5.0,1,2314808941
cifar10_proser_fedavg__split01__seed4__d5.0,2,3284067582
cifar10_proser_fedavg__split01__seed4__d5.0,3,150513372
cifar10_proser_fedavg__split01__seed4__d5.0,4,249360084
cifar10_proser_fedavg__split02__seed0__d0.1,0,1770066889
cifar10_proser_fedavg__split02__seed0__d0.1,1,3967144963
cifar10_proser_fedavg__split02__seed0__d0.1,2,223433324
cifar10_proser_fedavg__split02__seed0__d0.1,3,4219557471
cifar10_proser_fedavg__split02__seed0__d0.1,4,1518434086
cifar10_proser_fedavg__split02__seed0__d0.5,0,2015869542
cifar10_proser_fedavg__split02__seed0__d0.5,1,2518718308
cifar10_proser_fedavg__split02__seed0__d0.5,2,1924236389
cifar10_proser_fedavg__split02__seed0__d0.5,3,3654176550
cifar10_proser_fedavg__split02__seed0__d0.5,4,3801172606
cifar10_proser_fedavg__split02__seed0__d5.0,0,3731492653
cifar10_proser_fedavg__split02__seed0__d5.0,1,2444029563
cifar10_proser_fedavg__split02__seed0__d5.0,2,376759881
cifar10_proser_fedavg__split02__seed0__d5.0,3,829905989
cifar10_proser_fedavg__split02__seed0__d5.0,4,2096889431
cifar10_proser_fedavg__split02__seed1__d0.1,0,1457787604
cifar10_proser_fedavg__split02__seed1__d0.1,1,903842008
cifar10_proser_fedavg__split02__seed1__d0.1,2,2424046410
cifar10_proser_fedavg__split02__seed1__d0.1,3,1839266874
cifar10_proser_fedavg__split02__seed1__d0.1,4,3608329214
cifar10_proser_fedavg__split02__seed1__d0.5,0,3120561526
cifar10_proser_fedavg__split02__seed1__d0.5,1,4010816350
cifar10_proser_fedavg__split02__seed1__d0.5,2,574192225
cifar10_proser_fedavg__split02__seed1__d0.5,3,1943170875
cifar10_proser_fedavg__split02__seed1__d0.5,4,283704838
cifar10_proser_fedavg__split02__seed1__d5.0,0,3885870013
cifar10_proser_fedavg__split02__seed1__d5.0,1,56815961
cifar10_proser_fedavg__split02__seed1__d5.0,2,1253755606
cifar10_proser_fedavg__split02__seed1__d5.0,3,2955353693
cifar10_proser_fedavg__split02__seed1__d5.0,4,1766311621
cifar10_proser_fedavg__split02__seed2__d0.1,0,3798416628
cifar10_proser_fedavg__split02__seed2__d0.1,1,3075035220
cifar10_proser_fedavg__split02__seed2__d0.1,2,1670341192
cifar10_proser_fedavg__split02__seed2__d0.1,3,168301419
cifar10_proser_fedavg__split02__seed2__d0.1,4,4191211602
cifar10_proser_fedavg__split02__seed2__d0.5,0,1012352491
cifar10_proser_fedavg__split02__seed2__d0.5,1,625291811
cifar10_proser_fedavg__split02__seed2__d0.5,2,309766947
cifar10_proser_fedavg__split02__seed2__d0.5,3,3222733146
cifar10_proser_fedavg__split02__seed2__d0.5,4,1916698846
cifar10_proser_fedavg__split02__seed2__d5.0,0,354418613
cifar10_proser_fedavg__split02__seed2__d5.0,1,1240210127
cifar10_proser_fedavg__split02__seed2__d5.0,2,1090485113
cifar10_proser_fedavg__split02__seed2__d5.0,3,3121047627
cifar10_proser_fedavg__split02__seed2__d5.0,4,2616320992
cifar10_proser_fedavg__split02__seed3__d0.1,0,2300271012
cifar10_proser_fedavg__split02__seed3__d0.1,1,3202581385
cifar10_proser_fedavg__split02__seed3__d0.1,2,822899072
cifar10_proser_fedavg__split02__seed3__d0.1,3,7534306
cifar10_proser_fedavg__split02__seed3__d0.1,4,2787215392
cifar10_proser_fedavg__split02__seed3__d0.5,0,516036010
cifar10_proser_fedavg__split02__seed3__d0.5,1,1031319767
cifar10_proser_fedavg__split02__seed3__d0.5,2,1786175421
cifar10_proser_fedavg__split02__seed3__d0.5,3,3949853445
cifar10_proser_fedavg__split02__seed3__d0.5,4,29301535
cifar10_proser_fedavg__split02__seed3__d5.0,0,3423690328
cifar10_proser_fedavg__split02__seed3__d5.0,1,164510481
cifar10_proser_fedavg__split02__seed3__d5.0,2,329477939
cifar10_proser_fedavg__split02__seed3__d5.0,3,3849914165
cifar10_proser_fedavg__split02__seed3__d5.0,4,4191241989
cifar10_proser_fedavg__split02__seed4__d0.1,0,2522848458
cifar10_proser_fedavg__split02__seed4__d0.1,1,3725880957
cifar10_proser_fedavg__split02__seed4__d0.1,2,1569481553
cifar10_proser_fedavg__split02__seed4__d0.1,3,2036002307
cifar10_proser_fedavg__split02__seed4__d0.1,4,3928862169
cifar10_proser_fedavg__split02__seed4__d0.5,0,743607050
cifar10_proser_fedavg__split02__seed4__d0.5,1,2001720736
cifar10_proser_fedavg__split02__seed4__d0.5,2,1089067794
cifar10_proser_fedavg__split02__seed4__d0.5,3,1412991731
cifar10_proser_fedavg__split02__seed4__d0.5,4,4064391814
cifar10_proser_fedavg__split02__seed4__d5.0,0,3516586467
cifar10_proser_fedavg__split02__seed4__d5.0,1,225392173
cifar10_proser_fedavg__split02__seed4__d5.0,2,1393970203
cifar10_proser_fedavg__split02__seed4__d5.0,3,3897645239
cifar10_proser_fedavg__split02__seed4__d5.0,4,3900787181
cifar10_proser_fedavg__split03__seed0__d0.1,0,2751152076
cifar10_proser_fedavg__split03__seed0__d0.1,1,903813746
cifar10_proser_fedavg__split03__seed0__d0.1,2,690231839
cifar10_proser_fedavg__split03__seed0__d0.1,3,3366017814
cifar10_proser_fedavg__split03__seed0__d0.1,4,2329160695
cifar10_proser_fedavg__split03__seed0__d0.5,0,3653338278
cifar10_proser_fedavg__split03__seed0__d0.5,1,1092052507
cifar10_proser_fedavg__split03__seed0__d0.5,2,2308264008
cifar10_proser_fedavg__split03__seed0__d0.5,3,988163388
cifar10_proser_fedavg__split03__seed0__d0.5,4,979163395
cifar10_proser_fedavg__split03__seed0__d5.0,0,1363416859
cifar10_proser_fedavg__split03__seed0__d5.0,1,319720254
cifar10_proser_fedavg__split03__seed0__d5.0,2,3512755520
cifar10_proser_fedavg__split03__seed0__d5.0,3,1000569673
cifar10_proser_fedavg__split03__seed0__d5.0,4,2382160259
cifar10_proser_fedavg__split03__seed1__d0.1,0,701042212
cifar10_proser_fedavg__split03__seed1__d0.1,1,1365685345
cifar10_proser_fedavg__split03__seed1__d0.1,2,767855478
cifar10_proser_fedavg__split03__seed1__d0.1,3,3559148986
cifar10_proser_fedavg__split03__seed1__d0.1,4,170945878
cifar10_proser_fedavg__split03__seed1__d0.5,0,2979393759
cifar10_proser_fedavg__split03__seed1__d0.5,1,3261935919
cifar10_proser_fedavg__split03__seed1__d0.5,2,2000656546
cifar10_proser_fedavg__split03__seed1__d0.5,3,1865425906
cifar10_proser_fedavg__split03__seed1__d0.5,4,1053755884
cifar10_proser_fedavg__split03__seed1__d5.0,0,1404352743
cifar10_proser_fedavg__split03__seed1__d5.0,1,1521808132
cifar10_proser_fedavg__split03__seed1__d5.0,2,1815765292
cifar10_proser_fedavg__split03__seed1__d5.0,3,2663496829
cifar10_proser_fedavg__split03__seed1__d5.0,4,1790826582
cifar10_proser_fedavg__split03__seed2__d0.1,0,2127350043
cifar10_proser_fedavg__split03__seed2__d0.1,1,3408743728
cifar10_proser_fedavg__split03__seed2__d0.1,2,2368252895
cifar10_proser_fedavg__split03__seed2__d0.1,3,4262012660
cifar10_proser_fedavg__split03__seed2__d0.1,4,432497192
cifar10_proser_fedavg__split03__seed2__d0.5,0,4159753115
cifar10_proser_fedavg__split03__seed2__d0.5,1,1186156894
cifar10_proser_fedavg__split03__seed2__d0.5,2,1769141595
cifar10_proser_fedavg__split03__seed2__d0.5,3,1857275751
cifar10_proser_fedavg__split03__seed2__d0.5,4,2243390663
cifar10_proser_fedavg__split03__seed2__d5.0,0,3446654868
cifar10_proser_fedavg__split03__seed2__d5.0,1,2406324957
cifar10_proser_fedavg__split03__seed2__d5.0,2,3425454335
cifar10_proser_fedavg__split03__seed2__d5.0,3,2379260110
cifar10_proser_fedavg__split03__seed2__d5.0,4,4049336054
cifar10_proser_fedavg__split03__seed3__d0.1,0,3137791014
cifar10_proser_fedavg__split03__seed3__d0.1,1,2285260312
cifar10_proser_fedavg__split03__seed3__d0.1,2,3847727612
cifar10_proser_fedavg__split03__seed3__d0.1,3,53001467
cifar10_proser_fedavg__split03__seed3__d0.1,4,1450889397
cifar10_proser_fedavg__split03__seed3__d0.5,0,1318709907
cifar10_proser_fedavg__split03__seed3__d0.5,1,1132894733
cifar10_proser_fedavg__split03__seed3__d0.5,2,2940962198
cifar10_proser_fedavg__split03__seed3__d0.5,3,1572928508
cifar10_proser_fedavg__split03__seed3__d0.5,4,3074570520
cifar10_proser_fedavg__split03__seed3__d5.0,0,3217316520
cifar10_proser_fedavg__split03__seed3__d5.0,1,836871217
cifar10_proser_fedavg__split03__seed3__d5.0,2,175564226
cifar10_proser_fedavg__split03__seed3__d5.0,3,507914933
cifar10_proser_fedavg__split03__seed3__d5.0,4,3561359626
cifar10_proser_fedavg__split03__seed4__d0.1,0,1146652741
cifar10_proser_fedavg__split03__seed4__d0.1,1,313017987
cifar10_proser_fedavg__split03__seed4__d0.1,2,3794097329
cifar10_proser_fedavg__split03__seed4__d0.1,3,2963761376
cifar10_proser_fedavg__split03__seed4__d0.1,4,1715044064
cifar10_proser_fedavg__split03__seed4__d0.5,0,2439685233
cifar10_proser_fedavg__split03__seed4__d0.5,1,4071495647
cifar10_proser_fedavg__split03__seed4__d0.5,2,369932220
cifar10_proser_fedavg__split03__seed4__d0.5,3,2019576380
cifar10_proser_fedavg__split03__seed4__d0.5,4,971510146
cifar10_proser_fedavg__split03__seed4__d5.0,0,2941729566
cifar10_proser_fedavg__split03__seed4__d5.0,1,274802143
cifar10_proser_fedavg__split03__seed4__d5.0,2,2998331342
cifar10_proser_fedavg__split03__seed4__d5.0,3,135699708
cifar10_proser_fedavg__split03__seed4__d5.0,4,1005680348
cifar10_proser_fedavg__split04__seed0__d0.1,0,3832709216
cifar10_proser_fedavg__split04__seed0__d0.1,1,1955894516
cifar10_proser_fedavg__split04__seed0__d0.1,2,2113979958
cifar10_proser_fedavg__split04__seed0__d0.1,3,593657492
cifar10_proser_fedavg__split04__seed0__d0.1,4,4023278837
cifar10_proser_fedavg__split04__seed0__d0.5,0,1840787467
cifar10_proser_fedavg__split04__seed0__d0.5,1,3739301200
cifar10_proser_fedavg__split04__seed0__d0.5,2,621141831
cifar10_proser_fedavg__split04__seed0__d0.5,3,3833729534
cifar10_proser_fedavg__split04__seed0__d0.5,4,3687062438
cifar10_proser_fedavg__split04__seed0__d5.0,0,1703890868
cifar10_proser_fedavg__split04__seed0__d5.0,1,2352057352
cifar10_proser_fedavg__split04__seed0__d5.0,2,2118819885
cifar10_proser_fedavg__split04__seed0__d5.0,3,1817751388
cifar10_proser_fedavg__split04__seed0__d5.0,4,2410730274
cifar10_proser_fedavg__split04__seed1__d0.1,0,3391798615
cifar10_proser_fedavg__split04__seed1__d0.1,1,3298677214
cifar10_proser_fedavg__split04__seed1__d0.1,2,2247938705
cifar10_proser_fedavg__split04__seed1__d0.1,3,1991847117
cifar10_proser_fedavg__split04__seed1__d0.1,4,164520249
cifar10_proser_fedavg__split04__seed1__d0.5,0,367487946
cifar10_proser_fedavg__split04__seed1__d0.5,1,806624381
cifar10_proser_fedavg__split04__seed1__d0.5,2,706946995
cifar10_proser_fedavg__split04__seed1__d0.5,3,2186677387
cifar10_proser_fedavg__split04__seed1__d0.5,4,115074009
cifar10_proser_fedavg__split04__seed1__d5.0,0,1650678017
cifar10_proser_fedavg__split04__seed1__d5.0,1,4263915619
cifar10_proser_fedavg__split04__seed1__d5.0,2,764182502
cifar10_proser_fedavg__split04__seed1__d5.0,3,3077657385
cifar10_proser_fedavg__split04__seed1__d5.0,4,3177244211
cifar10_proser_fedavg__split04__seed2__d0.1,0,2768605171
cifar10_proser_fedavg__split04__seed2__d0.1,1,78893615
cifar10_proser_fedavg__split04__seed2__d0.1,2,3215619910
cifar10_proser_fedavg__split04__seed2__d0.1,3,2236860861
cifar10_proser_fedavg__split04__seed2__d0.1,4,3179818316
cifar10_proser_fedavg__split04__seed2__d0.5,0,3323853719
cifar10_proser_fedavg__split04__seed2__d0.5,1,2487827926
cifar10_proser_fedavg__split04__seed2__d0.5,2,900103112
cifar10_proser_fedavg__split04__seed2__d0.5,3,1804192079
cifar10_proser_fedavg__split04__seed2__d0.5,4,3859248903
cifar10_proser_fedavg__split04__seed2__d5.0,0,3175132731
cifar10_proser_fedavg__split04__seed2__d5.0,1,1225453514
cifar10_proser_fedavg__split04__seed2__d5.0,2,3495459085
cifar10_proser_fedavg__split04__seed2__d5.0,3,2092898824
cifar10_proser_fedavg__split04__seed2__d5.0,4,381956709
cifar10_proser_fedavg__split04__seed3__d0.1,0,4183846511
cifar10_proser_fedavg__split04__seed3__d0.1,1,4103714379
cifar10_proser_fedavg__split04__seed3__d0.1,2,2382920502
cifar10_proser_fedavg__split04__seed3__d0.1,3,2564949922
cifar10_proser_fedavg__split04__seed3__d0.1,4,620394145
cifar10_proser_fedavg__split04__seed3__d0.5,0,1110992821
cifar10_proser_fedavg__split04__seed3__d0.5,1,1008705986
cifar10_proser_fedavg__split04__seed3__d0.5,2,4107009897
cifar10_proser_fedavg__split04__seed3__d0.5,3,911305581
cifar10_proser_fedavg__split04__seed3__d0.5,4,3258470133
cifar10_proser_fedavg__split04__seed3__d5.0,0,2330133926
cifar10_proser_fedavg__split04__seed3__d5.0,1,1219540459
cifar10_proser_fedavg__split04__seed3__d5.0,2,29187328
cifar10_proser_fedavg__split04__seed3__d5.0,3,1170886413
cifar10_proser_fedavg__split04__seed3__d5.0,4,2532292990
cifar10_proser_fedavg__split04__seed4__d0.1,0,2639208151
cifar10_proser_fedavg__split04__seed4__d0.1,1,3590484044
cifar10_proser_fedavg__split04__seed4__d0.1,2,3068501478
cifar10_proser_fedavg__split04__seed4__d0.1,3,1717208307
cifar10_proser_fedavg__split04__seed4__d0.1,4,2908750770
cifar10_proser_fedavg__split04__seed4__d0.5,0,2352763720
cifar10_proser_fedavg__split04__seed4__d0.5,1,2475156944
cifar10_proser_fedavg__split04__seed4__d0.5,2,1070577072
cifar10_proser_fedavg__split04__seed4__d0.5,3,1561028558
cifar10_proser_fedavg__split04__seed4__d0.5,4,175584587
cifar10_proser_fedavg__split04__seed4__d5.0,0,161591658
cifar10_proser_fedavg__split04__seed4__d5.0,1,216188452
cifar10_proser_fedavg__split04__seed4__d5.0,2,109929769
cifar10_proser_fedavg__split04__seed4__d5.0,3,3264498183
cifar10_proser_fedavg__split04__seed4__d5.0,4,476289285
cifar10_proser_fedavg__split05__seed0__d0.1,0,3269806302
cifar10_proser_fedavg__split05__seed0__d0.1,1,669747357
cifar10_proser_fedavg__split05__seed0__d0.1,2,2890371530
cifar10_proser_fedavg__split05__seed0__d0.1,3,3191597960
cifar10_proser_fedavg__split05__seed0__d0.1,4,46665488
cifar10_proser_fedavg__split05__seed0__d0.5,0,1812158860
cifar10_proser_fedavg__split05__seed0__d0.5,1,303438462
cifar10_proser_fedavg__split05__seed0__d0.5,2,1354222219
cifar10_proser_fedavg__split05__seed0__d0.5,3,995766556
cifar10_proser_fedavg__split05__seed0__d0.5,4,2625814563
cifar10_proser_fedavg__split05__seed0__d5.0,0,1562540777
cifar10_proser_fedavg__split05__seed0__d5.0,1,3372894247
cifar10_proser_fedavg__split05__seed0__d5.0,2,3997035838
cifar10_proser_fedavg__split05__seed0__d5.0,3,3411748091
cifar10_proser_fedavg__split05__seed0__d5.0,4,4083583744
cifar10_proser_fedavg__split05__seed1__d0.1,0,1818592125
cifar10_proser_fedavg__split05__seed1__d0.1,1,699982515
cifar10_proser_fedavg__split05__seed1__d0.1,2,2195085119
cifar10_proser_fedavg__split05__seed1__d0.1,3,3338435978
cifar10_proser_fedavg__split05__seed1__d0.1,4,2692630311
cifar10_proser_fedavg__split05__seed1__d0.5,0,3769453076
cifar10_proser_fedavg__split05__seed1__d0.5,1,2523155207
cifar10_proser_fedavg__split05__seed1__d0.5,2,3631587408
cifar10_proser_fedavg__split05__seed1__d0.5,3,3873303059
cifar10_proser_fedavg__split05__seed1__d0.5,4,1934396551
cifar10_proser_fedavg__split05__seed1__d5.0,0,453175609
cifar10_proser_fedavg__split05__seed1__d5.0,1,3922030475
cifar10_proser_fedavg__split05__seed1__d5.0,2,2438570321
cifar10_proser_fedavg__split05__seed1__d5.0,3,190073106
cifar10_proser_fedavg__split05__seed1__d5.0,4,1070237222
cifar10_proser_fedavg__split05__seed2__d0.1,0,903982054
cifar10_proser_fedavg__split05__seed2__d0.1,1,3224882425
cifar10_proser_fedavg__split05__seed2__d0.1,2,3273481254
cifar10_proser_fedavg__split05__seed2__d0.1,3,2156230950
cifar10_proser_fedavg__split05__seed2__d0.1,4,3199384118
cifar10_proser_fedavg__split05__seed2__d0.5,0,3517821857
cifar10_proser_fedavg__split05__seed2__d0.5,1,1894085870
cifar10_proser_fedavg__split05__seed2__d0.5,2,663573138
cifar10_proser_fedavg__split05__seed2__d0.5,3,1200397806
cifar10_proser_fedavg__split05__seed2__d0.5,4,2926676648
cifar10_proser_fedavg__split05__seed2__d5.0,0,3331069113
cifar10_proser_fedavg__split05__seed2__d5.0,1,861348245
cifar10_proser_fedavg__split05__seed2__d5.0,2,394987903
cifar10_proser_fedavg__split05__seed2__d5.0,3,3933363324
cifar10_proser_fedavg__split05__seed2__d5.0,4,3404983639
cifar10_proser_fedavg__split05__seed3__d0.1,0,3091950820
cifar10_proser_fedavg__split05__seed3__d0.1,1,2346380486
cifar10_proser_fedavg__split05__seed3__d0.1,2,573998529
cifar10_proser_fedavg__split05__seed3__d0.1,3,720344766
cifar10_proser_fedavg__split05__seed3__d0.1,4,762824566
cifar10_proser_fedavg__split05__seed3__d0.5,0,3636207018
cifar10_proser_fedavg__split05__seed3__d0.5,1,2380269269
cifar10_proser_fedavg__split05__seed3__d0.5,2,1924351729
cifar10_proser_fedavg__split05__seed3__d0.5,3,3144192210
cifar10_proser_fedavg__split05__seed3__d0.5,4,3024857820
cifar10_proser_fedavg__split05__seed3__d5.0,0,734484369
cifar10_proser_fedavg__split05__seed3__d5.0,1,1073649710
cifar10_proser_fedavg__split05__seed3__d5.0,2,1547176738
cifar10_proser_fedavg__split05__seed3__d5.0,3,1384099138
cifar10_proser_fedavg__split05__seed3__d5.0,4,1823303817
cifar10_proser_fedavg__split05__seed4__d0.1,0,4269766024
cifar10_proser_fedavg__split05__seed4__d0.1,1,4207372008
cifar10_proser_fedavg__split05__seed4__d0.1,2,1649320858
cifar10_proser_fedavg__split05__seed4__d0.1,3,2145256618
cifar10_proser_fedavg__split05__seed4__d0.1,4,2684974904
cifar10_proser_fedavg__split05__seed4__d0.5,0,9490780
cifar10_proser_fedavg__split05__seed4__d0.5,1,1421845138
cifar10_proser_fedavg__split05__seed4__d0.5,2,1289492496
cifar10_proser_fedavg__split05__seed4__d0.5,3,2618131561
cifar10_proser_fedavg__split05__seed4__d0.5,4,872563429
cifar10_proser_fedavg__split05__seed4__d5.0,0,2150335824
cifar10_proser_fedavg__split05__seed4__d5.0,1,132210351
cifar10_proser_fedavg__split05__seed4__d5.0,2,1060375291
cifar10_proser_fedavg__split05__seed4__d5.0,3,3760002876
cifar10_proser_fedavg__split05__seed4__d5.0,4,2645866785
cifar10_proser_fedavg__split06__seed0__d0.1,0,147022366
cifar10_proser_fedavg__split06__seed0__d0.1,1,2999400406
cifar10_proser_fedavg__split06__seed0__d0.1,2,3420933919
cifar10_proser_fedavg__split06__seed0__d0.1,3,3777343961
cifar10_proser_fedavg__split06__seed0__d0.1,4,516534378
cifar10_proser_fedavg__split06__seed0__d0.5,0,2543603897
cifar10_proser_fedavg__split06__seed0__d0.5,1,1613931122
cifar10_proser_fedavg__split06__seed0__d0.5,2,2307142221
cifar10_proser_fedavg__split06__seed0__d0.5,3,2374403294
cifar10_proser_fedavg__split06__seed0__d0.5,4,1005794017
cifar10_proser_fedavg__split06__seed0__d5.0,0,2927749726
cifar10_proser_fedavg__split06__seed0__d5.0,1,3586292346
cifar10_proser_fedavg__split06__seed0__d5.0,2,978570
cifar10_proser_fedavg__split06__seed0__d5.0,3,377411946
cifar10_proser_fedavg__split06__seed0__d5.0,4,1153959998
cifar10_proser_fedavg__split06__seed1__d0.1,0,1999431811
cifar10_proser_fedavg__split06__seed1__d0.1,1,2994617021
cifar10_proser_fedavg__split06__seed1__d0.1,2,4167412870
cifar10_proser_fedavg__split06__seed1__d0.1,3,1106078122
cifar10_proser_fedavg__split06__seed1__d0.1,4,2994421999
cifar10_proser_fedavg__split06__seed1__d0.5,0,2361624844
cifar10_proser_fedavg__split06__seed1__d0.5,1,2577461410
cifar10_proser_fedavg__split06__seed1__d0.5,2,2767368460
cifar10_proser_fedavg__split06__seed1__d0.5,3,4285306153
cifar10_proser_fedavg__split06__seed1__d0.5,4,2063613485
cifar10_proser_fedavg__split06__seed1__d5.0,0,737862679
cifar10_proser_fedavg__split06__seed1__d5.0,1,3968333459
cifar10_proser_fedavg__split06__seed1__d5.0,2,2629933015
cifar10_proser_fedavg__split06__seed1__d5.0,3,2260258038
cifar10_proser_fedavg__split06__seed1__d5.0,4,338408897
cifar10_proser_fedavg__split06__seed2__d0.1,0,1097750514
cifar10_proser_fedavg__split06__seed2__d0.1,1,291876367
cifar10_proser_fedavg__split06__seed2__d0.1,2,1965260158
cifar10_proser_fedavg__split06__seed2__d0.1,3,915115829
cifar10_proser_fedavg__split06__seed2__d0.1,4,1126122272
cifar10_proser_fedavg__split06__seed2__d0.5,0,3820126452
cifar10_proser_fedavg__split06__seed2__d0.5,1,441946296
cifar10_proser_fedavg__split06__seed2__d0.5,2,1679999974
cifar10_proser_fedavg__split06__seed2__d0.5,3,1747318170
cifar10_proser_fedavg__split06__seed2__d0.5,4,1485205233
cifar10_proser_fedavg__split06__seed2__d5.0,0,4164917199
cifar10_proser_fedavg__split06__seed2__d5.0,1,2096251267
cifar10_proser_fedavg__split06__seed2__d5.0,2,1014573937
cifar10_proser_fedavg__split06__seed2__d5.0,3,4010292452
cifar10_proser_fedavg__split06__seed2__d5.0,4,2659294831
cifar10_proser_fedavg__split06__seed3__d0.1,0,3434649937
cifar10_proser_fedavg__split06__seed3__d0.1,1,2883575515
cifar10_proser_fedavg__split06__seed3__d0.1,2,1878337425
cifar10_proser_fedavg__split06__seed3__d0.1,3,3756809162
cifar10_proser_fedavg__split06__seed3__d0.1,4,909542189
cifar10_proser_fedavg__split06__seed3__d0.5,0,3385323762
cifar10_proser_fedavg__split06__seed3__d0.5,1,3281768684
cifar10_proser_fedavg__split06__seed3__d0.5,2,4033518520
cifar10_proser_fedavg__split06__seed3__d0.5,3,2198056574
cifar10_proser_fedavg__split06__seed3__d0.5,4,2679074197
cifar10_proser_fedavg__split06__seed3__d5.0,0,451383545
cifar10_proser_fedavg__split06__seed3__d5.0,1,1672540007
cifar10_proser_fedavg__split06__seed3__d5.0,2,594807192
cifar10_proser_fedavg__split06__seed3__d5.0,3,3821558444
cifar10_proser_fedavg__split06__seed3__d5.0,4,4270373309
cifar10_proser_fedavg__split06__seed4__d0.1,0,2504679850
cifar10_proser_fedavg__split06__seed4__d0.1,1,182708775
cifar10_proser_fedavg__split06__seed4__d0.1,2,1425520692
cifar10_proser_fedavg__split06__seed4__d0.1,3,1188750666
cifar10_proser_fedavg__split06__seed4__d0.1,4,2465516188
cifar10_proser_fedavg__split06__seed4__d0.5,0,1300970782
cifar10_proser_fedavg__split06__seed4__d0.5,1,4211340831
cifar10_proser_fedavg__split06__seed4__d0.5,2,418610871
cifar10_proser_fedavg__split06__seed4__d0.5,3,2758095766
cifar10_proser_fedavg__split06__seed4__d0.5,4,1502799894
cifar10_proser_fedavg__split06__seed4__d5.0,0,1542667152
cifar10_proser_fedavg__split06__seed4__d5.0,1,2742000292
cifar10_proser_fedavg__split06__seed4__d5.0,2,13990743
cifar10_proser_fedavg__split06__seed4__d5.0,3,1693439179
cifar10_proser_fedavg__split06__seed4__d5.0,4,1974111830
cifar10_proser_fedavg__split07__seed0__d0.1,0,4207256102
cifar10_proser_fedavg__split07__seed0__d0.1,1,2340197774
cifar10_proser_fedavg__split07__seed0__d0.1,2,3750220981
cifar10_proser_fedavg__split07__seed0__d0.1,3,1670386359
cifar10_proser_fedavg__split07__seed0__d0.1,4,3411246703
cifar10_proser_fedavg__split07__seed0__d0.5,0,3540346450
cifar10_proser_fedavg__split07__seed0__d0.5,1,3439330546
cifar10_proser_fedavg__split07__seed0__d0.5,2,1726755878
cifar10_proser_fedavg__split07__seed0__d0.5,3,2254347360
cifar10_proser_fedavg__split07__seed0__d0.5,4,137661902
cifar10_proser_fedavg__split07__seed0__d5.0,0,4046386356
cifar10_proser_fedavg__split07__seed0__d5.0,1,1356092886
cifar10_proser_fedavg__split07__seed0__d5.0,2,2079258891
cifar10_proser_fedavg__split07__seed0__d5.0,3,975045453
cifar10_proser_fedavg__split07__seed0__d5.0,4,952269595
cifar10_proser_fedavg__split07__seed1__d0.1,0,249150811
cifar10_proser_fedavg__split07__seed1__d0.1,1,3196055219
cifar10_proser_fedavg__split07__seed1__d0.1,2,60699599
cifar10_proser_fedavg__split07__seed1__d0.1,3,1527890352
cifar10_proser_fedavg__split07__seed1__d0.1,4,3328440054
cifar10_proser_fedavg__split07__seed1__d0.5,0,1254061113
cifar10_proser_fedavg__split07__seed1__d0.5,1,50985693
cifar10_proser_fedavg__split07__seed1__d0.5,2,1352232812
cifar10_proser_fedavg__split07__seed1__d0.5,3,3558639730
cifar10_proser_fedavg__split07__seed1__d0.5,4,82376614
cifar10_proser_fedavg__split07__seed1__d5.0,0,2790217618
cifar10_proser_fedavg__split07__seed1__d5.0,1,1861340317
cifar10_proser_fedavg__split07__seed1__d5.0,2,3777221388
cifar10_proser_fedavg__split07__seed1__d5.0,3,3427984250
cifar10_proser_fedavg__split07__seed1__d5.0,4,1759756128
cifar10_proser_fedavg__split07__seed2__d0.1,0,4079728212
cifar10_proser_fedavg__split07__seed2__d0.1,1,2512962401
cifar10_proser_fedavg__split07__seed2__d0.1,2,2000752152
cifar10_proser_fedavg__split07__seed2__d0.1,3,3995499019
cifar10_proser_fedavg__split07__seed2__d0.1,4,1437707589
cifar10_proser_fedavg__split07__seed2__d0.5,0,190412590
cifar10_proser_fedavg__split07__seed2__d0.5,1,3596951772
cifar10_proser_fedavg__split07__seed2__d0.5,2,358382498
cifar10_proser_fedavg__split07__seed2__d0.5,3,2471559011
cifar10_proser_fedavg__split07__seed2__d0.5,4,2086467251
cifar10_proser_fedavg__split07__seed2__d5.0,0,1387520834
cifar10_proser_fedavg__split07__seed2__d5.0,1,2234447937
cifar10_proser_fedavg__split07__seed2__d5.0,2,1101714578
cifar10_proser_fedavg__split07__seed2__d5.0,3,2158218916
cifar10_proser_fedavg__split07__seed2__d5.0,4,1730148476
cifar10_proser_fedavg__split07__seed3__d0.1,0,3101936918
cifar10_proser_fedavg__split07__seed3__d0.1,1,2916437047
cifar10_proser_fedavg__split07__seed3__d0.1,2,2223183884
cifar10_proser_fedavg__split07__seed3__d0.1,3,4065173815
cifar10_proser_fedavg__split07__seed3__d0.1,4,2994649778
cifar10_proser_fedavg__split07__seed3__d0.5,0,615037080
cifar10_proser_fedavg__split07__seed3__d0.5,1,3526266351
cifar10_proser_fedavg__split07__seed3__d0.5,2,2890931629
cifar10_proser_fedavg__split07__seed3__d0.5,3,899168132
cifar10_proser_fedavg__split07__seed3__d0.5,4,3502846040
cifar10_proser_fedavg__split07__seed3__d5.0,0,3453485970
cifar10_proser_fedavg__split07__seed3__d5.0,1,2552664083
cifar10_proser_fedavg__split07__seed3__d5.0,2,2714437106
cifar10_proser_fedavg__split07__seed3__d5.0,3,1916468703
cifar10_proser_fedavg__split07__seed3__d5.0,4,4200622087
cifar10_proser_fedavg__split07__seed4__d0.1,0,288046816
cifar10_proser_fedavg__split07__seed4__d0.1,1,733828282
cifar10_proser_fedavg__split07__seed4__d0.1,2,2955857611
cifar10_proser_fedavg__split07__seed4__d0.1,3,2954270226
cifar10_proser_fedavg__split07__seed4__d0.1,4,3452712866
cifar10_proser_fedavg__split07__seed4__d0.5,0,4151310096
cifar10_proser_fedavg__split07__seed4__d0.5,1,2944207520
cifar10_proser_fedavg__split07__seed4__d0.5,2,2822456238
cifar10_proser_fedavg__split07__seed4__d0.5,3,3993101693
cifar10_proser_fedavg__split07__seed4__d0.5,4,2528490941
cifar10_proser_fedavg__split07__seed4__d5.0,0,2156736876
cifar10_proser_fedavg__split07__seed4__d5.0,1,809248921
cifar10_proser_fedavg__split07__seed4__d5.0,2,2908622194
cifar10_proser_fedavg__split07__seed4__d5.0,3,3082694091
cifar10_proser_fedavg__split07__seed4__d5.0,4,3630900269
cifar10_proser_fedavg__split08__seed0__d0.1,0,615906697
cifar10_proser_fedavg__split08__seed0__d0.1,1,3285645149
cifar10_proser_fedavg__split08__seed0__d0.1,2,2236161180
cifar10_proser_fedavg__split08__seed0__d0.1,3,3560353419
cifar10_proser_fedavg__split08__seed0__d0.1,4,420544831
cifar10_proser_fedavg__split08__seed0__d0.5,0,2292377434
cifar10_proser_fedavg__split08__seed0__d0.5,1,3242156809
cifar10_proser_fedavg__split08__seed0__d0.5,2,1562090816
cifar10_proser_fedavg__split08__seed0__d0.5,3,542972861
cifar10_proser_fedavg__split08__seed0__d0.5,4,1295954050
cifar10_proser_fedavg__split08__seed0__d5.0,0,1337328870
cifar10_proser_fedavg__split08__seed0__d5.0,1,591241286
cifar10_proser_fedavg__split08__seed0__d5.0,2,2141181555
cifar10_proser_fedavg__split08__seed0__d5.0,3,3541131273
cifar10_proser_fedavg__split08__seed0__d5.0,4,2534629155
cifar10_proser_fedavg__split08__seed1__d0.1,0,962277032
cifar10_proser_fedavg__split08__seed1__d0.1,1,2019642843
cifar10_proser_fedavg__split08__seed1__d0.1,2,3575371084
cifar10_proser_fedavg__split08__seed1__d0.1,3,758487167
cifar10_proser_fedavg__split08__seed1__d0.1,4,3754652033
cifar10_proser_fedavg__split08__seed1__d0.5,0,3473537704
cifar10_proser_fedavg__split08__seed1__d0.5,1,4097464214
cifar10_proser_fedavg__split08__seed1__d0.5,2,46507681
cifar10_proser_fedavg__split08__seed1__d0.5,3,1436504198
cifar10_proser_fedavg__split08__seed1__d0.5,4,1199023681
cifar10_proser_fedavg__split08__seed1__d5.0,0,2232979819
cifar10_proser_fedavg__split08__seed1__d5.0,1,2838260981
cifar10_proser_fedavg__split08__seed1__d5.0,2,3851688854
cifar10_proser_fedavg__split08__seed1__d5.0,3,2153401391
cifar10_proser_fedavg__split08__seed1__d5.0,4,4160104832
cifar10_proser_fedavg__split08__seed2__d0.1,0,1914054251
cifar10_proser_fedavg__split08__seed2__d0.1,1,1854821409
cifar10_proser_fedavg__split08__seed2__d0.1,2,1725824472
cifar10_proser_fedavg__split08__seed2__d0.1,3,317281598
cifar10_proser_fedavg__split08__seed2__d0.1,4,3955570582
cifar10_proser_fedavg__split08__seed2__d0.5,0,3056984017
cifar10_proser_fedavg__split08__seed2__d0.5,1,1701149333
cifar10_proser_fedavg__split08__seed2__d0.5,2,2819343018
cifar10_proser_fedavg__split08__seed2__d0.5,3,2358197342
cifar10_proser_fedavg__split08__seed2__d0.5,4,407196089
cifar10_proser_fedavg__split08__seed2__d5.0,0,1055028736
cifar10_proser_fedavg__split08__seed2__d5.0,1,2105828614
cifar10_proser_fedavg__split08__seed2__d5.0,2,2631091882
cifar10_proser_fedavg__split08__seed2__d5.0,3,3455561226
cifar10_proser_fedavg__split08__seed2__d5.0,4,798116976
cifar10_proser_fedavg__split08__seed3__d0.1,0,3488405627
cifar10_proser_fedavg__split08__seed3__d0.1,1,1460617803
cifar10_proser_fedavg__split08__seed3__d0.1,2,878686505
cifar10_proser_fedavg__split08__seed3__d0.1,3,586799077
cifar10_proser_fedavg__split08__seed3__d0.1,4,1177324528
cifar10_proser_fedavg__split08__seed3__d0.5,0,2128194105
cifar10_proser_fedavg__split08__seed3__d0.5,1,3978945118
cifar10_proser_fedavg__split08__seed3__d0.5,2,2594070585
cifar10_proser_fedavg__split08__seed3__d0.5,3,2452797147
cifar10_proser_fedavg__split08__seed3__d0.5,4,2347171841
cifar10_proser_fedavg__split08__seed3__d5.0,0,4090156146
cifar10_proser_fedavg__split08__seed3__d5.0,1,2638355925
cifar10_proser_fedavg__split08__seed3__d5.0,2,566806352
cifar10_proser_fedavg__split08__seed3__d5.0,3,3351153272
cifar10_proser_fedavg__split08__seed3__d5.0,4,3320305745
cifar10_proser_fedavg__split08__seed4__d0.1,0,2290824127
cifar10_proser_fedavg__split08__seed4__d0.1,1,3413212276
cifar10_proser_fedavg__split08__seed4__d0.1,2,1729507787
cifar10_proser_fedavg__split08__seed4__d0.1,3,1918546760
cifar10_proser_fedavg__split08__seed4__d0.1,4,752631467
cifar10_proser_fedavg__split08__seed4__d0.5,0,3395685526
cifar10_proser_fedavg__split08__seed4__d0.5,1,4288163776
cifar10_proser_fedavg__split08__seed4__d0.5,2,2230716502
cifar10_proser_fedavg__split08__seed4__d0.5,3,974644662
cifar10_proser_fedavg__split08__seed4__d0.5,4,1642178420
cifar10_proser_fedavg__split08__seed4__d5.0,0,3739145118
cifar10_proser_fedavg__split08__seed4__d5.0,1,3362219707
cifar10_proser_fedavg__split08__seed4__d5.0,2,282452878
cifar10_proser_fedavg__split08__seed4__d5.0,3,3222461447
cifar10_proser_fedavg__split08__seed4__d5.0,4,317246285
cifar10_proser_fedavg__split09__seed0__d0.1,0,2894804960
cifar10_proser_fedavg__split09__seed0__d0.1,1,1408511031
cifar10_proser_fedavg__split09__seed0__d0.1,2,306524001
cifar10_proser_fedavg__split09__seed0__d0.1,3,1749315857
cifar10_proser_fedavg__split09__seed0__d0.1,4,240576742
cifar10_proser_fedavg__split09__seed0__d0.5,0,3279642171
cifar10_proser_fedavg__split09__seed0__d0.5,1,3557128400
cifar10_proser_fedavg__split09__seed0__d0.5,2,57891919
cifar10_proser_fedavg__split09__seed0__d0.5,3,530763902
cifar10_proser_fedavg__split09__seed0__d0.5,4,4150071221
cifar10_proser_fedavg__split09__seed0__d5.0,0,2517692445
cifar10_proser_fedavg__split09__seed0__d5.0,1,1516861803
cifar10_proser_fedavg__split09__seed0__d5.0,2,3797827470
cifar10_proser_fedavg__split09__seed0__d5.0,3,2762469798
cifar10_proser_fedavg__split09__seed0__d5.0,4,1989980139
cifar10_proser_fedavg__split09__seed1__d0.1,0,2538808989
cifar10_proser_fedavg__split09__seed1__d0.1,1,2378644455
cifar10_proser_fedavg__split09__seed1__d0.1,2,3424923344
cifar10_proser_fedavg__split09__seed1__d0.1,3,1763410344
cifar10_proser_fedavg__split09__seed1__d0.1,4,3650366073
cifar10_proser_fedavg__split09__seed1__d0.5,0,2118593940
cifar10_proser_fedavg__split09__seed1__d0.5,1,3967697838
cifar10_proser_fedavg__split09__seed1__d0.5,2,154862431
cifar10_proser_fedavg__split09__seed1__d0.5,3,87856233
cifar10_proser_fedavg__split09__seed1__d0.5,4,2842599560
cifar10_proser_fedavg__split09__seed1__d5.0,0,2985743977
cifar10_proser_fedavg__split09__seed1__d5.0,1,607075881
cifar10_proser_fedavg__split09__seed1__d5.0,2,2555144971
cifar10_proser_fedavg__split09__seed1__d5.0,3,2653265814
cifar10_proser_fedavg__split09__seed1__d5.0,4,144705324
cifar10_proser_fedavg__split09__seed2__d0.1,0,2457970117
cifar10_proser_fedavg__split09__seed2__d0.1,1,780271936
cifar10_proser_fedavg__split09__seed2__d0.1,2,2263822230
cifar10_proser_fedavg__split09__seed2__d0.1,3,1108679649
cifar10_proser_fedavg__split09__seed2__d0.1,4,36958864
cifar10_proser_fedavg__split09__seed2__d0.5,0,1756973125
cifar10_proser_fedavg__split09__seed2__d0.5,1,134968913
cifar10_proser_fedavg__split09__seed2__d0.5,2,2163006339
cifar10_proser_fedavg__split09__seed2__d0.5,3,1744234176
cifar10_proser_fedavg__split09__seed2__d0.5,4,2362229364
cifar10_proser_fedavg__split09__seed2__d5.0,0,3954307816
cifar10_proser_fedavg__split09__seed2__d5.0,1,2321034789
cifar10_proser_fedavg__split09__seed2__d5.0,2,2408338449
cifar10_proser_fedavg__split09__seed2__d5.0,3,1350937913
cifar10_proser_fedavg__split09__seed2__d5.0,4,1591633731
cifar10_proser_fedavg__split09__seed3__d0.1,0,3757521765
cifar10_proser_fedavg__split09__seed3__d0.1,1,731778607
cifar10_proser_fedavg__split09__seed3__d0.1,2,3654883410
cifar10_proser_fedavg__split09__seed3__d0.1,3,2247906549
cifar10_proser_fedavg__split09__seed3__d0.1,4,1297664519
cifar10_proser_fedavg__split09__seed3__d0.5,0,1585137181
cifar10_proser_fedavg__split09__seed3__d0.5,1,1807401264
cifar10_proser_fedavg__split09__seed3__d0.5,2,2293556852
cifar10_proser_fedavg__split09__seed3__d0.5,3,3110327063
cifar10_proser_fedavg__split09__seed3__d0.5,4,3687996669
cifar10_proser_fedavg__split09__seed3__d5.0,0,1616677210
cifar10_proser_fedavg__split09__seed3__d5.0,1,2228945485
cifar10_proser_fedavg__split09__seed3__d5.0,2,4212981084
cifar10_proser_fedavg__split09__seed3__d5.0,3,4282023844
cifar10_proser_fedavg__split09__seed3__d5.0,4,418984342
cifar10_proser_fedavg__split09__seed4__d0.1,0,1526574007
cifar10_proser_fedavg__split09__seed4__d0.1,1,2259301078
cifar10_proser_fedavg__split09__seed4__d0.1,2,3977834712
cifar10_proser_fedavg__split09__seed4__d0.1,3,3951426978
cifar10_proser_fedavg__split09__seed4__d0.1,4,1679301357
cifar10_proser_fedavg__split09__seed4__d0.5,0,926921426
cifar10_proser_fedavg__split09__seed4__d0.5,1,3524460382
cifar10_proser_fedavg__split09__seed4__d0.5,2,1020539176
cifar10_proser_fedavg__split09__seed4__d0.5,3,1354530239
cifar10_proser_fedavg__split09__seed4__d0.5,4,1868113320
cifar10_proser_fedavg__split09__seed4__d5.0,0,1015556666
cifar10_proser_fedavg__split09__seed4__d5.0,1,2901742177
cifar10_proser_fedavg__split09__seed4__d5.0,2,1537794379
cifar10_proser_fedavg__split09__seed4__d5.0,3,3198936205
cifar10_proser_fedavg__split09__seed4__d5.0,4,1132763019
