dataset,alpha,t,method,phase,N,certified,eca_mean_percent,eca_sd_percent
cifar10,0.2,0.5,RATIO,ORIGINAL_EXPLORATORY,150,52,9.627509852009606,14.2668768380211
cifar10,0.2,0.5,MASS_CP,ORIGINAL_EXPLORATORY,150,36,6.70410358153193,12.443432472801105
cifar10,0.2,0.5,HOEFFDING_H,ORIGINAL_EXPLORATORY,150,15,3.3865991708760737,10.343410928710153
cifar10,0.2,0.5,DIRECT_BETTING_H,ORIGINAL_EXPLORATORY,150,76,16.144499766385188,17.971640186768216
cifar10,0.2,0.5,SCALE_H,ORIGINAL_EXPLORATORY,150,75,16.25328704680257,18.07188081017774
cifar10,0.2,0.5,CP_IUT_H,ORIGINAL_EXPLORATORY,150,63,11.49039221081624,15.232723857655861
cifar10,0.2,0.5,COMPOSED_CP_BETTING_H,ORIGINAL_EXPLORATORY,150,72,15.207463370526975,17.469116120760003
cifar10,0.2,0.5,BETTING_ECLOSED,FOLLOWUP_EXPLORATORY,150,77,16.245274851293814,17.993109124738858
cifar10,0.2,0.5,SCALE_ECLOSED,FOLLOWUP_EXPLORATORY,150,77,16.492145389554608,18.135790426633307
cifar100,0.2,0.5,RATIO,ORIGINAL_EXPLORATORY,150,2,0.09116757461507433,0.8106746247507078
cifar100,0.2,0.5,MASS_CP,ORIGINAL_EXPLORATORY,150,0,0.0,0.0
cifar100,0.2,0.5,HOEFFDING_H,ORIGINAL_EXPLORATORY,150,0,0.0,0.0
cifar100,0.2,0.5,DIRECT_BETTING_H,ORIGINAL_EXPLORATORY,150,40,2.5296419657568276,4.587798171151685
cifar100,0.2,0.5,SCALE_H,ORIGINAL_EXPLORATORY,150,40,2.614017196007857,4.74556982488334
cifar100,0.2,0.5,CP_IUT_H,ORIGINAL_EXPLORATORY,150,9,0.46721123079478505,2.05974350084364
cifar100,0.2,0.5,COMPOSED_CP_BETTING_H,ORIGINAL_EXPLORATORY,150,32,1.9912179402372263,4.140956075138518
cifar100,0.2,0.5,BETTING_ECLOSED,FOLLOWUP_EXPLORATORY,150,43,2.724227512416654,4.72130383813527
cifar100,0.2,0.5,SCALE_ECLOSED,FOLLOWUP_EXPLORATORY,150,45,2.951822899516837,4.976401480148055
officehome,0.2,0.5,RATIO,ORIGINAL_EXPLORATORY,100,69,10.980951219946604,8.112641397898807
officehome,0.2,0.5,MASS_CP,ORIGINAL_EXPLORATORY,100,41,6.0683824119280265,7.610156991382014
officehome,0.2,0.5,HOEFFDING_H,ORIGINAL_EXPLORATORY,100,0,0.0,0.0
officehome,0.2,0.5,DIRECT_BETTING_H,ORIGINAL_EXPLORATORY,100,95,17.338766509443182,5.834341885333257
officehome,0.2,0.5,SCALE_H,ORIGINAL_EXPLORATORY,100,95,17.787034359255557,5.956680180356614
officehome,0.2,0.5,CP_IUT_H,ORIGINAL_EXPLORATORY,100,79,13.35066802015483,7.961780439776349
officehome,0.2,0.5,COMPOSED_CP_BETTING_H,ORIGINAL_EXPLORATORY,100,93,16.69420137983242,6.15707983998082
officehome,0.2,0.5,BETTING_ECLOSED,FOLLOWUP_EXPLORATORY,100,95,17.53607355995843,5.9444843344861775
officehome,0.2,0.5,SCALE_ECLOSED,FOLLOWUP_EXPLORATORY,100,96,18.20528686307916,5.823304182771158
pathmnist,0.2,0.5,RATIO,ORIGINAL_EXPLORATORY,50,23,17.270286755580923,20.74816163193832
pathmnist,0.2,0.5,MASS_CP,ORIGINAL_EXPLORATORY,50,12,10.035456660997749,18.575970346629223
pathmnist,0.2,0.5,HOEFFDING_H,ORIGINAL_EXPLORATORY,50,11,10.582250368748106,20.29164381848362
pathmnist,0.2,0.5,DIRECT_BETTING_H,ORIGINAL_EXPLORATORY,50,36,28.18489686362521,21.51773221540646
pathmnist,0.2,0.5,SCALE_H,ORIGINAL_EXPLORATORY,50,38,29.982701004796176,20.860543424998244
pathmnist,0.2,0.5,CP_IUT_H,ORIGINAL_EXPLORATORY,50,26,19.382472653881138,21.291706280287645
pathmnist,0.2,0.5,COMPOSED_CP_BETTING_H,ORIGINAL_EXPLORATORY,50,33,26.49494305234008,21.85871607626759
pathmnist,0.2,0.5,BETTING_ECLOSED,FOLLOWUP_EXPLORATORY,50,36,28.18489686362521,21.51773221540646
pathmnist,0.2,0.5,SCALE_ECLOSED,FOLLOWUP_EXPLORATORY,50,39,30.234228431905635,20.565379059564005
ALL,0.2,0.5,RATIO,ORIGINAL_EXPLORATORY,450,146,7.598691275038687,12.744557107987164
ALL,0.2,0.5,MASS_CP,ORIGINAL_EXPLORATORY,450,89,4.698281358827733,10.682644117361685
ALL,0.2,0.5,HOEFFDING_H,ORIGINAL_EXPLORATORY,450,26,2.3046719868195917,9.561208785000245
ALL,0.2,0.5,DIRECT_BETTING_H,ORIGINAL_EXPLORATORY,450,247,13.209428342104182,15.554840431254883
ALL,0.2,0.5,SCALE_H,ORIGINAL_EXPLORATORY,450,248,13.573186939082063,15.73625645722611
ALL,0.2,0.5,CP_IUT_H,ORIGINAL_EXPLORATORY,450,177,9.106291002113764,13.581700740437567
ALL,0.2,0.5,COMPOSED_CP_BETTING_H,ORIGINAL_EXPLORATORY,450,230,12.386598860477505,15.248624910859274
ALL,0.2,0.5,BETTING_ECLOSED,FOLLOWUP_EXPLORATORY,450,251,13.351727897185944,15.559056013776745
ALL,0.2,0.5,SCALE_ECLOSED,FOLLOWUP_EXPLORATORY,450,257,13.886300780586478,15.72020932829089
