semantic_id,dataset,condition,J,M,frontier_status,minimum_integer_audit_multiplier,analytic_search_cap_multiplier,selected_candidate_index_at_frontier,selected_score_at_frontier,selected_slot_at_frontier,selected_gamma_at_frontier,baseline_total_n,additional_total_audit_draws,baseline_selected_total_A,additional_selected_accepted_A,additional_selected_accepted_A_min_client,additional_selected_accepted_A_max_client,additional_selected_accepted_errors,baseline_selected_total_K,selected_worst_empirical_risk,best_proposal_positive_worst_empirical_risk,frontier_holm_adjusted_pvalue,frontier_coverage_lcb,counts_tensor_sha256
cifar100_proser_fedavg__split00__seed0__d0.1,cifar100,d0.1,5,12,finite,4,5,8,margin,margin,0.3,2570,7710,162,486,63,150,30,10,0.12,0.11764705882352941,0.023547269383835858,0.030217601658229152,7008dda980ae45bf04ff83439c9724d46e0b43882a83887319b94e0f2da91a93
cifar100_proser_fedavg__split00__seed0__d0.5,cifar100,d0.5,5,12,finite,3,4,1,proser,native,0.5,2570,5140,260,520,76,132,38,19,0.11666666666666667,0.07142857142857142,0.024001132228116735,0.057426293242358165,2e2d75b2ee4c69e898029e19944c2115be4af9143e904d7f81d92ad99963d81f
cifar100_proser_fedavg__split00__seed0__d5.0,cifar100,d5,5,12,finite,3,3,1,proser,native,0.5,2570,5140,317,634,102,162,62,31,0.1111111111111111,0.08333333333333333,0.006267132386188074,0.0801345662312898,3b9ff3d4e0782266b72dcaef1061be066efd2a8bf793f76fbdd864919af2ca7d
cifar100_proser_fedavg__split00__seed1__d0.5,cifar100,d0.5,5,12,finite,3,3,8,margin,margin,0.3,2570,5140,145,290,34,78,6,3,0.06896551724137931,0.0,0.0075579271918849765,0.022256353219130186,5ebf159beac03f683d1e160ec7db82f62fd1adacc5d4c3729a2a2f973b448b3d
cifar100_proser_fedavg__split00__seed2__d0.1,cifar100,d0.1,5,12,finite,2,3,10,margin,margin,0.7,2570,2570,414,414,75,88,33,33,0.11363636363636363,0.10526315789473684,0.018587217165577895,0.11815816747592886,b129f88ab0e09dc2ad74b801f4257f537e55fcfd00c223e33ed3baec10670a0b
cifar100_proser_fedavg__split00__seed2__d0.5,cifar100,d0.5,5,12,finite,7,11,8,margin,margin,0.3,2570,15420,149,894,120,222,30,5,0.12903225806451613,0.12903225806451613,0.04969955687319138,0.030908622502656167,b0a1d05516e0d9ced9728cb86e54c7545f8bbf827d436d0d082f4417b4fd4e73
cifar100_proser_fedavg__split00__seed2__d5.0,cifar100,d5,5,12,finite,2,2,1,proser,native,0.5,2570,2570,296,296,49,71,19,19,0.09375,0.0,0.010023451840198351,0.0726908453826119,51757795dbda26c68fc04fb1485eeb4f9c8636bdd37adbb5c17849a1bd683b87
cifar100_proser_fedavg__split00__seed3__d0.1,cifar100,d0.1,5,12,finite,3,3,0,proser,native,0.3,2570,5140,154,308,42,90,6,3,0.047619047619047616,0.047619047619047616,0.007149275597604301,0.028730931492244274,436a190f7a1b9fda7c6fdca0c249f10590c11af33b1f45c45034551d32476de8
cifar100_proser_fedavg__split00__seed3__d0.5,cifar100,d0.5,5,12,finite,5,8,8,margin,margin,0.3,2570,10280,278,1112,172,268,80,20,0.1346153846153846,0.13157894736842105,0.04671306330899265,0.06987286565413257,790660a37d9db72557a1b611965c40d5b05fba5ec7b16c0ebbb1bff806e3de9e
cifar100_proser_fedavg__split00__seed3__d5.0,cifar100,d5,5,12,finite,5,7,0,proser,native,0.3,2570,10280,249,996,120,252,88,22,0.13043478260869565,0.125,0.04225416520889061,0.04683637953532574,b284709a3d228c9561e73ee7925a88ee4559b8fa5b94a4e245a560f831f6d305
cifar100_proser_fedavg__split00__seed4__d0.5,cifar100,d0.5,5,12,finite,3,4,0,proser,native,0.3,2570,5140,230,460,72,118,30,15,0.10638297872340426,0.05555555555555555,0.026779237846922183,0.05398000496286372,2327c0cde86776598efb535aa59fd5dc7110dd14061dd97e2d895e53796e3c8a
cifar100_proser_fedavg__split00__seed4__d5.0,cifar100,d5,5,12,finite,3,4,8,margin,margin,0.3,2570,5140,131,262,38,64,8,4,0.06666666666666667,0.06666666666666667,0.020551752944278207,0.025474711178385078,a4d4926b5b92c96ebb7e7ad99489b0c65586628ddf0422f5bf835a88f1860f83
cifar100_proser_fedavg__split01__seed0__d0.1,cifar100,d0.1,5,12,finite,3,4,0,proser,native,0.3,2570,5140,76,152,24,38,2,1,0.05263157894736842,0.0,0.020551752944278207,0.014425505740971652,5eaac11bb170c44ed5b5f2d760b3aede1ec90b3a6033bb999246ed949ed7a9af
cifar100_proser_fedavg__split01__seed0__d0.5,cifar100,d0.5,5,12,finite,2,2,0,proser,native,0.3,2570,2570,295,295,50,63,14,14,0.07936507936507936,0.07936507936507936,0.002012084494391453,0.07440844168187016,31328f4d2ef71a31a6db8308e3cd8db5a78ce6fbb1f557ba8db3e1005dc9255a
cifar100_proser_fedavg__split01__seed0__d5.0,cifar100,d5,5,12,finite,6,8,2,proser,native,0.7,2570,12850,623,3115,600,655,395,79,0.15833333333333333,0.13636363636363635,0.029108296684713514,0.21364866975450988,7f1d49b30e3de5dce6acbe8d38f7a5a2d593ade65fa7772c9d9c15357d1a5bde
cifar100_proser_fedavg__split01__seed1__d0.1,cifar100,d0.1,5,12,finite,3,4,4,energy,energy,0.3,2570,5140,93,186,26,50,2,1,0.05263157894736842,0.05263157894736842,0.020551752944278207,0.01596201427553846,5f37347997e069f24936d6e6d2d31de1b9b9ed9fb1c8c869cdf6f8736cbeb4c6
cifar100_proser_fedavg__split01__seed1__d0.5,cifar100,d0.5,5,12,finite,2,2,8,margin,margin,0.3,2570,2570,401,401,75,91,20,20,0.09090909090909091,0.09090909090909091,0.0022589253504830633,0.11815816747592886,d30bfbca3c5ded905f729b70e41f1fee0cbf5432fe8d45f06e46ccb2a3bca229
cifar100_proser_fedavg__split01__seed2__d0.1,cifar100,d0.1,5,12,finite,2,3,9,margin,margin,0.5,2570,2570,220,220,31,51,8,8,0.08695652173913043,0.05,0.031912407192171505,0.04240443249092544,7c32a8c79eb59806b83b225fee9b5c2507606cf4fa85bdde99d3f76325918515
cifar100_proser_fedavg__split01__seed2__d0.5,cifar100,d0.5,5,12,finite,4,5,8,margin,margin,0.3,2570,7710,258,774,147,168,33,11,0.12244897959183673,0.10810810810810811,0.03219939165532243,0.07899874127828525,aa1f5ea77e0dff340a4ecdefaa1f6913e4244aaa16fe95b5a0a39140a34359a3
cifar100_proser_fedavg__split01__seed2__d5.0,cifar100,d5,5,12,finite,3,4,9,margin,margin,0.5,2570,5140,500,1000,156,226,94,47,0.13274336283185842,0.10526315789473684,0.009034989158242055,0.12848166838745642,2026ec20da14bfce5a2de90303ed4a7cf0ecf7d87bd78057d2a35e7cc866e587
cifar100_proser_fedavg__split01__seed3__d0.5,cifar100,d0.5,5,12,finite,2,2,9,margin,margin,0.5,2570,2570,463,463,79,100,37,37,0.1,0.08196721311475409,0.001325158207388258,0.1252756582398655,318308b890f24a4d5de9ae8e142048c1f13dd93b395eb6d596b6039b424d595d
cifar100_proser_fedavg__split01__seed3__d5.0,cifar100,d5,5,12,finite,2,2,5,energy,energy,0.5,2570,2570,362,362,61,85,27,27,0.0967741935483871,0.07692307692307693,0.01677043336685229,0.09348339618196765,56f70fb37c2d6ba717afe4b4432a5b1d6b5455731e514fd8a8e4cd30df5f8b15
cifar100_proser_fedavg__split01__seed4__d0.5,cifar100,d0.5,5,12,finite,2,3,8,margin,margin,0.3,2570,2570,347,347,63,78,20,20,0.09523809523809523,0.08695652173913043,0.012983980403409484,0.09698355922618364,86f71377ca4ac7af023de72a261014675d2c09992ef53974911510a607113e34
cifar100_proser_fedavg__split01__seed4__d5.0,cifar100,d5,5,12,finite,2,2,1,proser,native,0.5,2570,2570,548,548,99,121,52,52,0.12396694214876033,0.09523809523809523,0.012587906849606438,0.16123202411069923,a3b155622d38fa77f762726e4470061e1b543eb6c7eac2e027541aa5b0fceea6
cifar100_proser_fedavg__split02__seed0__d0.1,cifar100,d0.1,5,12,finite,7,9,8,margin,margin,0.3,2570,15420,143,858,126,216,54,9,0.125,0.125,0.025834864577231303,0.03265039712788046,bd1c48c3458192e416b1424e28bc48f6b31fdc30615afe2fb44cd075c9651bd8
cifar100_proser_fedavg__split02__seed0__d0.5,cifar100,d0.5,5,12,finite,3,4,10,margin,margin,0.7,2570,5140,570,1140,210,246,126,63,0.14285714285714285,0.11864406779661017,0.04865796343729319,0.17786306031782292,97490edb3a989d0544f0f28427bae082eba038a17d04053769dd43686666e679
cifar100_proser_fedavg__split02__seed1__d0.1,cifar100,d0.1,5,12,finite,2,2,8,margin,margin,0.3,2570,2570,238,238,33,61,9,9,0.0847457627118644,0.0847457627118644,0.006272232979326591,0.04569812363713818,9fef648ffafbf68d41a1255f4b4f1bff060e54acde58db13fda86398adc8da28
cifar100_proser_fedavg__split02__seed1__d0.5,cifar100,d0.5,5,12,finite,2,2,10,margin,margin,0.7,2570,2570,607,607,103,127,60,60,0.13385826771653545,0.07317073170731707,0.027250384388618598,0.16848838535576371,17d67581f927eb93f10706655d21faef380d9cb22596cce599dd7f70bd78deb5
cifar100_proser_fedavg__split02__seed1__d5.0,cifar100,d5,5,12,finite,2,2,0,proser,native,0.3,2570,2570,258,258,41,58,13,13,0.08620689655172414,0.08620689655172414,0.008279202512608603,0.05906825733088908,503c8e4ec5b06a7e0a1bcb4544f39923bb940c4a74848834d534d034caa72c40
cifar100_proser_fedavg__split02__seed2__d0.1,cifar100,d0.1,5,12,finite,3,5,8,margin,margin,0.3,2570,5140,199,398,54,100,24,12,0.10256410256410256,0.10256410256410256,0.04374008306857285,0.03868094773897678,dd6e7735894bb00aad0059af48c192cc0d0492956ac90baf240cf1bae0c63457
cifar100_proser_fedavg__split02__seed2__d0.5,cifar100,d0.5,5,12,finite,5,7,9,margin,margin,0.5,2570,10280,409,1636,284,432,152,38,0.14634146341463414,0.13559322033898305,0.03370012138761725,0.12069809661226197,8faa0882d1934590845afd91594842c8e9d430f19fc2d3517f377fc762d499d3
cifar100_proser_fedavg__split02__seed2__d5.0,cifar100,d5,5,12,finite,2,3,4,energy,energy,0.3,2570,2570,101,101,14,27,1,1,0.045454545454545456,0.045454545454545456,0.04646896002672346,0.015666075594504825,4e44e5f4adbf8e3109a85648492834ccd68e8b01fe8851644f92e2897c1c0280
cifar100_proser_fedavg__split02__seed3__d0.1,cifar100,d0.1,5,12,finite,3,3,8,margin,margin,0.3,2570,5140,119,238,40,62,2,1,0.05,0.05,0.012161501488426516,0.027098436401241387,e9e6b2006d3ab306dd0f54b1e24124ba7dad117306ea543a9b013293442f427c
cifar100_proser_fedavg__split02__seed3__d0.5,cifar100,d0.5,5,12,finite,6,8,9,margin,margin,0.5,2570,12850,414,2070,355,480,225,45,0.14942528735632185,0.1282051282051282,0.025393250522697634,0.122174429727082,527e47cd1a1c46db2e75b13fccf85ddab0b8ddbf99a7c8e1e013b8996a7a6c62
cifar100_proser_fedavg__split02__seed3__d5.0,cifar100,d5,5,12,finite,3,4,8,margin,margin,0.3,2570,5140,308,616,110,132,38,19,0.11864406779661017,0.10714285714285714,0.03280760618406775,0.08721017042809029,9587e5f4aaf3bbab066e1b215ee1510e11cb8679fa7debe7ce67c41d16d62d30
cifar100_proser_fedavg__split02__seed4__d0.1,cifar100,d0.1,5,12,finite,4,4,9,margin,margin,0.5,2570,7710,75,225,24,75,3,1,0.04,0.0,0.009507379501711717,0.009295310213870176,42b2bee1faf6bcb2514cc886df26e70f43f93ce65ed1b34bad9a22fd4365208b
cifar100_proser_fedavg__split02__seed4__d0.5,cifar100,d0.5,5,12,finite,2,3,8,margin,margin,0.3,2570,2570,361,361,60,86,23,23,0.11627906976744186,0.11627906976744186,0.031119358367036706,0.091736733294519,d74742932ec8b70a16f07714729179bd22f53b7378a3c55d2d7488285adee8b7
cifar100_proser_fedavg__split02__seed4__d5.0,cifar100,d5,5,12,finite,2,2,8,margin,margin,0.3,2570,2570,353,353,50,82,20,20,0.0975609756097561,0.0975609756097561,0.0037245624448011944,0.07440844168187016,bb3e629946c534b7321e9f39c8dce1f5adf589bb2236f50bc06f6973aeb143b6
cifar100_proser_fedavg__split03__seed0__d0.1,cifar100,d0.1,5,12,finite,3,4,9,margin,margin,0.5,2570,5140,281,562,98,138,38,19,0.10204081632653061,0.0,0.013112775786841595,0.07661077983389211,60207884a97d6be63b72afa767e82645f2ae71b7402df34d6ec5b8f5cd25c4cf
cifar100_proser_fedavg__split03__seed0__d0.5,cifar100,d0.5,5,12,finite,3,3,8,margin,margin,0.3,2570,5140,282,564,94,138,44,22,0.09803921568627451,0.09803921568627451,0.006267132386188074,0.07309701821763993,9c57217a50172907d4e02845a6b9b6a1e19d19cf2269cd8e30e833bae4e44631
cifar100_proser_fedavg__split03__seed0__d5.0,cifar100,d5,5,12,finite,2,2,8,margin,margin,0.3,2570,2570,372,372,65,82,29,29,0.0975609756097561,0.0975609756097561,0.004940519100445939,0.10049252888862586,bd9bbabdad5d4f09330545be9aaf9ae5f4239de60b2fb49501bafdda6a981e78
cifar100_proser_fedavg__split03__seed1__d0.1,cifar100,d0.1,5,12,finite,3,5,1,proser,native,0.5,2570,5140,172,344,64,76,24,12,0.09375,0.0,0.04773277376601799,0.04713452514665798,4a3b6ed81d97b02139ff319eb0b7846bf66c062c10224ee043df6697886d643c
cifar100_proser_fedavg__split03__seed1__d5.0,cifar100,d5,5,12,finite,2,3,9,margin,margin,0.5,2570,2570,437,437,67,117,40,40,0.11956521739130435,0.10638297872340426,0.03547552925611913,0.10400995803865598,9c1880d5f68ce6507c00d96f2f2709a0fa68e89e145eed32e93962876406ddee
cifar100_proser_fedavg__split03__seed2__d0.5,cifar100,d0.5,5,12,finite,4,5,8,margin,margin,0.3,2570,7710,165,495,72,126,24,8,0.0967741935483871,0.0967741935483871,0.018295018218384317,0.03528339187708269,90d7728e43de17e5beac977bd9f8b0eccf47a446189e1fbe5a4af920ed690b2a
cifar100_proser_fedavg__split03__seed2__d5.0,cifar100,d5,5,12,finite,3,4,9,margin,margin,0.5,2570,5140,425,850,150,222,70,35,0.12345679012345678,0.0975609756097561,0.013717043919127838,0.12305024564534818,461d0fa7646f0572f808c91eb489c7fdb8b11eaf65e36bac51d3e1dd653b7221
cifar100_proser_fedavg__split03__seed3__d0.1,cifar100,d0.1,5,12,finite,3,4,8,margin,margin,0.3,2570,5140,139,278,42,80,8,4,0.07692307692307693,0.0,0.02991262873848031,0.028730931492244274,c637e4817f4faaa740c662141e043e6f01b24343fa9e4b6397a365f35f1b75ae
cifar100_proser_fedavg__split03__seed3__d0.5,cifar100,d0.5,5,12,finite,2,2,8,margin,margin,0.3,2570,2570,225,225,39,56,8,8,0.05128205128205128,0.0,0.002308666504937454,0.055699324918289814,22b06239db95a7afa08c4338e0babc04f9f038c51118ca4e7c78f98b5364d338
cifar100_proser_fedavg__split03__seed3__d5.0,cifar100,d5,5,12,finite,2,3,8,margin,margin,0.3,2570,2570,281,281,41,69,22,22,0.10606060606060606,0.09803921568627451,0.035514501373532625,0.05906825733088908,e8058835c704e53c778b27a091a0e351a7cb3572a46a891a62ef15b9ac6e2b05
cifar100_proser_fedavg__split03__seed4__d0.5,cifar100,d0.5,5,12,finite,28,42,4,energy,energy,0.3,2570,69390,171,4617,675,1215,270,10,0.16,0.16,0.04702431830936019,0.044029537685876786,b05be22e95f5dd31bd0ae2c4994022a13ace3081e704826366a443a1a756ae38
cifar100_proser_fedavg__split03__seed4__d5.0,cifar100,d5,5,12,finite,2,2,8,margin,margin,0.3,2570,2570,297,297,44,84,15,15,0.078125,0.078125,0.006461561275003393,0.06415062793101063,518bee4a7b3484e3ba71a9ef21906318c3bcb0708484ba6a6ba8e73ad3d87daf
cifar100_proser_fedavg__split04__seed0__d0.5,cifar100,d0.5,5,12,finite,2,3,8,margin,margin,0.3,2570,2570,291,291,48,70,12,12,0.09090909090909091,0.09090909090909091,0.018714273088435575,0.07097631392337933,4f2251801c837e716865e5ca29724d3a29288597a66dcbf65882f5182493c3ac
cifar100_proser_fedavg__split04__seed2__d0.5,cifar100,d0.5,5,12,finite,2,3,5,energy,energy,0.5,2570,2570,307,307,51,74,22,22,0.09090909090909091,0.08333333333333333,0.018714273088435575,0.07612902099514328,56386072d6d9c923b1bff6630cea37052a681bd363ad2f16160e941cb4593473
cifar100_proser_fedavg__split04__seed2__d5.0,cifar100,d5,5,12,finite,2,3,0,proser,native,0.3,2570,2570,218,218,34,54,7,7,0.075,0.075,0.022160753158668896,0.04735298819833269,f08ddcf6e756eb406d37c23d18436667f616734612898dca652d7cf89d451213
cifar100_proser_fedavg__split04__seed3__d0.1,cifar100,d0.1,5,12,finite,28,42,8,margin,margin,0.3,2570,69390,138,3726,675,783,189,7,0.16,0.15384615384615385,0.04702431830936019,0.044029537685876786,5ff889198fa795fbe5defa9abc61702d842a66a589c37f8c5faa495510febfac
cifar100_proser_fedavg__split04__seed3__d0.5,cifar100,d0.5,5,12,finite,2,2,9,margin,margin,0.5,2570,2570,384,384,70,83,29,29,0.10810810810810811,0.0847457627118644,0.023357641613871917,0.10930126602053516,57b690c7ecb002798ee9ef4d4d93bd00f73ea5cdda02af270ef6b516a053013b
cifar100_proser_fedavg__split04__seed3__d5.0,cifar100,d5,5,12,finite,2,2,9,margin,margin,0.5,2570,2570,516,516,96,111,45,45,0.1111111111111111,0.10869565217391304,0.007518894879741271,0.1558029988836841,412bf170db37caa10ec5560f56c09271d3df2588a73fcf7fe4bb749f71a1df25
cifar100_proser_fedavg__split04__seed4__d0.1,cifar100,d0.1,5,12,finite,6,8,9,margin,margin,0.5,2570,12850,131,655,105,165,45,9,0.12121212121212122,0.12121212121212122,0.02879480343484332,0.03203674178254722,034bbc3ebe8576ec78f1f5f4593a79d4b0f54b8028cc65619e90a33a5f485eae
cifar100_proser_fedavg__split04__seed4__d0.5,cifar100,d0.5,5,12,finite,4,6,4,energy,energy,0.3,2570,7710,171,513,87,141,18,6,0.10344827586206896,0.10344827586206896,0.04938158679338535,0.04383980570445789,b138e9aa335a92db54187b8d2e2a3ced62e4594759b97bb8eb8f670a5305806e
cifar100_proser_fedavg__split04__seed4__d5.0,cifar100,d5,5,12,finite,3,4,8,margin,margin,0.3,2570,5140,373,746,136,160,68,34,0.11764705882352941,0.11764705882352941,0.01563557308306406,0.11042861256678757,987928c2af5b41c39fb70e5922015113d49b5024e34627e7639ec57e26641876
cifar100_proser_fedavg__split05__seed0__d0.1,cifar100,d0.1,5,12,finite,102,158,9,margin,margin,0.5,2570,259570,238,24038,3333,5353,2424,24,0.18181818181818182,0.17647058823529413,0.04945171801747679,0.061410028972775345,8c6a66aa77cb61d76317dd67efbc0ea8e4374f95a5be3ae08e9580826e5f6666
cifar100_proser_fedavg__split05__seed0__d0.5,cifar100,d0.5,5,12,finite,10,14,0,proser,native,0.3,2570,23130,282,2538,369,603,207,23,0.14634146341463414,0.14634146341463414,0.03676376878649155,0.07011047752141499,671b998f098e8ca16f40e58ed713fcbc844a32c27255c24dcc369d9dd0b0c927
cifar100_proser_fedavg__split05__seed0__d5.0,cifar100,d5,5,12,finite,4,5,9,margin,margin,0.5,2570,7710,493,1479,261,333,144,48,0.14,0.14,0.013740584306861835,0.14802435442146072,6a55e606398da78cbed86cf251e2c51105bd6cce5ff106c98dc84195cb7a9fba
cifar100_proser_fedavg__split05__seed1__d0.1,cifar100,d0.1,5,12,finite,5,7,4,energy,energy,0.3,2570,10280,110,440,80,100,16,4,0.09523809523809523,0.09523809523809523,0.03614746740140014,0.029552873715828154,de50aa60f7737ee0742dbdd7c5f959524d8e241b23f655e9ee192de20746e90a
cifar100_proser_fedavg__split05__seed1__d0.5,cifar100,d0.5,5,12,finite,2,3,10,margin,margin,0.7,2570,2570,459,459,77,100,41,41,0.12,0.08108108108108109,0.023547269383835858,0.12171349632028215,9bc271bb39502ac89d95bb2361ce63ed3edd381305cff223542337222f189db4
cifar100_proser_fedavg__split05__seed2__d0.1,cifar100,d0.1,5,12,finite,6,8,2,proser,native,0.7,2570,12850,238,1190,210,295,105,21,0.13333333333333333,0.11538461538461539,0.033229507619896875,0.06922092090859047,b4830f9371cfaa3cd8d6cadecddebd1f3be44b8ded86c784487fed5ca2901923
cifar100_proser_fedavg__split05__seed2__d0.5,cifar100,d0.5,5,12,finite,2,2,1,proser,native,0.5,2570,2570,340,340,63,72,23,23,0.09722222222222222,0.09523809523809523,0.008222378028245866,0.09698355922618364,900d65716d5139bef59ac17c8aa5f2aaada8a2f8641580b8a3902100e783eee5
cifar100_proser_fedavg__split05__seed2__d5.0,cifar100,d5,5,12,finite,4,5,8,margin,margin,0.3,2570,7710,271,813,126,210,63,21,0.11764705882352941,0.11764705882352941,0.01563557308306406,0.06656047561030187,a2894ab6b0db12ee59b9e460f105403fd9ae7973854b2f962962e8efcbf7c2e4
cifar100_proser_fedavg__split05__seed3__d0.1,cifar100,d0.1,5,12,finite,5,5,2,proser,native,0.7,2570,10280,394,1576,280,364,168,42,0.14457831325301204,0.0,0.03506251918451447,0.11886302848322872,cc2fad7346ba86a5d9961259f609927ab46440f23efbb84594a9456f1cd2634c
cifar100_proser_fedavg__split05__seed3__d0.5,cifar100,d0.5,5,12,finite,3,3,8,margin,margin,0.3,2570,5140,176,352,46,104,14,7,0.09302325581395349,0.0,0.009597355659089141,0.032019922577357966,1e94805e8157619b06291616bec52da85f6678c0cc93b0905e3c178fc7264d4c
cifar100_proser_fedavg__split05__seed3__d5.0,cifar100,d5,5,12,finite,2,2,1,proser,native,0.5,2570,2570,443,443,78,101,36,36,0.11363636363636363,0.07317073170731707,0.01689747015052536,0.12349373674231275,a6c6c91984ef67a43de4aa1a44ebb4a0fded2da8b692d69cb23a167550eae3d1
cifar100_proser_fedavg__split05__seed4__d0.1,cifar100,d0.1,5,12,finite,12,18,1,proser,native,0.5,2570,28270,122,1342,231,374,132,12,0.14705882352941177,0.0,0.04227219128812629,0.03449777984662024,b6c6536cbca7c80337981660bf847d5a31759f8cfa830a29fec1029f6ec9ed41
cifar100_proser_fedavg__split05__seed4__d0.5,cifar100,d0.5,5,12,finite,16,23,8,margin,margin,0.3,2570,38550,118,1770,300,405,105,7,0.14814814814814814,0.14814814814814814,0.03960050885040163,0.03350425763863598,c54b682e7d288df3c7140a1e56ba89656d495a9037980fc9450eb49a762c1b06
cifar100_proser_fedavg__split05__seed4__d5.0,cifar100,d5,5,12,finite,2,3,8,margin,margin,0.3,2570,2570,336,336,57,87,16,16,0.10144927536231885,0.10144927536231885,0.017307554078319746,0.08651102378058731,83205b1f5c8d0f9250eb6260b46a5d4024d26e9f96efd2200f17c3d91e711394
cifar100_proser_fedavg__split06__seed0__d0.5,cifar100,d0.5,5,12,finite,12,18,10,margin,margin,0.7,2570,28270,460,5060,814,1155,627,57,0.16842105263157894,0.13333333333333333,0.04468892482930671,0.1323864371939658,abf9e25827966ee6d84b029acec2fc60e9a7784e38741820818eb80c8c8a3b14
cifar100_proser_fedavg__split06__seed0__d5.0,cifar100,d5,5,12,finite,3,4,1,proser,native,0.5,2570,5140,484,968,168,220,96,48,0.13095238095238096,0.13095238095238096,0.03286335781534305,0.13938106480405998,5b537cceb7609f37abf47b3c061321e0406b956f02451fae167bf34d2d3a170a
cifar100_proser_fedavg__split06__seed1__d0.1,cifar100,d0.1,5,12,finite,2,2,8,margin,margin,0.3,2570,2570,110,110,15,32,1,1,0.03125,0.03125,0.014855280471424558,0.017147640621949987,11b1f8921f2b00fee2887ee4a01e703d67022a1734b7a555eae4cc1f86c519f3
cifar100_proser_fedavg__split06__seed1__d0.5,cifar100,d0.5,5,12,finite,3,4,4,energy,energy,0.3,2570,5140,221,442,64,104,26,13,0.10204081632653061,0.10204081632653061,0.013112775786841595,0.04713452514665798,6c1087170932fde36ec23eaf8f361b47096edc6f284823996ff744209678ca74
cifar100_proser_fedavg__split06__seed1__d5.0,cifar100,d5,5,12,finite,2,2,9,margin,margin,0.5,2570,2570,503,503,85,136,36,36,0.11764705882352941,0.07142857142857142,0.0032516035975448487,0.13600108163871588,5e3882101ed9c0b781b252e3e142ae3cec2b3af78dc0433e007f7460bfcfebba
cifar100_proser_fedavg__split06__seed2__d5.0,cifar100,d5,5,12,finite,2,2,6,energy,energy,0.7,2570,2570,577,577,106,123,60,60,0.11320754716981132,0.09302325581395349,0.006708755677104249,0.1739434154125559,20c912441308d4249a0139c57f688d3a5c2a61dbec6c6a256ddf9c773000982e
cifar100_proser_fedavg__split06__seed3__d0.1,cifar100,d0.1,5,12,finite,7,10,10,margin,margin,0.7,2570,15420,323,1938,330,492,216,36,0.14545454545454545,0.13333333333333333,0.04185415099139252,0.09382108803525993,1d63ae17cd26f20defd57efa335eee7f285cfee9aafffb05962e2dae98bd9a8c
cifar100_proser_fedavg__split06__seed3__d0.5,cifar100,d0.5,5,12,finite,6,8,5,energy,energy,0.5,2570,12850,254,1270,225,320,95,19,0.13333333333333333,0.13333333333333333,0.033229507619896875,0.07463454697714032,5c09b0407be63da758c41b88b13b29d77ac4445681188c48a119757096dd78b2
cifar100_proser_fedavg__split06__seed3__d5.0,cifar100,d5,5,12,finite,2,3,9,margin,margin,0.5,2570,2570,470,470,74,107,33,33,0.10843373493975904,0.07317073170731707,0.014556666384056666,0.1163831356939728,b65925c71b8e79e75980ad271219d01fb8a29c1739c4a06285681b7e6f84e419
cifar100_proser_fedavg__split06__seed4__d0.1,cifar100,d0.1,5,12,finite,3,3,8,margin,margin,0.3,2570,5140,140,280,34,74,10,5,0.08333333333333333,0.08333333333333333,0.009266292563361788,0.022256353219130186,c89125e03e170e0584e24f1afb63b4dee496c5ffd987427a8cb8c74c0ee1fc37
cifar100_proser_fedavg__split06__seed4__d0.5,cifar100,d0.5,5,12,finite,4,6,9,margin,margin,0.5,2570,7710,395,1185,198,315,72,24,0.1323529411764706,0.1323529411764706,0.027959042676031273,0.10961759169947176,a2d7478a80586e9dccf4d2546661526b5c10d3dfbdf0bcd6ce73b4467f5f11ff
cifar100_proser_fedavg__split06__seed4__d5.0,cifar100,d5,5,12,finite,4,6,9,margin,margin,0.5,2570,7710,605,1815,315,414,210,70,0.1504424778761062,0.12727272727272726,0.044144590278468294,0.18132047271457086,90f16343b3c27bba1051f9a79f403e22514d35be83047f6f0ab0b5d28120e909
cifar100_proser_fedavg__split07__seed0__d0.5,cifar100,d0.5,5,12,finite,9,12,9,margin,margin,0.5,2570,20560,164,1312,144,440,96,12,0.125,0.0,0.030728132713802626,0.02828408289927872,af44b00b43f5ffc1faa25f0963923199d0a709392d971ccee6afea13c8dbc409
cifar100_proser_fedavg__split07__seed0__d5.0,cifar100,d5,5,12,finite,2,2,1,proser,native,0.5,2570,2570,414,414,65,102,32,32,0.1111111111111111,0.0,0.021023041347609878,0.10049252888862586,2b000cad9acdb767b4dfd6e163a4cebe8e4122b5461d927b62394ffd45e641e0
cifar100_proser_fedavg__split07__seed1__d0.5,cifar100,d0.5,5,12,finite,17,24,1,proser,native,0.5,2570,41120,366,5856,784,1456,816,51,0.16901408450704225,0.13333333333333333,0.04128652745655327,0.08721768316428546,5c835f75f2eca4673dc3c14857a021fcb6dd6a043ab5345131a3dd87e5fc867d
cifar100_proser_fedavg__split07__seed1__d5.0,cifar100,d5,5,12,finite,3,3,9,margin,margin,0.5,2570,5140,585,1170,190,290,122,61,0.13675213675213677,0.109375,0.01423573844014702,0.15947819982051348,6fdfced4fbd946f740128d57a021edf63f9d806a030f5c185c94d6332cd1941a
cifar100_proser_fedavg__split07__seed2__d0.1,cifar100,d0.1,5,12,finite,3,4,9,margin,margin,0.5,2570,5140,162,324,48,94,18,9,0.0851063829787234,0.0,0.02991262873848031,0.03367541982234672,d8a956e48f47ab961664a56b9e7e766e40491098850912ec0c6492c547755c29
cifar100_proser_fedavg__split07__seed2__d0.5,cifar100,d0.5,5,12,finite,10,14,8,margin,margin,0.3,2570,23130,166,1494,198,369,99,11,0.14634146341463414,0.14634146341463414,0.03676376878649155,0.035701534654763306,23d2b012f8f76a1ccd62b0683cfb19736d50af8e9a911b9fe80a3affe1f488db
cifar100_proser_fedavg__split07__seed2__d5.0,cifar100,d5,5,12,finite,3,4,9,margin,margin,0.5,2570,5140,407,814,150,184,88,44,0.11842105263157894,0.11842105263157894,0.009369218173904053,0.12305024564534818,ac4bbe622ac54ade53b37bb739ebae4c17a5093c470ee09f1bb6bde1826505ed
cifar100_proser_fedavg__split07__seed3__d0.1,cifar100,d0.1,5,12,finite,9,13,2,proser,native,0.7,2570,20560,379,3032,512,768,304,38,0.16091954022988506,0.16091954022988506,0.03564842069953794,0.1120087912627149,b1688ad9f5f0214cadb9cd185f7cf03c52bdfd2982340534da4a3a9d1e814ba5
cifar100_proser_fedavg__split07__seed3__d0.5,cifar100,d0.5,5,12,finite,2,2,8,margin,margin,0.3,2570,2570,268,268,43,65,15,15,0.1076923076923077,0.09375,0.041120284163560485,0.06245280783453431,520a3f31ac63c81b725f2d3e7f88db9d3a8df88030bddf0514858dd530c2f4e6
cifar100_proser_fedavg__split07__seed3__d5.0,cifar100,d5,5,12,finite,2,3,8,margin,margin,0.3,2570,2570,276,276,41,62,13,13,0.09836065573770492,0.09836065573770492,0.023560133644828538,0.05906825733088908,1b7c298b3683bc3892e6f65eab555996cced6e041b49f1f1d08f0971d793591e
cifar100_proser_fedavg__split07__seed4__d0.1,cifar100,d0.1,5,12,finite,5,5,0,proser,native,0.3,2570,10280,42,168,24,44,0,0,0.0,0.0,0.014855280471424558,0.006835859948597644,d7a2f2701789f26c1f0052570fda0a9d20591a0fa41c2ae7231d5cb54138c529
cifar100_proser_fedavg__split07__seed4__d0.5,cifar100,d0.5,5,12,finite,4,6,9,margin,margin,0.5,2570,7710,307,921,153,222,60,20,0.13114754098360656,0.10714285714285714,0.03902144129391569,0.08257305572529063,23198f9145c4485a7fb8fe3ba06fc4b653b8ed0092d9f2d590d0f229853eabf1
cifar100_proser_fedavg__split07__seed4__d5.0,cifar100,d5,5,12,finite,2,2,10,margin,margin,0.7,2570,2570,478,478,84,99,37,37,0.1111111111111111,0.1,0.007518894879741271,0.13420959512487152,6bd45abe7b47e5f316a2ff9689c7c0f6d0feeee98025090f469fa2e3ccdf1c5a
cifar100_proser_fedavg__split08__seed0__d0.1,cifar100,d0.1,5,12,finite,7,11,10,margin,margin,0.7,2570,15420,193,1158,186,276,120,20,0.12903225806451613,0.12903225806451613,0.04969955687319138,0.05031608988923698,90c332b7ccac5afbbce284acff08fea3bfc790ef10c607f10735acc09abd5b86
cifar100_proser_fedavg__split08__seed0__d0.5,cifar100,d0.5,5,12,finite,4,5,9,margin,margin,0.5,2570,7710,147,441,72,105,18,6,0.08333333333333333,0.08333333333333333,0.018216122050043144,0.03528339187708269,f55e01ccf103d5afa5cbe7b6e1faa1a75ddf1ddd4200ce4e3965d5216a0f18fa
cifar100_proser_fedavg__split08__seed0__d5.0,cifar100,d5,5,12,finite,4,6,9,margin,margin,0.5,2570,7710,240,720,120,183,60,20,0.13114754098360656,0.13114754098360656,0.03902144129391569,0.06302958612825527,d743ab901423747a5bebdd05289098f519393bfe24d324b3de1f6eb316e8763c
cifar100_proser_fedavg__split08__seed1__d0.1,cifar100,d0.1,5,12,finite,5,6,10,margin,margin,0.7,2570,10280,140,560,88,172,32,8,0.09302325581395349,0.09302325581395349,0.018714273088435575,0.03296710357459936,021791a537979c681f29c27d6018407165b1b1d53ca22b0f02c294836a78606b
cifar100_proser_fedavg__split08__seed1__d0.5,cifar100,d0.5,5,12,finite,11,15,8,margin,margin,0.3,2570,25700,86,860,100,290,20,2,0.1,0.1,0.045393803586700934,0.014945161324042942,834869fbc9d11da260fe7418320a5a58005b382f2722d8a5ebcddb6576c1cffd
cifar100_proser_fedavg__split08__seed1__d5.0,cifar100,d5,5,12,finite,2,2,0,proser,native,0.3,2570,2570,94,94,14,24,0,0,0.0,0.0,0.02321137573660087,0.015666075594504825,e6dfb46b733464ddfd244a2d3f8e4a8bd19df8c3b0460bd3bef6550574985da0
cifar100_proser_fedavg__split08__seed2__d0.1,cifar100,d0.1,5,12,finite,3,3,9,margin,margin,0.5,2570,5140,126,252,34,74,10,5,0.08108108108108109,0.0,0.04782171800372921,0.022256353219130186,28bfc969c32372c11307fb9f00d8ced5da35c52cea4ebbccd5ccc21b8eda3c1d
cifar100_proser_fedavg__split08__seed2__d5.0,cifar100,d5,5,12,finite,2,2,1,proser,native,0.5,2570,2570,348,348,54,90,17,17,0.09523809523809523,0.0,0.014164342258264892,0.08130789638815099,7870d3855dc0a2d06641d0207b648a3db294feb964cbab062259315409c8ad96
cifar100_proser_fedavg__split08__seed3__d0.5,cifar100,d0.5,5,12,finite,11,16,9,margin,margin,0.5,2570,25700,342,3420,600,840,420,42,0.15873015873015872,0.15873015873015872,0.03760076633815432,0.1057187060127418,2a68f59ba008d2e8c816fb1e7cf892314c17a4604e7b705ea1b89cf295311f97
cifar100_proser_fedavg__split08__seed4__d0.5,cifar100,d0.5,5,12,finite,9,12,5,energy,energy,0.5,2570,20560,95,760,88,216,56,7,0.1111111111111111,0.0,0.032038115798029225,0.016196216778733327,4e87f689be32d209a83255e9ef73163b0567cc50adce98533198f253056f5859
cifar100_proser_fedavg__split08__seed4__d5.0,cifar100,d5,5,12,finite,3,5,5,energy,energy,0.5,2570,5140,221,442,66,110,32,16,0.10256410256410256,0.10256410256410256,0.04374008306857285,0.048839605516626014,bf4b229bc8b6bce6a4ee248285bc242369bfa63a733f5384ef55391744019f8f
cifar100_proser_fedavg__split09__seed0__d0.1,cifar100,d0.1,5,12,finite,71,109,0,proser,native,0.3,2570,179900,111,7770,1050,2100,840,12,0.17391304347826086,0.17391304347826086,0.0493269739923269,0.026908944584955668,a2f3033fa1aed4705082a9104d50e0527999f4d11bdf6bcd8b7502ac55aebafa
cifar100_proser_fedavg__split09__seed0__d0.5,cifar100,d0.5,5,12,finite,3,4,1,proser,native,0.5,2570,5140,382,764,142,162,74,37,0.12345679012345678,0.12345679012345678,0.013717043919127838,0.11582866441569788,3fd43d54a3b289cab12c359c296b8b723b4b4f1ac0a15cf7c9637a948343ea2b
cifar100_proser_fedavg__split09__seed0__d5.0,cifar100,d5,5,12,finite,2,2,9,margin,margin,0.5,2570,2570,488,488,87,103,43,43,0.1111111111111111,0.08695652173913043,0.006265745733117726,0.13958857577392986,fac88598187efcbb0bf526abab9afc129f91c3303beb96bd4ad19b7ddb11b77e
cifar100_proser_fedavg__split09__seed1__d0.5,cifar100,d0.5,5,12,finite,3,4,8,margin,margin,0.3,2570,5140,323,646,104,150,48,24,0.10714285714285714,0.10714285714285714,0.01157458947561323,0.08190005337563344,08c2a135954e15decf2d0be31258fd3eb6c2bc2f33954b2fcbcd13f3d556fdbb
cifar100_proser_fedavg__split09__seed1__d5.0,cifar100,d5,5,12,finite,4,6,1,proser,native,0.5,2570,7710,489,1467,261,324,156,52,0.14285714285714285,0.12962962962962962,0.0354236141328654,0.14802435442146072,d864949a68a2d0abe38820bfdcb5838bdce7c9a5ce61676740697ae080f28910
cifar100_proser_fedavg__split09__seed2__d0.1,cifar100,d0.1,5,12,finite,17,24,1,proser,native,0.5,2570,41120,129,2064,336,496,160,10,0.14285714285714285,0.14285714285714285,0.03860342083284697,0.035474608740408795,28e58f88181527f3b46249480e9cbf6e4db59661f1641aad58bae1170bd68215
cifar100_proser_fedavg__split09__seed2__d0.5,cifar100,d0.5,5,12,finite,5,7,8,margin,margin,0.3,2570,10280,223,892,156,224,48,12,0.12195121951219512,0.12195121951219512,0.026736173501951233,0.06273359298460517,dfc60a201605fe0b3ea6275441b2ef21dc9c362b47a8fe8368e19240227d24e6
cifar100_proser_fedavg__split09__seed2__d5.0,cifar100,d5,5,12,finite,2,3,1,proser,native,0.5,2570,2570,467,467,78,104,30,30,0.11538461538461539,0.07142857142857142,0.04402262619160932,0.12349373674231275,4be1a9604b7040f60c5eb28e96bf2d0b43453f67e9ec7ae2163b01211710fbdf
cifar100_proser_fedavg__split09__seed3__d0.1,cifar100,d0.1,5,12,finite,13,19,1,proser,native,0.5,2570,30840,286,3432,540,804,420,35,0.15555555555555556,0.15555555555555556,0.040982466622354045,0.07866198435035851,7b4ee5141ee707f3ce768109c03f62f5f72c086fe2ded2750594dd44b765de3e
cifar100_proser_fedavg__split09__seed3__d0.5,cifar100,d0.5,5,12,finite,3,4,8,margin,margin,0.3,2570,5140,190,380,56,108,6,3,0.07142857142857142,0.07142857142857142,0.012041182778986937,0.040361312952316854,f9eb099afb61886019d044e3a23b3bfca4ea67b7c5ca6288fe12d32e934050cc
cifar100_proser_fedavg__split09__seed3__d5.0,cifar100,d5,5,12,finite,3,3,8,margin,margin,0.3,2570,5140,336,672,112,146,28,14,0.109375,0.109375,0.007093934831779144,0.08898457709726032,3370616a8358da6e608069a5e91f7dd868f27b564aa06fc0b91f23f7a6f13fe9
cifar100_proser_fedavg__split09__seed4__d0.5,cifar100,d0.5,5,12,finite,2,2,8,margin,margin,0.3,2570,2570,283,283,42,65,9,9,0.047619047619047616,0.046511627906976744,0.0007376231712559179,0.06075864454770711,f5e1e82f993f1a740ce321dfde126266a65f1f4c7de640d5cfdcc04abbb1a104
cifar100_proser_fedavg__split09__seed4__d5.0,cifar100,d5,5,12,finite,6,8,4,energy,energy,0.3,2570,12850,279,1395,250,305,75,15,0.13725490196078433,0.13725490196078433,0.03293523071046198,0.08369633918412225,c94792a0750d447a5e8b025475feef344e9e700cfb8a19d585777f33093ca1de
cifar10_proser_fedavg__split00__seed0__d0.5,cifar10,d0.5,5,12,finite,4,5,1,proser,native,0.5,2570,7710,267,801,126,171,60,20,0.11904761904761904,0.10526315789473684,0.04331892654156557,0.06656047561030187,8db37f4545dbc22748381509d4d777919b9269349c602ce0b850735b0613d7e8
cifar10_proser_fedavg__split00__seed0__d5.0,cifar10,d5,5,12,finite,3,5,0,proser,native,0.3,2570,5140,389,778,138,166,54,27,0.13253012048192772,0.13253012048192772,0.04277821099841707,0.11222703792034991,c067715c94f0aa77a5fbd71148a802d89296249bc1edf6cb2ce4f326737031bc
cifar10_proser_fedavg__split00__seed1__d0.1,cifar10,d0.1,5,12,finite,2,2,10,margin,margin,0.7,2570,2570,308,308,44,85,23,23,0.0958904109589041,0.0,0.03675491786628349,0.06415062793101063,2799c1d8a633e63c3beaefffc771274ee042a569eb9596183a3c9f04549ad9be
cifar10_proser_fedavg__split00__seed2__d0.1,cifar10,d0.1,5,12,finite,3,4,0,proser,native,0.3,2570,5140,284,568,94,140,30,15,0.10638297872340426,0.10638297872340426,0.026779237846922183,0.07309701821763993,3ddfc6288fa7c2b0ba7c474a9bac2c67ab4f0cc188dfb72454b5599d43f49a9c
cifar10_proser_fedavg__split00__seed3__d0.1,cifar10,d0.1,5,12,finite,41,63,9,margin,margin,0.5,2570,102800,384,15360,2680,3560,1520,38,0.18055555555555555,0.1724137931034483,0.04879934480279994,0.12429552750815889,f74144f90499fa40b03b14b6b368e314db18937ce6b7d862551f73ad70564b40
cifar10_proser_fedavg__split00__seed3__d0.5,cifar10,d0.5,5,12,finite,2,2,1,proser,native,0.5,2570,2570,734,734,142,153,62,62,0.13286713286713286,0.05555555555555555,0.01577820638958347,0.24014869551545978,7b2cc6e234e8f3d1c2e62c00d5d601d5098d2774a16e37cda8b639fc2ae2b508
cifar10_proser_fedavg__split00__seed3__d5.0,cifar10,d5,5,12,finite,7,9,5,energy,energy,0.5,2570,15420,277,1662,228,402,126,21,0.13157894736842105,0.1,0.027842753976487836,0.06287893741336417,bd40f724b8f36ae2ebb9dc51d4111e8ba31ad53e3ef0ef9767f5e0e5dea9ae36
cifar10_proser_fedavg__split00__seed4__d0.1,cifar10,d0.1,5,12,finite,4,6,8,margin,margin,0.3,2570,7710,345,1035,138,261,78,26,0.13513513513513514,0.13513513513513514,0.028086838923883396,0.07365371135455295,285f4cbf8c7810000682fba50dcb20749c5862f690ce9bd146de20ca2654e34d
cifar10_proser_fedavg__split00__seed4__d0.5,cifar10,d0.5,5,12,finite,5,6,10,margin,margin,0.7,2570,10280,847,3388,640,748,436,109,0.1657754010695187,0.125,0.043217818365790486,0.2873796965995481,fa905be37d2373a6349920e1cbedaabb13ab0bcbc9bd2ec9d15c853ab03c4c82
cifar10_proser_fedavg__split00__seed4__d5.0,cifar10,d5,5,12,finite,4,5,5,energy,energy,0.5,2570,7710,455,1365,243,315,165,55,0.14285714285714285,0.13513513513513514,0.01789529960606084,0.1369971505732255,40673bd9c1b9fb564a9f0a8b7c21485513e442f2a585cb439f14daaa8620a709
cifar10_proser_fedavg__split01__seed0__d0.5,cifar10,d0.5,5,12,finite,6,8,8,margin,margin,0.3,2570,12850,142,710,110,165,50,10,0.12121212121212122,0.12121212121212122,0.02879480343484332,0.033767781019022315,6041ccbc25eb7aa200c1584be5b7b1381e55a126c5129c48f0de7ef3f94a5dcc
cifar10_proser_fedavg__split02__seed0__d0.5,cifar10,d0.5,5,12,finite,5,6,0,proser,native,0.3,2570,10280,93,372,64,88,20,5,0.09090909090909091,0.09090909090909091,0.018714273088435575,0.022810732470160702,306736809fd3819c09d73ac52c2977ccd376511829c38ace414bcaf8077ff372
cifar10_proser_fedavg__split02__seed0__d5.0,cifar10,d5,5,12,finite,2,3,10,margin,margin,0.7,2570,2570,1189,1189,223,256,146,146,0.1484375,0.13253012048192772,0.01574386348650299,0.39298991313693415,94d3228ebd5c273ff42bfb8d9fd727314c029c0f07dfbec24a97bd62540f7a2d
cifar10_proser_fedavg__split02__seed1__d0.1,cifar10,d0.1,5,12,finite,2,3,9,margin,margin,0.5,2570,2570,767,767,130,173,75,75,0.13690476190476192,0.1232876712328767,0.01993510271682102,0.21793914619354363,2d8a561c185129e48da2a26d44d9ee807d7fca3d6db9fd149d41ba22405581c8
cifar10_proser_fedavg__split02__seed1__d0.5,cifar10,d0.5,5,12,finite,3,4,10,margin,margin,0.7,2570,5140,843,1686,316,354,216,108,0.1518987341772152,0.07142857142857142,0.046499313123919285,0.2767352496542899,5ce460e62e81d79ac4efb3a850c2dd00674615961e6d1dff7bf3408a9f342e6d
cifar10_proser_fedavg__split02__seed1__d5.0,cifar10,d5,5,12,finite,2,2,6,energy,energy,0.7,2570,2570,1245,1245,232,261,170,170,0.15354330708661418,0.12903225806451613,0.04241477226516667,0.4102478530466698,849a084b52109451cf8e291e7e121f9b3eeb5f531af5adfb907b0ee1b275a312
cifar10_proser_fedavg__split02__seed2__d0.1,cifar10,d0.1,5,12,finite,4,6,1,proser,native,0.5,2570,7710,136,408,60,99,12,4,0.10344827586206896,0.10344827586206896,0.04938158679338535,0.02854258577110042,1ef8c00ffc8aeea14d128e61fcfe0e28c0909339c257ff710b080a8a0ee6481f
cifar10_proser_fedavg__split02__seed4__d0.1,cifar10,d0.1,5,12,finite,3,3,0,proser,native,0.3,2570,5140,144,288,48,68,10,5,0.06896551724137931,0.06896551724137931,0.0075579271918849765,0.03367541982234672,4c58a29ac35d7e52d9b22aca48a25b4fe1f14952e43d7740e5d32810f0852292
cifar10_proser_fedavg__split02__seed4__d0.5,cifar10,d0.5,5,12,finite,3,4,6,energy,energy,0.7,2570,5140,551,1102,210,242,132,66,0.13636363636363635,0.13636363636363635,0.019996118881131054,0.17786306031782292,4e0f0ceecdd5953a3879fd6aaa17076511f907e5d60f095b9e42e511023f8a6e
cifar10_proser_fedavg__split03__seed0__d0.5,cifar10,d0.5,5,12,finite,2,2,9,margin,margin,0.5,2570,2570,529,529,92,122,48,48,0.11956521739130435,0.08333333333333333,0.02498945598655383,0.14858273997596272,0f92bfa759bc7cd95202ddadc6e648a863d897e5a22f111270113e643f287922
cifar10_proser_fedavg__split03__seed1__d0.1,cifar10,d0.1,5,12,finite,2,3,1,proser,native,0.5,2570,2570,238,238,30,57,16,16,0.07407407407407407,0.07407407407407407,0.04719111694483933,0.040766087473655205,9ede4c2a19b9442ffe8e53a0ccdd48af47d97761e25fd33d625619ed5ca1b87a
cifar10_proser_fedavg__split03__seed3__d0.1,cifar10,d0.1,5,12,finite,2,2,0,proser,native,0.3,2570,2570,482,482,86,105,38,38,0.11956521739130435,0.10126582278481013,0.030542668428010233,0.13779408222639344,9cdbac5f95119c15950f9d30021d461504bb13c35d8e06b0c666b782e65af65e
cifar10_proser_fedavg__split03__seed4__d0.1,cifar10,d0.1,5,12,finite,3,3,1,proser,native,0.5,2570,5140,68,136,20,34,0,0,0.0,0.0,0.014855280471424558,0.011410217253235171,d3e7c1d2357fe3aee3c34010a86bbe296b5ce5223d3c4ab548bef95cf84d7a4f
cifar10_proser_fedavg__split04__seed0__d0.1,cifar10,d0.1,5,12,finite,3,4,4,energy,energy,0.3,2570,5140,163,326,46,98,14,7,0.08108108108108109,0.08108108108108109,0.02991262873848031,0.032019922577357966,648ca8a476e82c831e0314233358065066ed9de4d448f5d97fcf1eee1f7b1f6e
cifar10_proser_fedavg__split04__seed0__d0.5,cifar10,d0.5,5,12,finite,3,4,8,margin,margin,0.3,2570,5140,668,1336,222,316,98,49,0.13846153846153847,0.1375,0.011910606770739508,0.18894118800009432,53cc40acd638b71c1f0216350d8f47d119dc80f98a91ff0ec2cab85961f7466b
cifar10_proser_fedavg__split04__seed1__d0.1,cifar10,d0.1,5,12,finite,4,5,5,energy,energy,0.5,2570,7710,255,765,90,237,75,25,0.12658227848101267,0.10344827586206896,0.030247684208146657,0.045565492218629336,5c0e3b0db9d9249852cd9dd738875b08d68aef625a5dbc3d4d37b3827b05c512
cifar10_proser_fedavg__split04__seed2__d0.1,cifar10,d0.1,5,12,finite,4,4,8,margin,margin,0.3,2570,7710,103,309,48,78,9,3,0.07692307692307693,0.07692307692307693,0.012725804367174715,0.021924801157397953,5bd79567f380cb7aab7c66fc37031abd5f5250d0d29c6d06b01921e8ec49c83a
cifar10_proser_fedavg__split04__seed2__d0.5,cifar10,d0.5,5,12,finite,2,3,8,margin,margin,0.3,2570,2570,855,855,155,181,72,72,0.12903225806451613,0.12903225806451613,0.008345673549035388,0.26435006049230375,9541380ca68b81e8796e87a573cd6071448b1cecd43bb99063aaf90d612a55ec
cifar10_proser_fedavg__split04__seed3__d0.1,cifar10,d0.1,5,12,finite,3,4,4,energy,energy,0.3,2570,5140,226,452,66,108,34,17,0.11320754716981132,0.11320754716981132,0.03181252462885607,0.048839605516626014,53715837729c567425974775afc47f9dd52c2ecd5697af63e6f275afb09ff902
cifar10_proser_fedavg__split04__seed3__d0.5,cifar10,d0.5,5,12,finite,2,2,5,energy,energy,0.5,2570,2570,930,930,173,195,96,96,0.14285714285714285,0.125,0.02486758406663296,0.2980821212556611,d5a3449cc828ac80dd96e093c654bd5413bb55c564a00a18b001d979fd880240
cifar10_proser_fedavg__split05__seed0__d0.5,cifar10,d0.5,5,12,finite,15,23,9,margin,margin,0.5,2570,35980,316,4424,616,1022,476,34,0.16417910447761194,0.16417910447761194,0.0497245744006662,0.07740193466186279,452dbbb027bbfcc838f09f4ad8a14d3ae77a3896adbddf939590a0051afed815
cifar10_proser_fedavg__split05__seed1__d0.1,cifar10,d0.1,5,12,finite,4,5,6,energy,energy,0.7,2570,7710,640,1920,348,441,228,76,0.15126050420168066,0.14130434782608695,0.037196990324396384,0.2018059995277145,775712ac025ed38759f26db49163c50711015d31d17cba1e27f05f1da6a857c7
cifar10_proser_fedavg__split05__seed2__d0.1,cifar10,d0.1,5,12,finite,12,17,9,margin,margin,0.5,2570,28270,362,3982,671,946,407,37,0.16455696202531644,0.16455696202531644,0.036517104727707736,0.10804349587298052,92dee2c5994d3eafad49ae00d6be32b9d225fd4e9c4933d67e0bb5dfcab766c4
cifar10_proser_fedavg__split06__seed2__d0.1,cifar10,d0.1,5,12,finite,5,7,9,margin,margin,0.5,2570,10280,155,620,88,160,48,12,0.125,0.125,0.043545053247878635,0.03296710357459936,cd848fe3abcf9b81a2923a7a0fe76e9731c2aaadbb5ddd31bd38d8eb9fe36e04
cifar10_proser_fedavg__split06__seed3__d0.1,cifar10,d0.1,5,12,finite,3,3,10,margin,margin,0.7,2570,5140,657,1314,224,288,150,75,0.1388888888888889,0.1388888888888889,0.007199194340736384,0.19079078412305314,9e5cc4fe44291c236fa10ad7a45308c6f77807165dd416469000d6429b4f51bd
cifar10_proser_fedavg__split06__seed3__d5.0,cifar10,d5,5,12,finite,3,4,10,margin,margin,0.7,2570,5140,1216,2432,454,530,322,161,0.15546218487394958,0.15,0.015766185090950596,0.40818119148842585,5b4781868302ac6ffd05c7ec41882ffd16ca41183f5f823a5cd8f073e7a8e5a1
cifar10_proser_fedavg__split06__seed4__d0.5,cifar10,d0.5,5,12,finite,5,6,8,margin,margin,0.3,2570,10280,165,660,108,168,44,11,0.11428571428571428,0.11428571428571428,0.02259071549303967,0.04160074110942981,65439d7b2d419a0e54886b8203d3a16261394541040dbe482b06fb8cf7b5ebfc
cifar10_proser_fedavg__split06__seed4__d5.0,cifar10,d5,5,12,finite,6,8,1,proser,native,0.5,2570,12850,886,4430,725,1020,480,96,0.1657754010695187,0.16494845360824742,0.023420950513014425,0.260926974738655,c0ebd709b1c778625a6f437f2ca5643d3d000363ac2d96279b5841b19ed47991
cifar10_proser_fedavg__split07__seed0__d0.5,cifar10,d0.5,5,12,finite,3,4,5,energy,energy,0.5,2570,5140,555,1110,180,254,128,64,0.13934426229508196,0.11363636363636363,0.019422652602957818,0.1503257071018671,e70b0eb7574a0bb30c71c8e73bd0a71ea5869aa7b70147b4f46e01bd7ad6b1a4
cifar10_proser_fedavg__split07__seed0__d5.0,cifar10,d5,5,12,finite,2,3,1,proser,native,0.5,2570,2570,453,453,73,109,39,39,0.1095890410958904,0.1095890410958904,0.0320175354007788,0.11460989835240679,4198dff55fe3e7d125d04777b776bbecaf6f988b19bb1ecb99436134ef5d1ea4
cifar10_proser_fedavg__split07__seed1__d0.1,cifar10,d0.1,5,12,finite,7,10,9,margin,margin,0.5,2570,15420,280,1680,258,420,186,31,0.14545454545454545,0.14545454545454545,0.04185415099139252,0.07192430631441757,679f316f939bced4b74d8ba237bb6eb2a4b84a2f8e64235ad90deaef790940ea
cifar10_proser_fedavg__split07__seed1__d5.0,cifar10,d5,5,12,finite,2,2,5,energy,energy,0.5,2570,2570,208,208,30,61,8,8,0.08196721311475409,0.0,0.009095765552973986,0.040766087473655205,fd51c1e48b85455bd1cc80c9897b4aad4859710c685feeecf74a3b950572058a
cifar10_proser_fedavg__split07__seed2__d0.5,cifar10,d0.5,5,12,finite,5,8,5,energy,energy,0.5,2570,10280,537,2148,380,480,216,54,0.15517241379310345,0.14,0.0394771016610644,0.1650584571515822,014de517280bd28fc8071d3e9c393671ff993a4ebe64afb3f7950e14f60200f5
cifar10_proser_fedavg__split07__seed2__d5.0,cifar10,d5,5,12,finite,7,11,0,proser,native,0.3,2570,15420,242,1452,210,354,78,13,0.13953488372093023,0.13953488372093023,0.04912960807873407,0.057478995390806885,8fd0cfa2266d8b1cedbe921b27f6a71f4f295f035b3ad86aa403c74ddba4d476
cifar10_proser_fedavg__split07__seed3__d0.5,cifar10,d0.5,5,12,finite,5,5,0,proser,native,0.3,2570,10280,39,156,20,48,0,0,0.0,0.0,0.04533471823554856,0.005374992062653458,a9578d59c0ba828ebb189cab836cf425716ee37a7632295e25e96340c09985c7
cifar10_proser_fedavg__split07__seed3__d5.0,cifar10,d5,5,12,finite,3,5,2,proser,native,0.7,2570,5140,337,674,120,154,74,37,0.12987012987012986,0.0,0.04212954667954416,0.0961027096369762,aa94bc36a5ff4d98ada12a245f18b885484fc03efb9e9dc94e1ca7fa0fc27f11
cifar10_proser_fedavg__split07__seed4__d0.5,cifar10,d0.5,5,12,finite,4,6,0,proser,native,0.3,2570,7710,197,591,84,150,39,13,0.1111111111111111,0.1111111111111111,0.040114498673376825,0.04211859509849276,77caa60e2ddf232dc1cb824b6d47bb825c000d492d7bb8670a291de188ffcbaa
cifar10_proser_fedavg__split07__seed4__d5.0,cifar10,d5,5,12,finite,5,7,10,margin,margin,0.7,2570,10280,765,3060,560,636,400,100,0.1592356687898089,0.13953488372093023,0.02391192872075925,0.24947224077299773,925eec8f923c0057e39dcd27692b1e6b4c63f4e6aaf4bb3f41126109de4dada5
cifar10_proser_fedavg__split08__seed0__d0.5,cifar10,d0.5,5,12,finite,3,4,8,margin,margin,0.3,2570,5140,165,330,42,82,20,10,0.07894736842105263,0.07894736842105263,0.019049788922329128,0.028730931492244274,b66da9678b04b67fd5fda94922688ef46e3732f5d4f1769501de2989c8163fdd
cifar10_proser_fedavg__split08__seed0__d5.0,cifar10,d5,5,12,finite,6,8,0,proser,native,0.3,2570,12850,366,1830,315,405,180,36,0.14285714285714285,0.14285714285714285,0.029841100879959555,0.10744698758895017,3061112f73e2aa4c7eced1afb274bbe4c3ead1e8e7a4701779d806bb25d57ffe
cifar10_proser_fedavg__split08__seed1__d0.1,cifar10,d0.1,5,12,finite,3,4,8,margin,margin,0.3,2570,5140,264,528,80,124,34,17,0.10909090909090909,0.08333333333333333,0.03474231990046755,0.06088675695685423,903d457e1910a4e59b7109acd27596d225315f74adda7b8b7042ac64f1eb1967
cifar10_proser_fedavg__split08__seed1__d0.5,cifar10,d0.5,5,12,finite,3,5,9,margin,margin,0.5,2570,5140,243,486,68,124,46,23,0.11538461538461539,0.10344827586206896,0.04402262619160932,0.050548994034855126,77597de5e3827a31e5277b4e7114395a81c16ed9341edd606f5c0841aa8656fa
cifar10_proser_fedavg__split08__seed1__d5.0,cifar10,d5,5,12,finite,3,3,1,proser,native,0.5,2570,5140,367,734,128,162,54,27,0.11688311688311688,0.09523809523809523,0.006878869767272239,0.1032515428963312,2c55a0d7f8a8313f42707be42e45d9d6de00288713bcaa6ceda1bde81f2ae77a
cifar10_proser_fedavg__split08__seed2__d0.1,cifar10,d0.1,5,12,finite,7,11,6,energy,energy,0.7,2570,15420,419,2514,396,600,354,59,0.16,0.14634146341463414,0.04702431830936019,0.11407489902105498,f956fb8d6d8baadff99d18c9a4f06d564cbf6c8fba7fd18ba22594c2c67ae452
cifar10_proser_fedavg__split08__seed2__d0.5,cifar10,d0.5,5,12,finite,2,2,0,proser,native,0.3,2570,2570,121,121,19,30,1,1,0.038461538461538464,0.038461538461538464,0.010618722833732372,0.023222750554726317,e096523803f80bfee00496080f90c73a60e1a691ba78e1381333b260b15dbf9b
cifar10_proser_fedavg__split08__seed2__d5.0,cifar10,d5,5,12,finite,2,3,4,energy,energy,0.3,2570,2570,122,122,17,30,5,5,0.06666666666666667,0.06666666666666667,0.04719111694483933,0.02015802324678211,87ffebaf32838fc09495f08dc35031daf4932dde2341b98764f6c3f64b518a20
cifar10_proser_fedavg__split08__seed3__d0.1,cifar10,d0.1,5,12,finite,7,7,4,energy,energy,0.3,2570,15420,48,288,24,78,0,0,0.0,0.0,0.02321137573660087,0.004458802802988997,fa50a2eba88a74125b4c44e02497ee7affe7f5891debd76ff8ffff6b731519bd
cifar10_proser_fedavg__split08__seed3__d0.5,cifar10,d0.5,5,12,finite,4,4,0,proser,native,0.3,2570,7710,53,159,21,51,0,0,0.0,0.0,0.02321137573660087,0.00781189660588117,ecd4544a0d56bfbc0348653de819bd0e0950a1f903f588d18c27f194ffc47285
cifar10_proser_fedavg__split08__seed3__d5.0,cifar10,d5,5,12,finite,7,10,2,proser,native,0.7,2570,15420,348,2088,360,468,216,36,0.14925373134328357,0.14925373134328357,0.03339826599061681,0.10300861758589966,dc33c344f3f8d73c8096cca0af8e647d965a99c721d42b01165ca82bc41e19f7
cifar10_proser_fedavg__split08__seed4__d0.5,cifar10,d0.5,5,12,finite,2,3,9,margin,margin,0.5,2570,2570,290,290,49,66,25,25,0.10606060606060606,0.09375,0.035514501373532625,0.0726908453826119,7fa8a7c7126c5fca3e4c40b2af416d12aad9f8cf7989ffec8c0082ab98221328
cifar10_proser_fedavg__split08__seed4__d5.0,cifar10,d5,5,12,finite,3,4,6,energy,energy,0.7,2570,5140,459,918,146,214,100,50,0.13402061855670103,0.058823529411764705,0.02582335304402828,0.1194364709601758,09b9bda8207329d13e1d027f96dfa2e1b2bd8bca7ed8b1787ce4cf5952fa562a
cifar10_proser_fedavg__split09__seed0__d0.1,cifar10,d0.1,5,12,finite,9,9,4,energy,energy,0.3,2570,20560,29,232,24,64,0,0,0.0,0.0,0.029014219670751087,0.0033046322666986402,a2739a2ceca91ab1bedcfc130d6c9a571a0fb3666f0fb34b063b74ac081101f8
cifar10_proser_fedavg__split09__seed1__d0.1,cifar10,d0.1,5,12,finite,2,2,5,energy,energy,0.5,2570,2570,403,403,70,91,28,28,0.09411764705882353,0.0784313725490196,0.0021879723410802993,0.10930126602053516,d2c61e5e8384041ff1b664a2546a7dbb5466cd3c973d76167a2677552ac76dcd
cifar10_proser_fedavg__split09__seed2__d0.1,cifar10,d0.1,5,12,finite,4,6,1,proser,native,0.5,2570,7710,494,1482,261,336,129,43,0.14705882352941177,0.14705882352941177,0.04227219128812629,0.14802435442146072,c384c4c974a98c10f3193ba4491ec7a3158a52d39e559cdc147e78607965b5bf
cifar10_proser_fedavg__split09__seed2__d0.5,cifar10,d0.5,5,12,finite,2,2,4,energy,energy,0.3,2570,2570,135,135,17,38,1,1,0.02857142857142857,0.02857142857142857,0.006084722881095499,0.02015802324678211,c84fb89358dce7407df69999767f4f247a5a2033253a3e56dcdcb8264704da93
cifar10_proser_fedavg__split09__seed4__d0.5,cifar10,d0.5,5,12,finite,14,21,10,margin,margin,0.7,2570,33410,544,7072,1222,1547,832,64,0.1702127659574468,0.1702127659574468,0.04005870302372159,0.17101045296973302,8962922979efbfb632fbef249ba94ecf18cf68ae579cbcd4ff7fe91abe0bcf94
officehome_convnext_frozen__split03__seed1,officehome,frozen,4,12,finite,3,4,1,msp,native,0.5,3579,7158,773,1546,156,614,160,80,0.1282051282051282,0.1282051282051282,0.03205677534613963,0.10223169231568584,95d64332dd55a703de7a2abf05618cedeb2cd55863abcc0e8539f6dc71babfe9
officehome_convnext_frozen__split03__seed2,officehome,frozen,4,12,finite,2,2,1,msp,native,0.5,3579,3579,929,929,111,359,95,95,0.11711711711711711,0.09398496240601503,0.007531896559707279,0.11736445938955786,d5a4cd5dbce440fedca6f5e1cac16472ef48447995a6cb943e45411fa171433f
officehome_convnext_frozen__split03__seed3,officehome,frozen,4,12,finite,2,3,9,margin,margin,0.5,3579,3579,825,825,77,330,80,80,0.12811387900355872,0.056179775280898875,0.012631820081460719,0.11136959377880994,984a5add3b59f6c541794c46379382905bf7a7deff9e19ff3098eef8a9bdbb34
officehome_convnext_frozen__split06__seed0,officehome,frozen,4,12,finite,5,7,8,margin,margin,0.3,3572,14288,681,2724,272,1152,192,48,0.14457831325301204,0.13636363636363635,0.02576565479391689,0.07075030652650362,2ba8ad42cf9afbe8a49536386a9171b97950fe88f22d1be593602b116d4fd08e
officehome_convnext_frozen__split08__seed0,officehome,frozen,4,12,finite,2,2,8,margin,margin,0.3,3552,3552,582,582,77,228,39,39,0.08641975308641975,0.08641975308641975,0.0007705733038026769,0.06898328875567991,0d3e88071de369ba483b689b281344c8c0e5a692f766bc4a67db26e5d0c545a5
officehome_convnext_frozen__split08__seed1,officehome,frozen,4,12,finite,2,2,0,msp,native,0.3,3552,3552,539,539,59,222,50,50,0.0990990990990991,0.09777777777777778,0.002939191107614142,0.06423142612039075,a296a2ff56789b7fd132affdacc2ab96e213ed16170f8037b9d0f8affd767882
officehome_convnext_frozen__split08__seed2,officehome,frozen,4,12,finite,2,2,1,msp,native,0.5,3552,3552,836,836,94,314,102,102,0.1543859649122807,0.07920792079207921,0.02741720583006863,0.12914869885236627,8e35ee758c2231582e09609a4224780888de0c2311b6e41fd3b1cbcc3a7c8895
officehome_convnext_frozen__split08__seed3,officehome,frozen,4,12,finite,2,3,1,msp,native,0.5,3552,3552,816,816,121,296,106,106,0.1532258064516129,0.12571428571428572,0.03978717770300663,0.1370362601567445,2dc05860a8227f30c52df1da0ee0fef15efd92a06b6e5c88b903b76c96705128
officehome_convnext_frozen__split09__seed3,officehome,frozen,4,12,finite,2,3,0,msp,native,0.3,3542,3542,892,892,103,332,73,73,0.13533834586466165,0.12389380530973451,0.04276905351081475,0.11308196911381646,854cb9a6119503e83b2f0aaa206713a21bcd65ee41fe504a1450fa47530d3ca3
officehome_convnext_frozen__split09__seed4,officehome,frozen,4,12,finite,2,3,4,energy,energy,0.3,3542,3542,736,736,75,279,54,54,0.10666666666666667,0.10666666666666667,0.02022185005853265,0.059984199163047876,f03630d0e41aa6d1c679eca709996e2ca5294455459e31a8d73220ea812c8635
officehome_convnext_full__split04__seed3,officehome,full,4,12,finite,2,2,0,msp,native,0.3,3516,3516,526,526,47,201,31,31,0.08196721311475409,0.08196721311475409,0.002486853701398656,0.06766687378896843,f9714456ff2806ea5196a081db06387e1433edf3b9ad0ca54433c7e251862082
officehome_convnext_full__split04__seed4,officehome,full,4,12,finite,2,2,8,margin,margin,0.3,3516,3516,716,716,73,282,31,31,0.0958904109589041,0.0958904109589041,0.006381734811642807,0.11195627335987578,bee22efb6e3f02fe24f8bc6aea10910b732ea9e2f0ffe838a040eb8499e261bf
officehome_convnext_full__split06__seed0,officehome,full,4,12,finite,2,2,5,energy,energy,0.5,3572,3572,995,995,87,393,120,120,0.1272264631043257,0.1272264631043257,0.020960307276482074,0.1347878291419802,fd4319be6ababc40b4b498c5e2c57a57890e675090f6f4805e3711188b6c0d2c
officehome_convnext_full__split06__seed1,officehome,full,4,12,finite,2,2,9,margin,margin,0.5,3572,3572,1066,1066,122,406,136,136,0.14732142857142858,0.08333333333333333,0.02429675237181224,0.19358142022311478,08982eb5e34460ecaba8ae868b29fa58b3df1b1cf22debd9c3f78e728be392f8
officehome_convnext_full__split06__seed2,officehome,full,4,12,finite,3,3,0,msp,native,0.3,3572,7144,853,1706,128,668,202,101,0.1467065868263473,0.1467065868263473,0.006509865249258302,0.09971867711203011,f9e8491acb200364ea1665e7e0a9030cc2315ae383600321dea8f1b6c995fb3e
officehome_convnext_full__split06__seed3,officehome,full,4,12,finite,2,2,1,msp,native,0.5,3572,3572,1154,1154,117,408,147,147,0.15223097112860892,0.10158730158730159,0.0040447681861044745,0.187336223562316,05cb03cb1ec7a55b5996c7dec1f6e73d046cfdc68100d509dda53618a7946309
officehome_convnext_full__split07__seed2,officehome,full,4,12,finite,2,2,10,margin,margin,0.7,3553,3553,1294,1294,136,425,174,174,0.16012084592145015,0.07462686567164178,0.04520559346199638,0.20867637478268727,2628c4c3b9c16140b7b7f230034970b8eb366a6f4ddd6663a6674b994cf6f938
officehome_convnext_full__split08__seed0,officehome,full,4,12,finite,5,7,8,margin,margin,0.3,3552,14208,454,1816,204,632,204,51,0.16,0.16,0.035058148030881905,0.0815401342093016,adc69306c414ecf5a19bb69c804fa8b179aea22a6e6f72dc7f4950313c8cf8d4
officehome_convnext_full__split08__seed1,officehome,full,4,12,finite,3,3,8,margin,margin,0.3,3552,7104,623,1246,128,458,130,65,0.1477832512315271,0.13829787234042554,0.007093934831779144,0.09990859066402706,ccdd62cc18af89b972752446ed1deccb7f9b63353b1a57f78f405c7ae3900eed
officehome_convnext_full__split08__seed2,officehome,full,4,12,finite,2,3,9,margin,margin,0.5,3552,3552,871,871,93,332,99,99,0.12890625,0.12890625,0.027132726456887225,0.14548813150716808,7a389732fa46112106f235f340ff6c3130fb042f9d6b9faeaba061f3b4f2cee1
officehome_convnext_full__split08__seed3,officehome,full,4,12,finite,9,14,4,energy,energy,0.3,3552,28416,713,5704,648,2008,688,86,0.16049382716049382,0.16049382716049382,0.0440767767059285,0.1390846007347551,7f02964d4e1c7aea72add1d919064d8a7c9d15dd20b60991a4682bc7ef49af5a
resnext29_8x64d__pathmnist_split_01__seed1__d5.0,pathmnist,d5,5,12,finite,2,3,5,energy,energy,0.5,1996,1996,1260,1260,245,263,135,135,0.1450980392156863,0.10810810810810811,0.009781915145199244,0.5673344702536003,2758a099821753caa5d19c437230c658a2c7c6e1904b6cd90f6015672010099b
resnext29_8x64d__pathmnist_split_01__seed2__d5.0,pathmnist,d5,5,12,finite,3,5,9,margin,margin,0.5,1996,3992,1136,2272,430,496,216,108,0.16129032258064516,0.16129032258064516,0.04800458504821352,0.5003181210397418,7dbf74d972a20093f4a451511cf16afbd5dbc524283d0d7221343e169ad36046
resnext29_8x64d__pathmnist_split_01__seed3__d0.5,pathmnist,d0.5,5,12,finite,2,2,5,energy,energy,0.5,1996,1996,892,892,166,201,111,111,0.13432835820895522,0.13432835820895522,0.0073159131658351965,0.3700282527570415,642cf35641f9ffd69f85edadbd6541d51ebcc0667b46c51963661ae92c2d33e0
resnext29_8x64d__pathmnist_split_01__seed3__d5.0,pathmnist,d5,5,12,finite,2,3,1,msp,native,0.5,1996,1996,1050,1050,202,218,126,126,0.14883720930232558,0.14883720930232558,0.04533945296997202,0.45782717301441755,95fcab2bb259a45a97bf7e338bc2b1dc429028bf0cc18408459c74ea5c991fd4
resnext29_8x64d__pathmnist_split_01__seed4__d5.0,pathmnist,d5,5,12,finite,2,2,1,msp,native,0.5,1996,1996,1210,1210,228,266,119,119,0.14285714285714285,0.13733905579399142,0.008347007072707281,0.5242498888407731,0f3357ed7d89e1b396d062188707a05bf6b09f7adc731d5dc0b9734cf20cf71e
resnext29_8x64d__pathmnist_split_02__seed2__d0.5,pathmnist,d0.5,5,12,finite,2,2,4,energy,energy,0.3,2105,2105,586,586,100,128,53,53,0.11016949152542373,0.11016949152542373,0.00201347928128351,0.19989887543024554,30b67318e8e237e4c31bb6fc51dc1aaffe61ea1b5a8334fdf6a1050d1d587831
resnext29_8x64d__pathmnist_split_03__seed0__d0.5,pathmnist,d0.5,5,12,finite,2,3,5,energy,energy,0.5,2089,2089,665,665,126,142,71,71,0.12403100775193798,0.12403100775193798,0.010720512373691187,0.2609027344862374,1e1e7d2a6ea47431f8b73d573b36806e555d5701ceb3d7e27204985da7aec54e
resnext29_8x64d__pathmnist_split_03__seed0__d5.0,pathmnist,d5,5,12,finite,2,3,1,msp,native,0.5,2089,2089,690,690,126,160,64,64,0.1375,0.12837837837837837,0.025455310842139943,0.25962243603588064,be47f37ef101291b9056fbdb2f982a6803f3dfb1131cdb68b79950e1f5193ae3
resnext29_8x64d__pathmnist_split_03__seed1__d0.5,pathmnist,d0.5,5,12,finite,3,3,9,margin,margin,0.5,2089,4178,767,1534,268,348,144,72,0.1417910447761194,0.125,0.016765667955573493,0.2854800580199983,acd6f9b6565f44b9685cec8b7d763aeb6e38c0239fe51f342b493b8442a287d9
resnext29_8x64d__pathmnist_split_03__seed1__d5.0,pathmnist,d5,5,12,finite,2,2,1,msp,native,0.5,2089,2089,889,889,151,208,79,79,0.1390728476821192,0.08571428571428572,0.03404640254043539,0.3169739245021809,45a2ccc21781e67436668498a70d8a2d796814ccd2146667c2351e856636768a
resnext29_8x64d__pathmnist_split_03__seed2__d5.0,pathmnist,d5,5,12,finite,2,2,1,msp,native,0.5,2089,2089,518,518,95,109,42,42,0.11578947368421053,0.102803738317757,0.014670297198462308,0.18969965125687488,ce42922ba7adf9a3b079f9e19ac293497e6b40c8f043ceae2d2f86a59a110fc5
resnext29_8x64d__pathmnist_split_03__seed3__d0.5,pathmnist,d0.5,5,12,finite,2,2,1,msp,native,0.5,2089,2089,391,391,53,98,28,28,0.10126582278481013,0.1,0.007808153879983273,0.09790033191837792,b98f7de4c4657bf354b702fb2d923ab396ece80de9d77ef925ef27aa5cdb8090
resnext29_8x64d__pathmnist_split_03__seed3__d5.0,pathmnist,d5,5,12,finite,2,3,0,msp,native,0.3,2089,2089,238,238,36,58,8,8,0.10344827586206896,0.10344827586206896,0.04938158679338535,0.06230713445821119,fc9829a2519e28c739085065fc2a04abde3abe902a1d30df5e5227e2e079093a
resnext29_8x64d__pathmnist_split_04__seed0__d5.0,pathmnist,d5,5,12,structural-infinity-at-fixed-rates,,,,,,,2150,,,,,,,,,0.2,,,fcb487750462a52f91e027bc2fae632195cd5a070ac477a1c3dc5d855d4da323
